-6000	-6000	0	0.771828
-6000	-5838.38	0	0.780484
-6000	-5676.77	0	0.789193
-6000	-5515.15	0	0.797939
-6000	-5353.54	0	0.806703
-6000	-5191.92	0	0.815464
-6000	-5030.3	0	0.824198
-6000	-4868.69	0	0.83288
-6000	-4707.07	0	0.84148
-6000	-4545.45	0	0.849967
-6000	-4383.84	0	0.858307
-6000	-4222.22	0	0.866461
-6000	-4060.61	0	0.87439
-6000	-3898.99	0	0.88205
-6000	-3737.37	0	0.889394
-6000	-3575.76	0	0.896373
-6000	-3414.14	0	0.902934
-6000	-3252.53	0	0.909024
-6000	-3090.91	0	0.914586
-6000	-2929.29	0	0.919563
-6000	-2767.68	0	0.923894
-6000	-2606.06	0	0.927521
-6000	-2444.44	0	0.930384
-6000	-2282.83	0	0.932426
-6000	-2121.21	0	0.93359
-6000	-1959.6	0	0.933822
-6000	-1797.98	0	0.933075
-6000	-1636.36	0	0.931302
-6000	-1474.75	0	0.928467
-6000	-1313.13	0	0.924537
-6000	-1151.52	0	0.91949
-6000	-989.899	0	0.913312
-6000	-828.283	0	0.905997
-6000	-666.667	0	0.89755
-6000	-505.051	0	0.887988
-6000	-343.434	0	0.877337
-6000	-181.818	0	0.865635
-6000	-20.202	0	0.852928
-6000	141.414	0	0.839273
-6000	303.03	0	0.824738
-6000	464.646	0	0.809397
-6000	626.263	0	0.79333
-6000	787.879	0	0.776624
-6000	949.495	0	0.759371
-6000	1111.11	0	0.741665
-6000	1272.73	0	0.7236
-6000	1434.34	0	0.705273
-6000	1595.96	0	0.686778
-6000	1757.58	0	0.668207
-6000	1919.19	0	0.649647
-6000	2080.81	0	0.631182
-6000	2242.42	0	0.612891
-6000	2404.04	0	0.594846
-6000	2565.66	0	0.591495
-6000	2727.27	0	0.609487
-6000	2888.89	0	0.627737
-6000	3050.51	0	0.646175
-6000	3212.12	0	0.664723
-6000	3373.74	0	0.683299
-6000	3535.35	0	0.701815
-6000	3696.97	0	0.720181
-6000	3858.59	0	0.738302
-6000	4020.2	0	0.756083
-6000	4181.82	0	0.773428
-6000	4343.43	0	0.790243
-6000	4505.05	0	0.806437
-6000	4666.67	0	0.821921
-6000	4828.28	0	0.836613
-6000	4989.9	0	0.850438
-6000	5151.52	0	0.863327
-6000	5313.13	0	0.875222
-6000	5474.75	0	0.886073
-6000	5636.36	0	0.895841
-6000	5797.98	0	0.904499
-6000	5959.6	0	0.912027
-6000	6121.21	0	0.918418
-6000	6282.83	0	0.923677
-6000	6444.44	0	0.927814
-6000	6606.06	0	0.930853
-6000	6767.68	0	0.932822
-6000	6929.29	0	0.933758
-6000	7090.91	0	0.933706
-6000	7252.53	0	0.932713
-6000	7414.14	0	0.930832
-6000	7575.76	0	0.928118
-6000	7737.37	0	0.92463
-6000	7898.99	0	0.920426
-6000	8060.61	0	0.915566
-6000	8222.22	0	0.910109
-6000	8383.84	0	0.904114
-6000	8545.45	0	0.897636
-6000	8707.07	0	0.890732
-6000	8868.69	0	0.883452
-6000	9030.3	0	0.875848
-6000	9191.92	0	0.867967
-6000	9353.54	0	0.859851
-6000	9515.15	0	0.851543
-6000	9676.77	0	0.843081
-6000	9838.38	0	0.834499
-6000	10000	0	0.825831
-5838.38	-6000	0	0.780484
-5838.38	-5838.38	0	0.789628
-5838.38	-5676.77	0	0.798849
-5838.38	-5515.15	0	0.808129
-5838.38	-5353.54	0	0.817451
-5838.38	-5191.92	0	0.826794
-5838.38	-5030.3	0	0.836133
-5838.38	-4868.69	0	0.845442
-5838.38	-4707.07	0	0.854691
-5838.38	-4545.45	0	0.863847
-5838.38	-4383.84	0	0.872874
-5838.38	-4222.22	0	0.881733
-5838.38	-4060.61	0	0.890381
-5838.38	-3898.99	0	0.89877
-5838.38	-3737.37	0	0.906852
-5838.38	-3575.76	0	0.914572
-5838.38	-3414.14	0	0.921874
-5838.38	-3252.53	0	0.928699
-5838.38	-3090.91	0	0.934984
-5838.38	-2929.29	0	0.940664
-5838.38	-2767.68	0	0.945675
-5838.38	-2606.06	0	0.949949
-5838.38	-2444.44	0	0.953419
-5838.38	-2282.83	0	0.956019
-5838.38	-2121.21	0	0.957685
-5838.38	-1959.6	0	0.958355
-5838.38	-1797.98	0	0.957971
-5838.38	-1636.36	0	0.956482
-5838.38	-1474.75	0	0.953843
-5838.38	-1313.13	0	0.950015
-5838.38	-1151.52	0	0.944969
-5838.38	-989.899	0	0.938686
-5838.38	-828.283	0	0.931159
-5838.38	-666.667	0	0.922391
-5838.38	-505.051	0	0.912398
-5838.38	-343.434	0	0.901207
-5838.38	-181.818	0	0.888859
-5838.38	-20.202	0	0.875406
-5838.38	141.414	0	0.860911
-5838.38	303.03	0	0.845448
-5838.38	464.646	0	0.829101
-5838.38	626.263	0	0.81196
-5838.38	787.879	0	0.794123
-5838.38	949.495	0	0.775693
-5838.38	1111.11	0	0.756775
-5838.38	1272.73	0	0.737477
-5838.38	1434.34	0	0.717905
-5838.38	1595.96	0	0.698165
-5838.38	1757.58	0	0.678359
-5838.38	1919.19	0	0.658585
-5838.38	2080.81	0	0.638935
-5838.38	2242.42	0	0.619496
-5838.38	2404.04	0	0.600345
-5838.38	2565.66	0	0.596792
-5838.38	2727.27	0	0.61588
-5838.38	2888.89	0	0.635272
-5838.38	3050.51	0	0.654889
-5838.38	3212.12	0	0.674646
-5838.38	3373.74	0	0.694454
-5838.38	3535.35	0	0.714214
-5838.38	3696.97	0	0.733825
-5838.38	3858.59	0	0.753182
-5838.38	4020.2	0	0.77218
-5838.38	4181.82	0	0.790709
-5838.38	4343.43	0	0.808665
-5838.38	4505.05	0	0.825944
-5838.38	4666.67	0	0.842448
-5838.38	4828.28	0	0.858083
-5838.38	4989.9	0	0.872765
-5838.38	5151.52	0	0.886419
-5838.38	5313.13	0	0.898979
-5838.38	5474.75	0	0.91039
-5838.38	5636.36	0	0.92061
-5838.38	5797.98	0	0.929609
-5838.38	5959.6	0	0.93737
-5838.38	6121.21	0	0.943885
-5838.38	6282.83	0	0.949162
-5838.38	6444.44	0	0.953217
-5838.38	6606.06	0	0.956076
-5838.38	6767.68	0	0.957778
-5838.38	6929.29	0	0.958365
-5838.38	7090.91	0	0.957888
-5838.38	7252.53	0	0.956404
-5838.38	7414.14	0	0.953975
-5838.38	7575.76	0	0.950663
-5838.38	7737.37	0	0.946535
-5838.38	7898.99	0	0.941657
-5838.38	8060.61	0	0.936097
-5838.38	8222.22	0	0.92992
-5838.38	8383.84	0	0.923192
-5838.38	8545.45	0	0.915975
-5838.38	8707.07	0	0.908329
-5838.38	8868.69	0	0.900311
-5838.38	9030.3	0	0.891975
-5838.38	9191.92	0	0.883372
-5838.38	9353.54	0	0.87455
-5838.38	9515.15	0	0.865551
-5838.38	9676.77	0	0.856416
-5838.38	9838.38	0	0.847181
-5838.38	10000	0	0.837881
-5676.77	-6000	0	0.789193
-5676.77	-5838.38	0	0.798849
-5676.77	-5676.77	0	0.808606
-5676.77	-5515.15	0	0.818451
-5676.77	-5353.54	0	0.828363
-5676.77	-5191.92	0	0.838322
-5676.77	-5030.3	0	0.848304
-5676.77	-4868.69	0	0.858282
-5676.77	-4707.07	0	0.868226
-5676.77	-4545.45	0	0.878101
-5676.77	-4383.84	0	0.88787
-5676.77	-4222.22	0	0.897492
-5676.77	-4060.61	0	0.906921
-5676.77	-3898.99	0	0.916106
-5676.77	-3737.37	0	0.924996
-5676.77	-3575.76	0	0.933532
-5676.77	-3414.14	0	0.941653
-5676.77	-3252.53	0	0.949293
-5676.77	-3090.91	0	0.956384
-5676.77	-2929.29	0	0.962855
-5676.77	-2767.68	0	0.968632
-5676.77	-2606.06	0	0.97364
-5676.77	-2444.44	0	0.977804
-5676.77	-2282.83	0	0.981047
-5676.77	-2121.21	0	0.983296
-5676.77	-1959.6	0	0.984481
-5676.77	-1797.98	0	0.984533
-5676.77	-1636.36	0	0.983393
-5676.77	-1474.75	0	0.981004
-5676.77	-1313.13	0	0.977323
-5676.77	-1151.52	0	0.972312
-5676.77	-989.899	0	0.965949
-5676.77	-828.283	0	0.958219
-5676.77	-666.667	0	0.949125
-5676.77	-505.051	0	0.938681
-5676.77	-343.434	0	0.926917
-5676.77	-181.818	0	0.913876
-5676.77	-20.202	0	0.899616
-5676.77	141.414	0	0.884207
-5676.77	303.03	0	0.867732
-5676.77	464.646	0	0.850283
-5676.77	626.263	0	0.831965
-5676.77	787.879	0	0.812887
-5676.77	949.495	0	0.793164
-5676.77	1111.11	0	0.772916
-5676.77	1272.73	0	0.752264
-5676.77	1434.34	0	0.731328
-5676.77	1595.96	0	0.710225
-5676.77	1757.58	0	0.689069
-5676.77	1919.19	0	0.66797
-5676.77	2080.81	0	0.64703
-5676.77	2242.42	0	0.626343
-5676.77	2404.04	0	0.605995
-5676.77	2565.66	0	0.602224
-5676.77	2727.27	0	0.6225
-5676.77	2888.89	0	0.643129
-5676.77	3050.51	0	0.664029
-5676.77	3212.12	0	0.685106
-5676.77	3373.74	0	0.706259
-5676.77	3535.35	0	0.72738
-5676.77	3696.97	0	0.748357
-5676.77	3858.59	0	0.769071
-5676.77	4020.2	0	0.789404
-5676.77	4181.82	0	0.809234
-5676.77	4343.43	0	0.828442
-5676.77	4505.05	0	0.846912
-5676.77	4666.67	0	0.864531
-5676.77	4828.28	0	0.881196
-5676.77	4989.9	0	0.896812
-5676.77	5151.52	0	0.911294
-5676.77	5313.13	0	0.924568
-5676.77	5474.75	0	0.936575
-5676.77	5636.36	0	0.947269
-5676.77	5797.98	0	0.956617
-5676.77	5959.6	0	0.964603
-5676.77	6121.21	0	0.971223
-5676.77	6282.83	0	0.976485
-5676.77	6444.44	0	0.980414
-5676.77	6606.06	0	0.983041
-5676.77	6767.68	0	0.984412
-5676.77	6929.29	0	0.984579
-5676.77	7090.91	0	0.983602
-5676.77	7252.53	0	0.981547
-5676.77	7414.14	0	0.978484
-5676.77	7575.76	0	0.974487
-5676.77	7737.37	0	0.969632
-5676.77	7898.99	0	0.963993
-5676.77	8060.61	0	0.957647
-5676.77	8222.22	0	0.950666
-5676.77	8383.84	0	0.943124
-5676.77	8545.45	0	0.935088
-5676.77	8707.07	0	0.926625
-5676.77	8868.69	0	0.917798
-5676.77	9030.3	0	0.908663
-5676.77	9191.92	0	0.899276
-5676.77	9353.54	0	0.889687
-5676.77	9515.15	0	0.879942
-5676.77	9676.77	0	0.870084
-5676.77	9838.38	0	0.86015
-5676.77	10000	0	0.850176
-5515.15	-6000	0	0.797939
-5515.15	-5838.38	0	0.808129
-5515.15	-5676.77	0	0.818451
-5515.15	-5515.15	0	0.828888
-5515.15	-5353.54	0	0.839423
-5515.15	-5191.92	0	0.850035
-5515.15	-5030.3	0	0.860701
-5515.15	-4868.69	0	0.871392
-5515.15	-4707.07	0	0.882079
-5515.15	-4545.45	0	0.892726
-5515.15	-4383.84	0	0.903295
-5515.15	-4222.22	0	0.913742
-5515.15	-4060.61	0	0.924018
-5515.15	-3898.99	0	0.934073
-5515.15	-3737.37	0	0.943848
-5515.15	-3575.76	0	0.953281
-5515.15	-3414.14	0	0.962307
-5515.15	-3252.53	0	0.970852
-5515.15	-3090.91	0	0.978844
-5515.15	-2929.29	0	0.986201
-5515.15	-2767.68	0	0.992843
-5515.15	-2606.06	0	0.998684
-5515.15	-2444.44	0	1.00364
-5515.15	-2282.83	0	1.00762
-5515.15	-2121.21	0	1.01055
-5515.15	-1959.6	0	1.01234
-5515.15	-1797.98	0	1.01291
-5515.15	-1636.36	0	1.0122
-5515.15	-1474.75	0	1.01013
-5515.15	-1313.13	0	1.00665
-5515.15	-1151.52	0	1.00172
-5515.15	-989.899	0	0.995301
-5515.15	-828.283	0	0.987383
-5515.15	-666.667	0	0.977961
-5515.15	-505.051	0	0.967049
-5515.15	-343.434	0	0.954677
-5515.15	-181.818	0	0.940892
-5515.15	-20.202	0	0.925757
-5515.15	141.414	0	0.909352
-5515.15	303.03	0	0.891769
-5515.15	464.646	0	0.873113
-5515.15	626.263	0	0.8535
-5515.15	787.879	0	0.833056
-5515.15	949.495	0	0.81191
-5515.15	1111.11	0	0.790198
-5515.15	1272.73	0	0.768056
-5515.15	1434.34	0	0.745619
-5515.15	1595.96	0	0.72302
-5515.15	1757.58	0	0.700387
-5515.15	1919.19	0	0.67784
-5515.15	2080.81	0	0.655492
-5515.15	2242.42	0	0.633449
-5515.15	2404.04	0	0.611804
-5515.15	2565.66	0	0.607796
-5515.15	2727.27	0	0.629357
-5515.15	2888.89	0	0.651333
-5515.15	3050.51	0	0.673631
-5515.15	3212.12	0	0.696149
-5515.15	3373.74	0	0.718775
-5515.15	3535.35	0	0.74139
-5515.15	3696.97	0	0.763867
-5515.15	3858.59	0	0.786075
-5515.15	4020.2	0	0.807878
-5515.15	4181.82	0	0.82914
-5515.15	4343.43	0	0.849726
-5515.15	4505.05	0	0.869505
-5515.15	4666.67	0	0.888349
-5515.15	4828.28	0	0.906142
-5515.15	4989.9	0	0.922776
-5515.15	5151.52	0	0.938155
-5515.15	5313.13	0	0.952198
-5515.15	5474.75	0	0.964839
-5515.15	5636.36	0	0.976028
-5515.15	5797.98	0	0.985731
-5515.15	5959.6	0	0.993931
-5515.15	6121.21	0	1.00063
-5515.15	6282.83	0	1.00584
-5515.15	6444.44	0	1.00958
-5515.15	6606.06	0	1.01191
-5515.15	6767.68	0	1.01288
-5515.15	6929.29	0	1.01254
-5515.15	7090.91	0	1.01098
-5515.15	7252.53	0	1.00826
-5515.15	7414.14	0	1.00446
-5515.15	7575.76	0	0.999684
-5515.15	7737.37	0	0.994002
-5515.15	7898.99	0	0.987503
-5515.15	8060.61	0	0.980274
-5515.15	8222.22	0	0.972395
-5515.15	8383.84	0	0.963948
-5515.15	8545.45	0	0.955007
-5515.15	8707.07	0	0.945645
-5515.15	8868.69	0	0.935929
-5515.15	9030.3	0	0.925922
-5515.15	9191.92	0	0.915683
-5515.15	9353.54	0	0.905264
-5515.15	9515.15	0	0.894715
-5515.15	9676.77	0	0.88408
-5515.15	9838.38	0	0.873397
-5515.15	10000	0	0.862704
-5353.54	-6000	0	0.806703
-5353.54	-5838.38	0	0.817451
-5353.54	-5676.77	0	0.828363
-5353.54	-5515.15	0	0.839423
-5353.54	-5353.54	0	0.850614
-5353.54	-5191.92	0	0.861917
-5353.54	-5030.3	0	0.873308
-5353.54	-4868.69	0	0.884759
-5353.54	-4707.07	0	0.89624
-5353.54	-4545.45	0	0.907715
-5353.54	-4383.84	0	0.919145
-5353.54	-4222.22	0	0.930483
-5353.54	-4060.61	0	0.941681
-5353.54	-3898.99	0	0.952683
-5353.54	-3737.37	0	0.963427
-5353.54	-3575.76	0	0.973847
-5353.54	-3414.14	0	0.983872
-5353.54	-3252.53	0	0.993424
-5353.54	-3090.91	0	1.00242
-5353.54	-2929.29	0	1.01077
-5353.54	-2767.68	0	1.01839
-5353.54	-2606.06	0	1.02518
-5353.54	-2444.44	0	1.03104
-5353.54	-2282.83	0	1.03588
-5353.54	-2121.21	0	1.03959
-5353.54	-1959.6	0	1.04209
-5353.54	-1797.98	0	1.04329
-5353.54	-1636.36	0	1.04308
-5353.54	-1474.75	0	1.04141
-5353.54	-1313.13	0	1.0382
-5353.54	-1151.52	0	1.03341
-5353.54	-989.899	0	1.02697
-5353.54	-828.283	0	1.01889
-5353.54	-666.667	0	1.00914
-5353.54	-505.051	0	0.997742
-5353.54	-343.434	0	0.984725
-5353.54	-181.818	0	0.97014
-5353.54	-20.202	0	0.954058
-5353.54	141.414	0	0.936565
-5353.54	303.03	0	0.917766
-5353.54	464.646	0	0.897782
-5353.54	626.263	0	0.876742
-5353.54	787.879	0	0.85479
-5353.54	949.495	0	0.832072
-5353.54	1111.11	0	0.808744
-5353.54	1272.73	0	0.784958
-5353.54	1434.34	0	0.760869
-5353.54	1595.96	0	0.736624
-5353.54	1757.58	0	0.712368
-5353.54	1919.19	0	0.688234
-5353.54	2080.81	0	0.66435
-5353.54	2242.42	0	0.640829
-5353.54	2404.04	0	0.617775
-5353.54	2565.66	0	0.613512
-5353.54	2727.27	0	0.636468
-5353.54	2888.89	0	0.659909
-5353.54	3050.51	0	0.683733
-5353.54	3212.12	0	0.707829
-5353.54	3373.74	0	0.732073
-5353.54	3535.35	0	0.75633
-5353.54	3696.97	0	0.78046
-5353.54	3858.59	0	0.804314
-5353.54	4020.2	0	0.82774
-5353.54	4181.82	0	0.850584
-5353.54	4343.43	0	0.872691
-5353.54	4505.05	0	0.893913
-5353.54	4666.67	0	0.914106
-5353.54	4828.28	0	0.933136
-5353.54	4989.9	0	0.950882
-5353.54	5151.52	0	0.967236
-5353.54	5313.13	0	0.982108
-5353.54	5474.75	0	0.995423
-5353.54	5636.36	0	1.00713
-5353.54	5797.98	0	1.01719
-5353.54	5959.6	0	1.02558
-5353.54	6121.21	0	1.03232
-5353.54	6282.83	0	1.03743
-5353.54	6444.44	0	1.04093
-5353.54	6606.06	0	1.04288
-5353.54	6767.68	0	1.04336
-5353.54	6929.29	0	1.04242
-5353.54	7090.91	0	1.04016
-5353.54	7252.53	0	1.03666
-5353.54	7414.14	0	1.03203
-5353.54	7575.76	0	1.02635
-5353.54	7737.37	0	1.01973
-5353.54	7898.99	0	1.01226
-5353.54	8060.61	0	1.00404
-5353.54	8222.22	0	0.995155
-5353.54	8383.84	0	0.985702
-5353.54	8545.45	0	0.975759
-5353.54	8707.07	0	0.965407
-5353.54	8868.69	0	0.954719
-5353.54	9030.3	0	0.94376
-5353.54	9191.92	0	0.932595
-5353.54	9353.54	0	0.921279
-5353.54	9515.15	0	0.909863
-5353.54	9676.77	0	0.898393
-5353.54	9838.38	0	0.88691
-5353.54	10000	0	0.875451
-5191.92	-6000	0	0.815464
-5191.92	-5838.38	0	0.826794
-5191.92	-5676.77	0	0.838322
-5191.92	-5515.15	0	0.850035
-5191.92	-5353.54	0	0.861917
-5191.92	-5191.92	0	0.873949
-5191.92	-5030.3	0	0.886107
-5191.92	-4868.69	0	0.898367
-5191.92	-4707.07	0	0.910695
-5191.92	-4545.45	0	0.923058
-5191.92	-4383.84	0	0.935413
-5191.92	-4222.22	0	0.947715
-5191.92	-4060.61	0	0.959912
-5191.92	-3898.99	0	0.971945
-5191.92	-3737.37	0	0.98375
-5191.92	-3575.76	0	0.995256
-5191.92	-3414.14	0	1.00638
-5191.92	-3252.53	0	1.01705
-5191.92	-3090.91	0	1.02717
-5191.92	-2929.29	0	1.03664
-5191.92	-2767.68	0	1.04536
-5191.92	-2606.06	0	1.05322
-5191.92	-2444.44	0	1.06012
-5191.92	-2282.83	0	1.06594
-5191.92	-2121.21	0	1.07057
-5191.92	-1959.6	0	1.07391
-5191.92	-1797.98	0	1.07584
-5191.92	-1636.36	0	1.07626
-5191.92	-1474.75	0	1.07508
-5191.92	-1313.13	0	1.07223
-5191.92	-1151.52	0	1.06763
-5191.92	-989.899	0	1.06123
-5191.92	-828.283	0	1.05301
-5191.92	-666.667	0	1.04294
-5191.92	-505.051	0	1.03104
-5191.92	-343.434	0	1.01734
-5191.92	-181.818	0	1.00189
-5191.92	-20.202	0	0.98478
-5191.92	141.414	0	0.966097
-5191.92	303.03	0	0.945962
-5191.92	464.646	0	0.924511
-5191.92	626.263	0	0.901894
-5191.92	787.879	0	0.878272
-5191.92	949.495	0	0.853815
-5191.92	1111.11	0	0.828696
-5191.92	1272.73	0	0.803093
-5191.92	1434.34	0	0.777177
-5191.92	1595.96	0	0.751117
-5191.92	1757.58	0	0.725075
-5191.92	1919.19	0	0.699201
-5191.92	2080.81	0	0.673634
-5191.92	2242.42	0	0.648502
-5191.92	2404.04	0	0.623916
-5191.92	2565.66	0	0.619375
-5191.92	2727.27	0	0.643847
-5191.92	2888.89	0	0.668885
-5191.92	3050.51	0	0.69438
-5191.92	3212.12	0	0.720206
-5191.92	3373.74	0	0.746228
-5191.92	3535.35	0	0.772297
-5191.92	3696.97	0	0.798252
-5191.92	3858.59	0	0.823927
-5191.92	4020.2	0	0.84915
-5191.92	4181.82	0	0.873744
-5191.92	4343.43	0	0.897536
-5191.92	4505.05	0	0.920355
-5191.92	4666.67	0	0.942036
-5191.92	4828.28	0	0.962429
-5191.92	4989.9	0	0.981393
-5191.92	5151.52	0	0.998809
-5191.92	5313.13	0	1.01457
-5191.92	5474.75	0	1.02861
-5191.92	5636.36	0	1.04085
-5191.92	5797.98	0	1.05126
-5191.92	5959.6	0	1.05983
-5191.92	6121.21	0	1.06657
-5191.92	6282.83	0	1.0715
-5191.92	6444.44	0	1.07468
-5191.92	6606.06	0	1.07616
-5191.92	6767.68	0	1.07603
-5191.92	6929.29	0	1.07438
-5191.92	7090.91	0	1.0713
-5191.92	7252.53	0	1.0669
-5191.92	7414.14	0	1.0613
-5191.92	7575.76	0	1.05459
-5191.92	7737.37	0	1.0469
-5191.92	7898.99	0	1.03833
-5191.92	8060.61	0	1.029
-5191.92	8222.22	0	1.01899
-5191.92	8383.84	0	1.00842
-5191.92	8545.45	0	0.997374
-5191.92	8707.07	0	0.985932
-5191.92	8868.69	0	0.974178
-5191.92	9030.3	0	0.962182
-5191.92	9191.92	0	0.950012
-5191.92	9353.54	0	0.937725
-5191.92	9515.15	0	0.925376
-5191.92	9676.77	0	0.913012
-5191.92	9838.38	0	0.900674
-5191.92	10000	0	0.888399
-5030.3	-6000	0	0.824198
-5030.3	-5838.38	0	0.836133
-5030.3	-5676.77	0	0.848304
-5030.3	-5515.15	0	0.860701
-5030.3	-5353.54	0	0.873308
-5030.3	-5191.92	0	0.886107
-5030.3	-5030.3	0	0.899079
-5030.3	-4868.69	0	0.912195
-5030.3	-4707.07	0	0.925427
-5030.3	-4545.45	0	0.938739
-5030.3	-4383.84	0	0.952089
-5030.3	-4222.22	0	0.96543
-5030.3	-4060.61	0	0.97871
-5030.3	-3898.99	0	0.991866
-5030.3	-3737.37	0	1.00483
-5030.3	-3575.76	0	1.01753
-5030.3	-3414.14	0	1.02988
-5030.3	-3252.53	0	1.04179
-5030.3	-3090.91	0	1.05315
-5030.3	-2929.29	0	1.06388
-5030.3	-2767.68	0	1.07384
-5030.3	-2606.06	0	1.08292
-5030.3	-2444.44	0	1.09101
-5030.3	-2282.83	0	1.09796
-5030.3	-2121.21	0	1.10366
-5030.3	-1959.6	0	1.10797
-5030.3	-1797.98	0	1.11078
-5030.3	-1636.36	0	1.11195
-5030.3	-1474.75	0	1.11139
-5030.3	-1313.13	0	1.10899
-5030.3	-1151.52	0	1.10467
-5030.3	-989.899	0	1.09837
-5030.3	-828.283	0	1.09004
-5030.3	-666.667	0	1.07967
-5030.3	-505.051	0	1.06726
-5030.3	-343.434	0	1.05284
-5030.3	-181.818	0	1.03647
-5030.3	-20.202	0	1.01823
-5030.3	141.414	0	0.998241
-5030.3	303.03	0	0.976632
-5030.3	464.646	0	0.953558
-5030.3	626.263	0	0.92919
-5030.3	787.879	0	0.903714
-5030.3	949.495	0	0.877323
-5030.3	1111.11	0	0.850217
-5030.3	1272.73	0	0.822596
-5030.3	1434.34	0	0.794657
-5030.3	1595.96	0	0.766591
-5030.3	1757.58	0	0.738579
-5030.3	1919.19	0	0.71079
-5030.3	2080.81	0	0.683379
-5030.3	2242.42	0	0.656485
-5030.3	2404.04	0	0.630232
-5030.3	2565.66	0	0.625389
-5030.3	2727.27	0	0.65151
-5030.3	2888.89	0	0.678293
-5030.3	3050.51	0	0.705617
-5030.3	3212.12	0	0.733347
-5030.3	3373.74	0	0.76133
-5030.3	3535.35	0	0.789399
-5030.3	3696.97	0	0.817376
-5030.3	3858.59	0	0.845072
-5030.3	4020.2	0	0.872289
-5030.3	4181.82	0	0.898829
-5030.3	4343.43	0	0.924492
-5030.3	4505.05	0	0.949082
-5030.3	4666.67	0	0.972412
-5030.3	4828.28	0	0.994308
-5030.3	4989.9	0	1.01461
-5030.3	5151.52	0	1.03319
-5030.3	5313.13	0	1.04991
-5030.3	5474.75	0	1.06471
-5030.3	5636.36	0	1.0775
-5030.3	5797.98	0	1.08826
-5030.3	5959.6	0	1.09697
-5030.3	6121.21	0	1.10364
-5030.3	6282.83	0	1.10833
-5030.3	6444.44	0	1.11108
-5030.3	6606.06	0	1.11198
-5030.3	6767.68	0	1.11113
-5030.3	6929.29	0	1.10862
-5030.3	7090.91	0	1.10458
-5030.3	7252.53	0	1.09913
-5030.3	7414.14	0	1.0924
-5030.3	7575.76	0	1.08452
-5030.3	7737.37	0	1.07561
-5030.3	7898.99	0	1.06581
-5030.3	8060.61	0	1.05522
-5030.3	8222.22	0	1.04396
-5030.3	8383.84	0	1.03215
-5030.3	8545.45	0	1.01987
-5030.3	8707.07	0	1.00723
-5030.3	8868.69	0	0.994313
-5030.3	9030.3	0	0.981188
-5030.3	9191.92	0	0.967927
-5030.3	9353.54	0	0.954593
-5030.3	9515.15	0	0.94124
-5030.3	9676.77	0	0.927918
-5030.3	9838.38	0	0.914669
-5030.3	10000	0	0.901528
-4868.69	-6000	0	0.83288
-4868.69	-5838.38	0	0.845442
-4868.69	-5676.77	0	0.858282
-4868.69	-5515.15	0	0.871392
-4868.69	-5353.54	0	0.884759
-4868.69	-5191.92	0	0.898367
-4868.69	-5030.3	0	0.912195
-4868.69	-4868.69	0	0.926221
-4868.69	-4707.07	0	0.940414
-4868.69	-4545.45	0	0.95474
-4868.69	-4383.84	0	0.969157
-4868.69	-4222.22	0	0.983618
-4868.69	-4060.61	0	0.998069
-4868.69	-3898.99	0	1.01245
-4868.69	-3737.37	0	1.02668
-4868.69	-3575.76	0	1.04069
-4868.69	-3414.14	0	1.05438
-4868.69	-3252.53	0	1.06767
-4868.69	-3090.91	0	1.08043
-4868.69	-2929.29	0	1.09256
-4868.69	-2767.68	0	1.10393
-4868.69	-2606.06	0	1.1144
-4868.69	-2444.44	0	1.12384
-4868.69	-2282.83	0	1.13211
-4868.69	-2121.21	0	1.13904
-4868.69	-1959.6	0	1.1445
-4868.69	-1797.98	0	1.14835
-4868.69	-1636.36	0	1.15043
-4868.69	-1474.75	0	1.15062
-4868.69	-1313.13	0	1.1488
-4868.69	-1151.52	0	1.14487
-4868.69	-989.899	0	1.13874
-4868.69	-828.283	0	1.13036
-4868.69	-666.667	0	1.11971
-4868.69	-505.051	0	1.10678
-4868.69	-343.434	0	1.09159
-4868.69	-181.818	0	1.07422
-4868.69	-20.202	0	1.05476
-4868.69	141.414	0	1.03334
-4868.69	303.03	0	1.0101
-4868.69	464.646	0	0.98522
-4868.69	626.263	0	0.958904
-4868.69	787.879	0	0.931361
-4868.69	949.495	0	0.902815
-4868.69	1111.11	0	0.873494
-4868.69	1272.73	0	0.843627
-4868.69	1434.34	0	0.813441
-4868.69	1595.96	0	0.78315
-4868.69	1757.58	0	0.75296
-4868.69	1919.19	0	0.72306
-4868.69	2080.81	0	0.693622
-4868.69	2242.42	0	0.6648
-4868.69	2404.04	0	0.636729
-4868.69	2565.66	0	0.631559
-4868.69	2727.27	0	0.659476
-4868.69	2888.89	0	0.688167
-4868.69	3050.51	0	0.7175
-4868.69	3212.12	0	0.747326
-4868.69	3373.74	0	0.777476
-4868.69	3535.35	0	0.807763
-4868.69	3696.97	0	0.837985
-4868.69	3858.59	0	0.867928
-4868.69	4020.2	0	0.897369
-4868.69	4181.82	0	0.926078
-4868.69	4343.43	0	0.953826
-4868.69	4505.05	0	0.980389
-4868.69	4666.67	0	1.00555
-4868.69	4828.28	0	1.02911
-4868.69	4989.9	0	1.05089
-4868.69	5151.52	0	1.07073
-4868.69	5313.13	0	1.0885
-4868.69	5474.75	0	1.1041
-4868.69	5636.36	0	1.11746
-4868.69	5797.98	0	1.12854
-4868.69	5959.6	0	1.13734
-4868.69	6121.21	0	1.14389
-4868.69	6282.83	0	1.14822
-4868.69	6444.44	0	1.15043
-4868.69	6606.06	0	1.15061
-4868.69	6767.68	0	1.14888
-4868.69	6929.29	0	1.14535
-4868.69	7090.91	0	1.14018
-4868.69	7252.53	0	1.13351
-4868.69	7414.14	0	1.12549
-4868.69	7575.76	0	1.11626
-4868.69	7737.37	0	1.10596
-4868.69	7898.99	0	1.09475
-4868.69	8060.61	0	1.08276
-4868.69	8222.22	0	1.0701
-4868.69	8383.84	0	1.05691
-4868.69	8545.45	0	1.04328
-4868.69	8707.07	0	1.02933
-4868.69	8868.69	0	1.01513
-4868.69	9030.3	0	1.00077
-4868.69	9191.92	0	0.986331
-4868.69	9353.54	0	0.971867
-4868.69	9515.15	0	0.957437
-4868.69	9676.77	0	0.943091
-4868.69	9838.38	0	0.92887
-4868.69	10000	0	0.914811
-4707.07	-6000	0	0.84148
-4707.07	-5838.38	0	0.854691
-4707.07	-5676.77	0	0.868226
-4707.07	-5515.15	0	0.882079
-4707.07	-5353.54	0	0.89624
-4707.07	-5191.92	0	0.910695
-4707.07	-5030.3	0	0.925427
-4707.07	-4868.69	0	0.940414
-4707.07	-4707.07	0	0.955627
-4707.07	-4545.45	0	0.971035
-4707.07	-4383.84	0	0.986595
-4707.07	-4222.22	0	1.00226
-4707.07	-4060.61	0	1.01798
-4707.07	-3898.99	0	1.03368
-4707.07	-3737.37	0	1.0493
-4707.07	-3575.76	0	1.06475
-4707.07	-3414.14	0	1.07993
-4707.07	-3252.53	0	1.09474
-4707.07	-3090.91	0	1.10906
-4707.07	-2929.29	0	1.12277
-4707.07	-2767.68	0	1.13572
-4707.07	-2606.06	0	1.14778
-4707.07	-2444.44	0	1.15877
-4707.07	-2282.83	0	1.16854
-4707.07	-2121.21	0	1.17692
-4707.07	-1959.6	0	1.18373
-4707.07	-1797.98	0	1.18881
-4707.07	-1636.36	0	1.19198
-4707.07	-1474.75	0	1.19309
-4707.07	-1313.13	0	1.192
-4707.07	-1151.52	0	1.18858
-4707.07	-989.899	0	1.18274
-4707.07	-828.283	0	1.17438
-4707.07	-666.667	0	1.16348
-4707.07	-505.051	0	1.15002
-4707.07	-343.434	0	1.13404
-4707.07	-181.818	0	1.11559
-4707.07	-20.202	0	1.09479
-4707.07	141.414	0	1.07178
-4707.07	303.03	0	1.04673
-4707.07	464.646	0	1.01985
-4707.07	626.263	0	0.991352
-4707.07	787.879	0	0.961497
-4707.07	949.495	0	0.930538
-4707.07	1111.11	0	0.89874
-4707.07	1272.73	0	0.866367
-4707.07	1434.34	0	0.833674
-4707.07	1595.96	0	0.80091
-4707.07	1757.58	0	0.768305
-4707.07	1919.19	0	0.736073
-4707.07	2080.81	0	0.704405
-4707.07	2242.42	0	0.67347
-4707.07	2404.04	0	0.643414
-4707.07	2565.66	0	0.637887
-4707.07	2727.27	0	0.667763
-4707.07	2888.89	0	0.698544
-4707.07	3050.51	0	0.730087
-4707.07	3212.12	0	0.762227
-4707.07	3373.74	0	0.794778
-4707.07	3535.35	0	0.827529
-4707.07	3696.97	0	0.860253
-4707.07	3858.59	0	0.892706
-4707.07	4020.2	0	0.924632
-4707.07	4181.82	0	0.955768
-4707.07	4343.43	0	0.98585
-4707.07	4505.05	0	1.01462
-4707.07	4666.67	0	1.04182
-4707.07	4828.28	0	1.06723
-4707.07	4989.9	0	1.09064
-4707.07	5151.52	0	1.11187
-4707.07	5313.13	0	1.13076
-4707.07	5474.75	0	1.14721
-4707.07	5636.36	0	1.16115
-4707.07	5797.98	0	1.17253
-4707.07	5959.6	0	1.18136
-4707.07	6121.21	0	1.18768
-4707.07	6282.83	0	1.19154
-4707.07	6444.44	0	1.19306
-4707.07	6606.06	0	1.19235
-4707.07	6767.68	0	1.18955
-4707.07	6929.29	0	1.18482
-4707.07	7090.91	0	1.17832
-4707.07	7252.53	0	1.17022
-4707.07	7414.14	0	1.1607
-4707.07	7575.76	0	1.14992
-4707.07	7737.37	0	1.13806
-4707.07	7898.99	0	1.12526
-4707.07	8060.61	0	1.11168
-4707.07	8222.22	0	1.09746
-4707.07	8383.84	0	1.08273
-4707.07	8545.45	0	1.06761
-4707.07	8707.07	0	1.05221
-4707.07	8868.69	0	1.03662
-4707.07	9030.3	0	1.02093
-4707.07	9191.92	0	1.00521
-4707.07	9353.54	0	0.989526
-4707.07	9515.15	0	0.973942
-4707.07	9676.77	0	0.958503
-4707.07	9838.38	0	0.94325
-4707.07	10000	0	0.928219
-4545.45	-6000	0	0.849967
-4545.45	-5838.38	0	0.863847
-4545.45	-5676.77	0	0.878101
-4545.45	-5515.15	0	0.892726
-4545.45	-5353.54	0	0.907715
-4545.45	-5191.92	0	0.923058
-4545.45	-5030.3	0	0.938739
-4545.45	-4868.69	0	0.95474
-4545.45	-4707.07	0	0.971035
-4545.45	-4545.45	0	0.987593
-4545.45	-4383.84	0	1.00438
-4545.45	-4222.22	0	1.02134
-4545.45	-4060.61	0	1.03842
-4545.45	-3898.99	0	1.05556
-4545.45	-3737.37	0	1.07269
-4545.45	-3575.76	0	1.08971
-4545.45	-3414.14	0	1.10653
-4545.45	-3252.53	0	1.12303
-4545.45	-3090.91	0	1.13909
-4545.45	-2929.29	0	1.15457
-4545.45	-2767.68	0	1.16932
-4545.45	-2606.06	0	1.18317
-4545.45	-2444.44	0	1.19594
-4545.45	-2282.83	0	1.20746
-4545.45	-2121.21	0	1.21751
-4545.45	-1959.6	0	1.22591
-4545.45	-1797.98	0	1.23245
-4545.45	-1636.36	0	1.23694
-4545.45	-1474.75	0	1.23918
-4545.45	-1313.13	0	1.23901
-4545.45	-1151.52	0	1.23626
-4545.45	-989.899	0	1.23082
-4545.45	-828.283	0	1.22257
-4545.45	-666.667	0	1.21148
-4545.45	-505.051	0	1.1975
-4545.45	-343.434	0	1.18068
-4545.45	-181.818	0	1.16108
-4545.45	-20.202	0	1.13881
-4545.45	141.414	0	1.11404
-4545.45	303.03	0	1.08698
-4545.45	464.646	0	1.05784
-4545.45	626.263	0	1.02691
-4545.45	787.879	0	0.994453
-4545.45	949.495	0	0.960785
-4545.45	1111.11	0	0.926207
-4545.45	1272.73	0	0.891022
-4545.45	1434.34	0	0.855528
-4545.45	1595.96	0	0.820005
-4545.45	1757.58	0	0.784717
-4545.45	1919.19	0	0.749901
-4545.45	2080.81	0	0.715772
-4545.45	2242.42	0	0.682516
-4545.45	2404.04	0	0.650292
-4545.45	2565.66	0	0.644376
-4545.45	2727.27	0	0.676391
-4545.45	2888.89	0	0.709465
-4545.45	3050.51	0	0.743444
-4545.45	3212.12	0	0.778146
-4545.45	3373.74	0	0.813363
-4545.45	3535.35	0	0.848862
-4545.45	3696.97	0	0.884382
-4545.45	3858.59	0	0.919647
-4545.45	4020.2	0	0.954362
-4545.45	4181.82	0	0.988224
-4545.45	4343.43	0	1.02093
-4545.45	4505.05	0	1.05217
-4545.45	4666.67	0	1.08166
-4545.45	4828.28	0	1.10914
-4545.45	4989.9	0	1.13435
-4545.45	5151.52	0	1.1571
-4545.45	5313.13	0	1.17721
-4545.45	5474.75	0	1.19456
-4545.45	5636.36	0	1.20908
-4545.45	5797.98	0	1.22071
-4545.45	5959.6	0	1.22949
-4545.45	6121.21	0	1.23545
-4545.45	6282.83	0	1.23869
-4545.45	6444.44	0	1.23934
-4545.45	6606.06	0	1.23753
-4545.45	6767.68	0	1.23345
-4545.45	6929.29	0	1.22728
-4545.45	7090.91	0	1.21922
-4545.45	7252.53	0	1.20946
-4545.45	7414.14	0	1.19821
-4545.45	7575.76	0	1.18565
-4545.45	7737.37	0	1.17199
-4545.45	7898.99	0	1.1574
-4545.45	8060.61	0	1.14204
-4545.45	8222.22	0	1.12608
-4545.45	8383.84	0	1.10965
-4545.45	8545.45	0	1.09288
-4545.45	8707.07	0	1.07589
-4545.45	8868.69	0	1.05878
-4545.45	9030.3	0	1.04163
-4545.45	9191.92	0	1.02453
-4545.45	9353.54	0	1.00754
-4545.45	9515.15	0	0.990724
-4545.45	9676.77	0	0.97412
-4545.45	9838.38	0	0.957773
-4545.45	10000	0	0.941715
-4383.84	-6000	0	0.858307
-4383.84	-5838.38	0	0.872874
-4383.84	-5676.77	0	0.88787
-4383.84	-5515.15	0	0.903295
-4383.84	-5353.54	0	0.919145
-4383.84	-5191.92	0	0.935413
-4383.84	-5030.3	0	0.952089
-4383.84	-4868.69	0	0.969157
-4383.84	-4707.07	0	0.986595
-4383.84	-4545.45	0	1.00438
-4383.84	-4383.84	0	1.02246
-4383.84	-4222.22	0	1.04081
-4383.84	-4060.61	0	1.05937
-4383.84	-3898.99	0	1.07807
-4383.84	-3737.37	0	1.09684
-4383.84	-3575.76	0	1.11559
-4383.84	-3414.14	0	1.13421
-4383.84	-3252.53	0	1.15258
-4383.84	-3090.91	0	1.17058
-4383.84	-2929.29	0	1.18805
-4383.84	-2767.68	0	1.20483
-4383.84	-2606.06	0	1.22072
-4383.84	-2444.44	0	1.23553
-4383.84	-2282.83	0	1.24906
-4383.84	-2121.21	0	1.26106
-4383.84	-1959.6	0	1.27133
-4383.84	-1797.98	0	1.27961
-4383.84	-1636.36	0	1.28567
-4383.84	-1474.75	0	1.2893
-4383.84	-1313.13	0	1.29027
-4383.84	-1151.52	0	1.2884
-4383.84	-989.899	0	1.28352
-4383.84	-828.283	0	1.27551
-4383.84	-666.667	0	1.26429
-4383.84	-505.051	0	1.24982
-4383.84	-343.434	0	1.23212
-4383.84	-181.818	0	1.21127
-4383.84	-20.202	0	1.18739
-4383.84	141.414	0	1.16068
-4383.84	303.03	0	1.13135
-4383.84	464.646	0	1.09969
-4383.84	626.263	0	1.066
-4383.84	787.879	0	1.03062
-4383.84	949.495	0	0.993893
-4383.84	1111.11	0	0.956181
-4383.84	1272.73	0	0.917835
-4383.84	1434.34	0	0.879197
-4383.84	1595.96	0	0.840588
-4383.84	1757.58	0	0.802307
-4383.84	1919.19	0	0.764624
-4383.84	2080.81	0	0.727775
-4383.84	2242.42	0	0.691967
-4383.84	2404.04	0	0.657369
-4383.84	2565.66	0	0.651029
-4383.84	2727.27	0	0.685383
-4383.84	2888.89	0	0.720976
-4383.84	3050.51	0	0.757644
-4383.84	3212.12	0	0.795188
-4383.84	3373.74	0	0.833377
-4383.84	3535.35	0	0.871946
-4383.84	3696.97	0	0.910603
-4383.84	3858.59	0	0.949029
-4383.84	4020.2	0	0.986887
-4383.84	4181.82	0	1.02382
-4383.84	4343.43	0	1.05948
-4383.84	4505.05	0	1.09352
-4383.84	4666.67	0	1.12558
-4383.84	4828.28	0	1.15537
-4383.84	4989.9	0	1.18259
-4383.84	5151.52	0	1.20702
-4383.84	5313.13	0	1.22845
-4383.84	5474.75	0	1.24674
-4383.84	5636.36	0	1.26182
-4383.84	5797.98	0	1.27365
-4383.84	5959.6	0	1.28226
-4383.84	6121.21	0	1.28772
-4383.84	6282.83	0	1.29014
-4383.84	6444.44	0	1.28969
-4383.84	6606.06	0	1.28655
-4383.84	6767.68	0	1.28092
-4383.84	6929.29	0	1.27304
-4383.84	7090.91	0	1.26313
-4383.84	7252.53	0	1.25143
-4383.84	7414.14	0	1.23817
-4383.84	7575.76	0	1.22358
-4383.84	7737.37	0	1.20788
-4383.84	7898.99	0	1.19126
-4383.84	8060.61	0	1.1739
-4383.84	8222.22	0	1.15599
-4383.84	8383.84	0	1.13768
-4383.84	8545.45	0	1.11909
-4383.84	8707.07	0	1.10036
-4383.84	8868.69	0	1.08159
-4383.84	9030.3	0	1.06287
-4383.84	9191.92	0	1.04428
-4383.84	9353.54	0	1.02588
-4383.84	9515.15	0	1.00774
-4383.84	9676.77	0	0.989904
-4383.84	9838.38	0	0.972399
-4383.84	10000	0	0.95526
-4222.22	-6000	0	0.866461
-4222.22	-5838.38	0	0.881733
-4222.22	-5676.77	0	0.897492
-4222.22	-5515.15	0	0.913742
-4222.22	-5353.54	0	0.930483
-4222.22	-5191.92	0	0.947715
-4222.22	-5030.3	0	0.96543
-4222.22	-4868.69	0	0.983618
-4222.22	-4707.07	0	1.00226
-4222.22	-4545.45	0	1.02134
-4222.22	-4383.84	0	1.04081
-4222.22	-4222.22	0	1.06065
-4222.22	-4060.61	0	1.08079
-4222.22	-3898.99	0	1.10117
-4222.22	-3737.37	0	1.12173
-4222.22	-3575.76	0	1.14236
-4222.22	-3414.14	0	1.16297
-4222.22	-3252.53	0	1.18342
-4222.22	-3090.91	0	1.20358
-4222.22	-2929.29	0	1.22328
-4222.22	-2767.68	0	1.24234
-4222.22	-2606.06	0	1.26055
-4222.22	-2444.44	0	1.2777
-4222.22	-2282.83	0	1.29355
-4222.22	-2121.21	0	1.30784
-4222.22	-1959.6	0	1.32029
-4222.22	-1797.98	0	1.33064
-4222.22	-1636.36	0	1.33861
-4222.22	-1474.75	0	1.34392
-4222.22	-1313.13	0	1.34632
-4222.22	-1151.52	0	1.34557
-4222.22	-989.899	0	1.34147
-4222.22	-828.283	0	1.33384
-4222.22	-666.667	0	1.3226
-4222.22	-505.051	0	1.30767
-4222.22	-343.434	0	1.28907
-4222.22	-181.818	0	1.26687
-4222.22	-20.202	0	1.24123
-4222.22	141.414	0	1.21234
-4222.22	303.03	0	1.18048
-4222.22	464.646	0	1.14596
-4222.22	626.263	0	1.10915
-4222.22	787.879	0	1.07045
-4222.22	949.495	0	1.03026
-4222.22	1111.11	0	0.989002
-4222.22	1272.73	0	0.947084
-4222.22	1434.34	0	0.904903
-4222.22	1595.96	0	0.86283
-4222.22	1757.58	0	0.821205
-4222.22	1919.19	0	0.780329
-4222.22	2080.81	0	0.740469
-4222.22	2242.42	0	0.701848
-4222.22	2404.04	0	0.66465
-4222.22	2565.66	0	0.657846
-4222.22	2727.27	0	0.69476
-4222.22	2888.89	0	0.733127
-4222.22	3050.51	0	0.772771
-4222.22	3212.12	0	0.813475
-4222.22	3373.74	0	0.854982
-4222.22	3535.35	0	0.896996
-4222.22	3696.97	0	0.939184
-4222.22	3858.59	0	0.98118
-4222.22	4020.2	0	1.02259
-4222.22	4181.82	0	1.06302
-4222.22	4343.43	0	1.10203
-4222.22	4505.05	0	1.13922
-4222.22	4666.67	0	1.1742
-4222.22	4828.28	0	1.20658
-4222.22	4989.9	0	1.23605
-4222.22	5151.52	0	1.26232
-4222.22	5313.13	0	1.28518
-4222.22	5474.75	0	1.30446
-4222.22	5636.36	0	1.32008
-4222.22	5797.98	0	1.33201
-4222.22	5959.6	0	1.34031
-4222.22	6121.21	0	1.34506
-4222.22	6282.83	0	1.34643
-4222.22	6444.44	0	1.3446
-4222.22	6606.06	0	1.33982
-4222.22	6767.68	0	1.33233
-4222.22	6929.29	0	1.3224
-4222.22	7090.91	0	1.31032
-4222.22	7252.53	0	1.29636
-4222.22	7414.14	0	1.28078
-4222.22	7575.76	0	1.26386
-4222.22	7737.37	0	1.24582
-4222.22	7898.99	0	1.2269
-4222.22	8060.61	0	1.20731
-4222.22	8222.22	0	1.18723
-4222.22	8383.84	0	1.16682
-4222.22	8545.45	0	1.14623
-4222.22	8707.07	0	1.12559
-4222.22	8868.69	0	1.10502
-4222.22	9030.3	0	1.08459
-4222.22	9191.92	0	1.0644
-4222.22	9353.54	0	1.0445
-4222.22	9515.15	0	1.02496
-4222.22	9676.77	0	1.00581
-4222.22	9838.38	0	0.98708
-4222.22	10000	0	0.968805
-4060.61	-6000	0	0.87439
-4060.61	-5838.38	0	0.890381
-4060.61	-5676.77	0	0.906921
-4060.61	-5515.15	0	0.924018
-4060.61	-5353.54	0	0.941681
-4060.61	-5191.92	0	0.959912
-4060.61	-5030.3	0	0.97871
-4060.61	-4868.69	0	0.998069
-4060.61	-4707.07	0	1.01798
-4060.61	-4545.45	0	1.03842
-4060.61	-4383.84	0	1.05937
-4060.61	-4222.22	0	1.08079
-4060.61	-4060.61	0	1.10263
-4060.61	-3898.99	0	1.12483
-4060.61	-3737.37	0	1.14733
-4060.61	-3575.76	0	1.17002
-4060.61	-3414.14	0	1.1928
-4060.61	-3252.53	0	1.21555
-4060.61	-3090.91	0	1.23811
-4060.61	-2929.29	0	1.26031
-4060.61	-2767.68	0	1.28195
-4060.61	-2606.06	0	1.30281
-4060.61	-2444.44	0	1.32264
-4060.61	-2282.83	0	1.34117
-4060.61	-2121.21	0	1.35812
-4060.61	-1959.6	0	1.37316
-4060.61	-1797.98	0	1.38597
-4060.61	-1636.36	0	1.39622
-4060.61	-1474.75	0	1.4036
-4060.61	-1313.13	0	1.40777
-4060.61	-1151.52	0	1.40845
-4060.61	-989.899	0	1.40539
-4060.61	-828.283	0	1.39836
-4060.61	-666.667	0	1.38722
-4060.61	-505.051	0	1.3719
-4060.61	-343.434	0	1.35238
-4060.61	-181.818	0	1.32874
-4060.61	-20.202	0	1.30113
-4060.61	141.414	0	1.26981
-4060.61	303.03	0	1.23509
-4060.61	464.646	0	1.19733
-4060.61	626.263	0	1.15698
-4060.61	787.879	0	1.11449
-4060.61	949.495	0	1.07036
-4060.61	1111.11	0	1.02506
-4060.61	1272.73	0	0.979092
-4060.61	1434.34	0	0.932906
-4060.61	1595.96	0	0.886931
-4060.61	1757.58	0	0.841554
-4060.61	1919.19	0	0.797117
-4060.61	2080.81	0	0.753914
-4060.61	2242.42	0	0.712189
-4060.61	2404.04	0	0.672139
-4060.61	2565.66	0	0.664829
-4060.61	2727.27	0	0.704547
-4060.61	2888.89	0	0.745971
-4060.61	3050.51	0	0.788915
-4060.61	3212.12	0	0.833141
-4060.61	3373.74	0	0.878366
-4060.61	3535.35	0	0.924258
-4060.61	3696.97	0	0.970436
-4060.61	3858.59	0	1.01648
-4060.61	4020.2	0	1.06194
-4060.61	4181.82	0	1.10633
-4060.61	4343.43	0	1.14916
-4060.61	4505.05	0	1.18995
-4060.61	4666.67	0	1.22823
-4060.61	4828.28	0	1.26355
-4060.61	4989.9	0	1.29554
-4060.61	5151.52	0	1.32386
-4060.61	5313.13	0	1.34825
-4060.61	5474.75	0	1.36856
-4060.61	5636.36	0	1.38467
-4060.61	5797.98	0	1.39659
-4060.61	5959.6	0	1.40437
-4060.61	6121.21	0	1.40817
-4060.61	6282.83	0	1.40817
-4060.61	6444.44	0	1.40463
-4060.61	6606.06	0	1.39784
-4060.61	6767.68	0	1.3881
-4060.61	6929.29	0	1.37574
-4060.61	7090.91	0	1.36109
-4060.61	7252.53	0	1.34448
-4060.61	7414.14	0	1.32622
-4060.61	7575.76	0	1.30661
-4060.61	7737.37	0	1.28593
-4060.61	7898.99	0	1.26441
-4060.61	8060.61	0	1.2423
-4060.61	8222.22	0	1.2198
-4060.61	8383.84	0	1.19707
-4060.61	8545.45	0	1.17429
-4060.61	8707.07	0	1.15157
-4060.61	8868.69	0	1.12903
-4060.61	9030.3	0	1.10676
-4060.61	9191.92	0	1.08485
-4060.61	9353.54	0	1.06335
-4060.61	9515.15	0	1.04231
-4060.61	9676.77	0	1.02177
-4060.61	9838.38	0	1.00176
-4060.61	10000	0	0.982297
-3898.99	-6000	0	0.88205
-3898.99	-5838.38	0	0.89877
-3898.99	-5676.77	0	0.916106
-3898.99	-5515.15	0	0.934073
-3898.99	-5353.54	0	0.952683
-3898.99	-5191.92	0	0.971945
-3898.99	-5030.3	0	0.991866
-3898.99	-4868.69	0	1.01245
-3898.99	-4707.07	0	1.03368
-3898.99	-4545.45	0	1.05556
-3898.99	-4383.84	0	1.07807
-3898.99	-4222.22	0	1.10117
-3898.99	-4060.61	0	1.12483
-3898.99	-3898.99	0	1.14899
-3898.99	-3737.37	0	1.17358
-3898.99	-3575.76	0	1.19852
-3898.99	-3414.14	0	1.22369
-3898.99	-3252.53	0	1.24897
-3898.99	-3090.91	0	1.2742
-3898.99	-2929.29	0	1.2992
-3898.99	-2767.68	0	1.32375
-3898.99	-2606.06	0	1.34762
-3898.99	-2444.44	0	1.37053
-3898.99	-2282.83	0	1.39217
-3898.99	-2121.21	0	1.41221
-3898.99	-1959.6	0	1.43029
-3898.99	-1797.98	0	1.44604
-3898.99	-1636.36	0	1.45905
-3898.99	-1474.75	0	1.46894
-3898.99	-1313.13	0	1.47532
-3898.99	-1151.52	0	1.47783
-3898.99	-989.899	0	1.47614
-3898.99	-828.283	0	1.46998
-3898.99	-666.667	0	1.45914
-3898.99	-505.051	0	1.44351
-3898.99	-343.434	0	1.42306
-3898.99	-181.818	0	1.39787
-3898.99	-20.202	0	1.36811
-3898.99	141.414	0	1.33405
-3898.99	303.03	0	1.29608
-3898.99	464.646	0	1.25463
-3898.99	626.263	0	1.21021
-3898.99	787.879	0	1.16339
-3898.99	949.495	0	1.11473
-3898.99	1111.11	0	1.06483
-3898.99	1272.73	0	1.01424
-3898.99	1434.34	0	0.963504
-3898.99	1595.96	0	0.913117
-3898.99	1757.58	0	0.86352
-3898.99	1919.19	0	0.815098
-3898.99	2080.81	0	0.768177
-3898.99	2242.42	0	0.723022
-3898.99	2404.04	0	0.67984
-3898.99	2565.66	0	0.671977
-3898.99	2727.27	0	0.71477
-3898.99	2888.89	0	0.759569
-3898.99	3050.51	0	0.806178
-3898.99	3212.12	0	0.854341
-3898.99	3373.74	0	0.903745
-3898.99	3535.35	0	0.954015
-3898.99	3696.97	0	1.00472
-3898.99	3858.59	0	1.05538
-3898.99	4020.2	0	1.10545
-3898.99	4181.82	0	1.15439
-3898.99	4343.43	0	1.2016
-3898.99	4505.05	0	1.24651
-3898.99	4666.67	0	1.28856
-3898.99	4828.28	0	1.32722
-3898.99	4989.9	0	1.36204
-3898.99	5151.52	0	1.39263
-3898.99	5313.13	0	1.4187
-3898.99	5474.75	0	1.44004
-3898.99	5636.36	0	1.45658
-3898.99	5797.98	0	1.46831
-3898.99	5959.6	0	1.47533
-3898.99	6121.21	0	1.47784
-3898.99	6282.83	0	1.4761
-3898.99	6444.44	0	1.47042
-3898.99	6606.06	0	1.46116
-3898.99	6767.68	0	1.4487
-3898.99	6929.29	0	1.43343
-3898.99	7090.91	0	1.41576
-3898.99	7252.53	0	1.39606
-3898.99	7414.14	0	1.37469
-3898.99	7575.76	0	1.352
-3898.99	7737.37	0	1.32829
-3898.99	7898.99	0	1.30384
-3898.99	8060.61	0	1.27891
-3898.99	8222.22	0	1.25371
-3898.99	8383.84	0	1.22843
-3898.99	8545.45	0	1.20322
-3898.99	8707.07	0	1.17824
-3898.99	8868.69	0	1.15357
-3898.99	9030.3	0	1.12933
-3898.99	9191.92	0	1.10557
-3898.99	9353.54	0	1.08236
-3898.99	9515.15	0	1.05974
-3898.99	9676.77	0	1.03774
-3898.99	9838.38	0	1.01638
-3898.99	10000	0	0.995674
-3737.37	-6000	0	0.889394
-3737.37	-5838.38	0	0.906852
-3737.37	-5676.77	0	0.924996
-3737.37	-5515.15	0	0.943848
-3737.37	-5353.54	0	0.963427
-3737.37	-5191.92	0	0.98375
-3737.37	-5030.3	0	1.00483
-3737.37	-4868.69	0	1.02668
-3737.37	-4707.07	0	1.0493
-3737.37	-4545.45	0	1.07269
-3737.37	-4383.84	0	1.09684
-3737.37	-4222.22	0	1.12173
-3737.37	-4060.61	0	1.14733
-3737.37	-3898.99	0	1.17358
-3737.37	-3737.37	0	1.20044
-3737.37	-3575.76	0	1.22781
-3737.37	-3414.14	0	1.2556
-3737.37	-3252.53	0	1.28367
-3737.37	-3090.91	0	1.31186
-3737.37	-2929.29	0	1.33999
-3737.37	-2767.68	0	1.36783
-3737.37	-2606.06	0	1.39511
-3737.37	-2444.44	0	1.42154
-3737.37	-2282.83	0	1.44678
-3737.37	-2121.21	0	1.47044
-3737.37	-1959.6	0	1.49211
-3737.37	-1797.98	0	1.51136
-3737.37	-1636.36	0	1.5277
-3737.37	-1474.75	0	1.54067
-3737.37	-1313.13	0	1.5498
-3737.37	-1151.52	0	1.55462
-3737.37	-989.899	0	1.55474
-3737.37	-828.283	0	1.54979
-3737.37	-666.667	0	1.53951
-3737.37	-505.051	0	1.52372
-3737.37	-343.434	0	1.50236
-3737.37	-181.818	0	1.47551
-3737.37	-20.202	0	1.44335
-3737.37	141.414	0	1.40621
-3737.37	303.03	0	1.36452
-3737.37	464.646	0	1.31883
-3737.37	626.263	0	1.26973
-3737.37	787.879	0	1.21791
-3737.37	949.495	0	1.16405
-3737.37	1111.11	0	1.10884
-3737.37	1272.73	0	1.05296
-3737.37	1434.34	0	0.99704
-3737.37	1595.96	0	0.941646
-3737.37	1757.58	0	0.887287
-3737.37	1919.19	0	0.834396
-3737.37	2080.81	0	0.783331
-3737.37	2242.42	0	0.734379
-3737.37	2404.04	0	0.687756
-3737.37	2565.66	0	0.679287
-3737.37	2727.27	0	0.725454
-3737.37	2888.89	0	0.773984
-3737.37	3050.51	0	0.824672
-3737.37	3212.12	0	0.877246
-3737.37	3373.74	0	0.931361
-3737.37	3535.35	0	0.986598
-3737.37	3696.97	0	1.04246
-3737.37	3858.59	0	1.0984
-3737.37	4020.2	0	1.15378
-3737.37	4181.82	0	1.20795
-3737.37	4343.43	0	1.2602
-3737.37	4505.05	0	1.30986
-3737.37	4666.67	0	1.35624
-3737.37	4828.28	0	1.39873
-3737.37	4989.9	0	1.43676
-3737.37	5151.52	0	1.46988
-3737.37	5313.13	0	1.49774
-3737.37	5474.75	0	1.52014
-3737.37	5636.36	0	1.53697
-3737.37	5797.98	0	1.54828
-3737.37	5959.6	0	1.55421
-3737.37	6121.21	0	1.55502
-3737.37	6282.83	0	1.55104
-3737.37	6444.44	0	1.54269
-3737.37	6606.06	0	1.53041
-3737.37	6767.68	0	1.51466
-3737.37	6929.29	0	1.49592
-3737.37	7090.91	0	1.47467
-3737.37	7252.53	0	1.45135
-3737.37	7414.14	0	1.42638
-3737.37	7575.76	0	1.40014
-3737.37	7737.37	0	1.37299
-3737.37	7898.99	0	1.34524
-3737.37	8060.61	0	1.31715
-3737.37	8222.22	0	1.28895
-3737.37	8383.84	0	1.26085
-3737.37	8545.45	0	1.233
-3737.37	8707.07	0	1.20554
-3737.37	8868.69	0	1.17858
-3737.37	9030.3	0	1.1522
-3737.37	9191.92	0	1.12648
-3737.37	9353.54	0	1.10145
-3737.37	9515.15	0	1.07716
-3737.37	9676.77	0	1.05363
-3737.37	9838.38	0	1.03086
-3737.37	10000	0	1.00887
-3575.76	-6000	0	0.896373
-3575.76	-5838.38	0	0.914572
-3575.76	-5676.77	0	0.933532
-3575.76	-5515.15	0	0.953281
-3575.76	-5353.54	0	0.973847
-3575.76	-5191.92	0	0.995256
-3575.76	-5030.3	0	1.01753
-3575.76	-4868.69	0	1.04069
-3575.76	-4707.07	0	1.06475
-3575.76	-4545.45	0	1.08971
-3575.76	-4383.84	0	1.11559
-3575.76	-4222.22	0	1.14236
-3575.76	-4060.61	0	1.17002
-3575.76	-3898.99	0	1.19852
-3575.76	-3737.37	0	1.22781
-3575.76	-3575.76	0	1.25783
-3575.76	-3414.14	0	1.28847
-3575.76	-3252.53	0	1.3196
-3575.76	-3090.91	0	1.35108
-3575.76	-2929.29	0	1.3827
-3575.76	-2767.68	0	1.41424
-3575.76	-2606.06	0	1.4454
-3575.76	-2444.44	0	1.47587
-3575.76	-2282.83	0	1.50527
-3575.76	-2121.21	0	1.53316
-3575.76	-1959.6	0	1.55907
-3575.76	-1797.98	0	1.58249
-3575.76	-1636.36	0	1.60286
-3575.76	-1474.75	0	1.61961
-3575.76	-1313.13	0	1.63215
-3575.76	-1151.52	0	1.63992
-3575.76	-989.899	0	1.6424
-3575.76	-828.283	0	1.63913
-3575.76	-666.667	0	1.62974
-3575.76	-505.051	0	1.61399
-3575.76	-343.434	0	1.59178
-3575.76	-181.818	0	1.56316
-3575.76	-20.202	0	1.52834
-3575.76	141.414	0	1.48769
-3575.76	303.03	0	1.44174
-3575.76	464.646	0	1.39114
-3575.76	626.263	0	1.33662
-3575.76	787.879	0	1.27899
-3575.76	949.495	0	1.21909
-3575.76	1111.11	0	1.15776
-3575.76	1272.73	0	1.09579
-3575.76	1434.34	0	1.03392
-3575.76	1595.96	0	0.972817
-3575.76	1757.58	0	0.913064
-3575.76	1919.19	0	0.855145
-3575.76	2080.81	0	0.799454
-3575.76	2242.42	0	0.746294
-3575.76	2404.04	0	0.695887
-3575.76	2565.66	0	0.686755
-3575.76	2727.27	0	0.736627
-3575.76	2888.89	0	0.789286
-3575.76	3050.51	0	0.844523
-3575.76	3212.12	0	0.902052
-3575.76	3373.74	0	0.961495
-3575.76	3535.35	0	1.02238
-3575.76	3696.97	0	1.08416
-3575.76	3858.59	0	1.14616
-3575.76	4020.2	0	1.20768
-3575.76	4181.82	0	1.26791
-3575.76	4343.43	0	1.32602
-3575.76	4505.05	0	1.38119
-3575.76	4666.67	0	1.43259
-3575.76	4828.28	0	1.47946
-3575.76	4989.9	0	1.52115
-3575.76	5151.52	0	1.55709
-3575.76	5313.13	0	1.5869
-3575.76	5474.75	0	1.61032
-3575.76	5636.36	0	1.62728
-3575.76	5797.98	0	1.63784
-3575.76	5959.6	0	1.64224
-3575.76	6121.21	0	1.6408
-3575.76	6282.83	0	1.63398
-3575.76	6444.44	0	1.62229
-3575.76	6606.06	0	1.60629
-3575.76	6767.68	0	1.58656
-3575.76	6929.29	0	1.56367
-3575.76	7090.91	0	1.53818
-3575.76	7252.53	0	1.51062
-3575.76	7414.14	0	1.48148
-3575.76	7575.76	0	1.45118
-3575.76	7737.37	0	1.42012
-3575.76	7898.99	0	1.38863
-3575.76	8060.61	0	1.357
-3575.76	8222.22	0	1.32548
-3575.76	8383.84	0	1.29427
-3575.76	8545.45	0	1.26353
-3575.76	8707.07	0	1.23339
-3575.76	8868.69	0	1.20395
-3575.76	9030.3	0	1.1753
-3575.76	9191.92	0	1.14748
-3575.76	9353.54	0	1.12054
-3575.76	9515.15	0	1.09449
-3575.76	9676.77	0	1.06936
-3575.76	9838.38	0	1.04513
-3575.76	10000	0	1.0218
-3414.14	-6000	0	0.902934
-3414.14	-5838.38	0	0.921874
-3414.14	-5676.77	0	0.941653
-3414.14	-5515.15	0	0.962307
-3414.14	-5353.54	0	0.983872
-3414.14	-5191.92	0	1.00638
-3414.14	-5030.3	0	1.02988
-3414.14	-4868.69	0	1.05438
-3414.14	-4707.07	0	1.07993
-3414.14	-4545.45	0	1.10653
-3414.14	-4383.84	0	1.13421
-3414.14	-4222.22	0	1.16297
-3414.14	-4060.61	0	1.1928
-3414.14	-3898.99	0	1.22369
-3414.14	-3737.37	0	1.2556
-3414.14	-3575.76	0	1.28847
-3414.14	-3414.14	0	1.32221
-3414.14	-3252.53	0	1.35671
-3414.14	-3090.91	0	1.39181
-3414.14	-2929.29	0	1.42733
-3414.14	-2767.68	0	1.46302
-3414.14	-2606.06	0	1.49859
-3414.14	-2444.44	0	1.53368
-3414.14	-2282.83	0	1.56789
-3414.14	-2121.21	0	1.60072
-3414.14	-1959.6	0	1.63165
-3414.14	-1797.98	0	1.66006
-3414.14	-1636.36	0	1.6853
-3414.14	-1474.75	0	1.70667
-3414.14	-1313.13	0	1.72347
-3414.14	-1151.52	0	1.73499
-3414.14	-989.899	0	1.74055
-3414.14	-828.283	0	1.73957
-3414.14	-666.667	0	1.73154
-3414.14	-505.051	0	1.71614
-3414.14	-343.434	0	1.69317
-3414.14	-181.818	0	1.66268
-3414.14	-20.202	0	1.62489
-3414.14	141.414	0	1.58024
-3414.14	303.03	0	1.52936
-3414.14	464.646	0	1.47303
-3414.14	626.263	0	1.41217
-3414.14	787.879	0	1.34776
-3414.14	949.495	0	1.28081
-3414.14	1111.11	0	1.21235
-3414.14	1272.73	0	1.14332
-3414.14	1434.34	0	1.0746
-3414.14	1595.96	0	1.00697
-3414.14	1757.58	0	0.941087
-3414.14	1919.19	0	0.877498
-3414.14	2080.81	0	0.81663
-3414.14	2242.42	0	0.758801
-3414.14	2404.04	0	0.704232
-3414.14	2565.66	0	0.694375
-3414.14	2727.27	0	0.748316
-3414.14	2888.89	0	0.805548
-3414.14	3050.51	0	0.865867
-3414.14	3212.12	0	0.928975
-3414.14	3373.74	0	0.994465
-3414.14	3535.35	0	1.06182
-3414.14	3696.97	0	1.13039
-3414.14	3858.59	0	1.19942
-3414.14	4020.2	0	1.26806
-3414.14	4181.82	0	1.33537
-3414.14	4343.43	0	1.40033
-3414.14	4505.05	0	1.46194
-3414.14	4666.67	0	1.51919
-3414.14	4828.28	0	1.57115
-3414.14	4989.9	0	1.61703
-3414.14	5151.52	0	1.65614
-3414.14	5313.13	0	1.68803
-3414.14	5474.75	0	1.71241
-3414.14	5636.36	0	1.72923
-3414.14	5797.98	0	1.73861
-3414.14	5959.6	0	1.74088
-3414.14	6121.21	0	1.73651
-3414.14	6282.83	0	1.72606
-3414.14	6444.44	0	1.71019
-3414.14	6606.06	0	1.68962
-3414.14	6767.68	0	1.66505
-3414.14	6929.29	0	1.63719
-3414.14	7090.91	0	1.60668
-3414.14	7252.53	0	1.57416
-3414.14	7414.14	0	1.54018
-3414.14	7575.76	0	1.50522
-3414.14	7737.37	0	1.46971
-3414.14	7898.99	0	1.43402
-3414.14	8060.61	0	1.39845
-3414.14	8222.22	0	1.36325
-3414.14	8383.84	0	1.32862
-3414.14	8545.45	0	1.29473
-3414.14	8707.07	0	1.26169
-3414.14	8868.69	0	1.2296
-3414.14	9030.3	0	1.19851
-3414.14	9191.92	0	1.16848
-3414.14	9353.54	0	1.13952
-3414.14	9515.15	0	1.11164
-3414.14	9676.77	0	1.08483
-3414.14	9838.38	0	1.05909
-3414.14	10000	0	1.03439
-3252.53	-6000	0	0.909024
-3252.53	-5838.38	0	0.928699
-3252.53	-5676.77	0	0.949293
-3252.53	-5515.15	0	0.970852
-3252.53	-5353.54	0	0.993424
-3252.53	-5191.92	0	1.01705
-3252.53	-5030.3	0	1.04179
-3252.53	-4868.69	0	1.06767
-3252.53	-4707.07	0	1.09474
-3252.53	-4545.45	0	1.12303
-3252.53	-4383.84	0	1.15258
-3252.53	-4222.22	0	1.18342
-3252.53	-4060.61	0	1.21555
-3252.53	-3898.99	0	1.24897
-3252.53	-3737.37	0	1.28367
-3252.53	-3575.76	0	1.3196
-3252.53	-3414.14	0	1.35671
-3252.53	-3252.53	0	1.39488
-3252.53	-3090.91	0	1.43398
-3252.53	-2929.29	0	1.47383
-3252.53	-2767.68	0	1.51418
-3252.53	-2606.06	0	1.55474
-3252.53	-2444.44	0	1.59512
-3252.53	-2282.83	0	1.63489
-3252.53	-2121.21	0	1.67351
-3252.53	-1959.6	0	1.71036
-3252.53	-1797.98	0	1.74474
-3252.53	-1636.36	0	1.77589
-3252.53	-1474.75	0	1.80296
-3252.53	-1313.13	0	1.82507
-3252.53	-1151.52	0	1.84135
-3252.53	-989.899	0	1.85094
-3252.53	-828.283	0	1.85304
-3252.53	-666.667	0	1.84702
-3252.53	-505.051	0	1.83237
-3252.53	-343.434	0	1.80883
-3252.53	-181.818	0	1.77639
-3252.53	-20.202	0	1.73528
-3252.53	141.414	0	1.68603
-3252.53	303.03	0	1.62939
-3252.53	464.646	0	1.56634
-3252.53	626.263	0	1.498
-3252.53	787.879	0	1.42558
-3252.53	949.495	0	1.35035
-3252.53	1111.11	0	1.27353
-3252.53	1272.73	0	1.19628
-3252.53	1434.34	0	1.11963
-3252.53	1595.96	0	1.04449
-3252.53	1757.58	0	0.971621
-3252.53	1919.19	0	0.90162
-3252.53	2080.81	0	0.83495
-3252.53	2242.42	0	0.771935
-3252.53	2404.04	0	0.712786
-3252.53	2565.66	0	0.702135
-3252.53	2727.27	0	0.760546
-3252.53	2888.89	0	0.822848
-3252.53	3050.51	0	0.888854
-3252.53	3212.12	0	0.958261
-3252.53	3373.74	0	1.03064
-3252.53	3535.35	0	1.1054
-3252.53	3696.97	0	1.18183
-3252.53	3858.59	0	1.25905
-3252.53	4020.2	0	1.33603
-3252.53	4181.82	0	1.41165
-3252.53	4343.43	0	1.48469
-3252.53	4505.05	0	1.55389
-3252.53	4666.67	0	1.61802
-3252.53	4828.28	0	1.67594
-3252.53	4989.9	0	1.72665
-3252.53	5151.52	0	1.76933
-3252.53	5313.13	0	1.80342
-3252.53	5474.75	0	1.82864
-3252.53	5636.36	0	1.84494
-3252.53	5797.98	0	1.85255
-3252.53	5959.6	0	1.85192
-3252.53	6121.21	0	1.84368
-3252.53	6282.83	0	1.8286
-3252.53	6444.44	0	1.80751
-3252.53	6606.06	0	1.7813
-3252.53	6767.68	0	1.75085
-3252.53	6929.29	0	1.71701
-3252.53	7090.91	0	1.68057
-3252.53	7252.53	0	1.64224
-3252.53	7414.14	0	1.60264
-3252.53	7575.76	0	1.56233
-3252.53	7737.37	0	1.52178
-3252.53	7898.99	0	1.48136
-3252.53	8060.61	0	1.4414
-3252.53	8222.22	0	1.40214
-3252.53	8383.84	0	1.36379
-3252.53	8545.45	0	1.32647
-3252.53	8707.07	0	1.29031
-3252.53	8868.69	0	1.25538
-3252.53	9030.3	0	1.22172
-3252.53	9191.92	0	1.18935
-3252.53	9353.54	0	1.15827
-3252.53	9515.15	0	1.12848
-3252.53	9676.77	0	1.09995
-3252.53	9838.38	0	1.07265
-3252.53	10000	0	1.04655
-3090.91	-6000	0	0.914586
-3090.91	-5838.38	0	0.934984
-3090.91	-5676.77	0	0.956384
-3090.91	-5515.15	0	0.978844
-3090.91	-5353.54	0	1.00242
-3090.91	-5191.92	0	1.02717
-3090.91	-5030.3	0	1.05315
-3090.91	-4868.69	0	1.08043
-3090.91	-4707.07	0	1.10906
-3090.91	-4545.45	0	1.13909
-3090.91	-4383.84	0	1.17058
-3090.91	-4222.22	0	1.20358
-3090.91	-4060.61	0	1.23811
-3090.91	-3898.99	0	1.2742
-3090.91	-3737.37	0	1.31186
-3090.91	-3575.76	0	1.35108
-3090.91	-3414.14	0	1.39181
-3090.91	-3252.53	0	1.43398
-3090.91	-3090.91	0	1.47747
-3090.91	-2929.29	0	1.52212
-3090.91	-2767.68	0	1.56769
-3090.91	-2606.06	0	1.61388
-3090.91	-2444.44	0	1.66031
-3090.91	-2282.83	0	1.7065
-3090.91	-2121.21	0	1.75187
-3090.91	-1959.6	0	1.79573
-3090.91	-1797.98	0	1.83728
-3090.91	-1636.36	0	1.87559
-3090.91	-1474.75	0	1.90968
-3090.91	-1313.13	0	1.93845
-3090.91	-1151.52	0	1.9608
-3090.91	-989.899	0	1.97563
-3090.91	-828.283	0	1.98191
-3090.91	-666.667	0	1.97875
-3090.91	-505.051	0	1.96546
-3090.91	-343.434	0	1.94164
-3090.91	-181.818	0	1.90719
-3090.91	-20.202	0	1.86237
-3090.91	141.414	0	1.80778
-3090.91	303.03	0	1.74437
-3090.91	464.646	0	1.67334
-3090.91	626.263	0	1.5961
-3090.91	787.879	0	1.51417
-3090.91	949.495	0	1.4291
-3090.91	1111.11	0	1.34242
-3090.91	1272.73	0	1.25552
-3090.91	1434.34	0	1.16964
-3090.91	1595.96	0	1.08583
-3090.91	1757.58	0	1.00496
-3090.91	1919.19	0	0.92769
-3090.91	2080.81	0	0.854506
-3090.91	2242.42	0	0.785729
-3090.91	2404.04	0	0.721541
-3090.91	2565.66	0	0.710023
-3090.91	2727.27	0	0.773341
-3090.91	2888.89	0	0.841267
-3090.91	3050.51	0	0.913645
-3090.91	3212.12	0	0.990179
-3090.91	3373.74	0	1.07042
-3090.91	3535.35	0	1.15373
-3090.91	3696.97	0	1.2393
-3090.91	3858.59	0	1.32611
-3090.91	4020.2	0	1.41293
-3090.91	4181.82	0	1.49841
-3090.91	4343.43	0	1.58105
-3090.91	4505.05	0	1.65929
-3090.91	4666.67	0	1.73159
-3090.91	4828.28	0	1.79653
-3090.91	4989.9	0	1.85285
-3090.91	5151.52	0	1.89956
-3090.91	5313.13	0	1.93599
-3090.91	5474.75	0	1.96181
-3090.91	5636.36	0	1.97705
-3090.91	5797.98	0	1.98206
-3090.91	5959.6	0	1.97749
-3090.91	6121.21	0	1.96419
-3090.91	6282.83	0	1.94317
-3090.91	6444.44	0	1.91551
-3090.91	6606.06	0	1.88234
-3090.91	6767.68	0	1.84474
-3090.91	6929.29	0	1.80373
-3090.91	7090.91	0	1.76024
-3090.91	7252.53	0	1.71509
-3090.91	7414.14	0	1.66901
-3090.91	7575.76	0	1.62258
-3090.91	7737.37	0	1.57631
-3090.91	7898.99	0	1.5306
-3090.91	8060.61	0	1.48576
-3090.91	8222.22	0	1.44204
-3090.91	8383.84	0	1.39961
-3090.91	8545.45	0	1.3586
-3090.91	8707.07	0	1.3191
-3090.91	8868.69	0	1.28114
-3090.91	9030.3	0	1.24476
-3090.91	9191.92	0	1.20993
-3090.91	9353.54	0	1.17665
-3090.91	9515.15	0	1.14488
-3090.91	9676.77	0	1.11458
-3090.91	9838.38	0	1.08569
-3090.91	10000	0	1.05817
-2929.29	-6000	0	0.919563
-2929.29	-5838.38	0	0.940664
-2929.29	-5676.77	0	0.962855
-2929.29	-5515.15	0	0.986201
-2929.29	-5353.54	0	1.01077
-2929.29	-5191.92	0	1.03664
-2929.29	-5030.3	0	1.06388
-2929.29	-4868.69	0	1.09256
-2929.29	-4707.07	0	1.12277
-2929.29	-4545.45	0	1.15457
-2929.29	-4383.84	0	1.18805
-2929.29	-4222.22	0	1.22328
-2929.29	-4060.61	0	1.26031
-2929.29	-3898.99	0	1.2992
-2929.29	-3737.37	0	1.33999
-2929.29	-3575.76	0	1.3827
-2929.29	-3414.14	0	1.42733
-2929.29	-3252.53	0	1.47383
-2929.29	-3090.91	0	1.52212
-2929.29	-2929.29	0	1.57206
-2929.29	-2767.68	0	1.62344
-2929.29	-2606.06	0	1.67599
-2929.29	-2444.44	0	1.72931
-2929.29	-2282.83	0	1.78292
-2929.29	-2121.21	0	1.83618
-2929.29	-1959.6	0	1.88833
-2929.29	-1797.98	0	1.93845
-2929.29	-1636.36	0	1.98549
-2929.29	-1474.75	0	2.02824
-2929.29	-1313.13	0	2.06537
-2929.29	-1151.52	0	2.09549
-2929.29	-989.899	0	2.11718
-2929.29	-828.283	0	2.12907
-2929.29	-666.667	0	2.12997
-2929.29	-505.051	0	2.1189
-2929.29	-343.434	0	2.09525
-2929.29	-181.818	0	2.0588
-2929.29	-20.202	0	2.00981
-2929.29	141.414	0	1.94899
-2929.29	303.03	0	1.87753
-2929.29	464.646	0	1.79692
-2929.29	626.263	0	1.70897
-2929.29	787.879	0	1.6156
-2929.29	949.495	0	1.51877
-2929.29	1111.11	0	1.42035
-2929.29	1272.73	0	1.32205
-2929.29	1434.34	0	1.22535
-2929.29	1595.96	0	1.13148
-2929.29	1757.58	0	1.04143
-2929.29	1919.19	0	0.955898
-2929.29	2080.81	0	0.875393
-2929.29	2242.42	0	0.800211
-2929.29	2404.04	0	0.730484
-2929.29	2565.66	0	0.71802
-2929.29	2727.27	0	0.786719
-2929.29	2888.89	0	0.860885
-2929.29	3050.51	0	0.940409
-2929.29	3212.12	0	1.02503
-2929.29	3373.74	0	1.11428
-2929.29	3535.35	0	1.2075
-2929.29	3696.97	0	1.30375
-2929.29	3858.59	0	1.40186
-2929.29	4020.2	0	1.50038
-2929.29	4181.82	0	1.59765
-2929.29	4343.43	0	1.69182
-2929.29	4505.05	0	1.78093
-2929.29	4666.67	0	1.86306
-2929.29	4828.28	0	1.93636
-2929.29	4989.9	0	1.99927
-2929.29	5151.52	0	2.05055
-2929.29	5313.13	0	2.08939
-2929.29	5474.75	0	2.11544
-2929.29	5636.36	0	2.12883
-2929.29	5797.98	0	2.13011
-2929.29	5959.6	0	2.12019
-2929.29	6121.21	0	2.10024
-2929.29	6282.83	0	2.0716
-2929.29	6444.44	0	2.03567
-2929.29	6606.06	0	1.99387
-2929.29	6767.68	0	1.94754
-2929.29	6929.29	0	1.89791
-2929.29	7090.91	0	1.84606
-2929.29	7252.53	0	1.79295
-2929.29	7414.14	0	1.73936
-2929.29	7575.76	0	1.68594
-2929.29	7737.37	0	1.63322
-2929.29	7898.99	0	1.58159
-2929.29	8060.61	0	1.53136
-2929.29	8222.22	0	1.48275
-2929.29	8383.84	0	1.43591
-2929.29	8545.45	0	1.39093
-2929.29	8707.07	0	1.34785
-2929.29	8868.69	0	1.3067
-2929.29	9030.3	0	1.26746
-2929.29	9191.92	0	1.23008
-2929.29	9353.54	0	1.19452
-2929.29	9515.15	0	1.16072
-2929.29	9676.77	0	1.12861
-2929.29	9838.38	0	1.09811
-2929.29	10000	0	1.06914
-2767.68	-6000	0	0.923894
-2767.68	-5838.38	0	0.945675
-2767.68	-5676.77	0	0.968632
-2767.68	-5515.15	0	0.992843
-2767.68	-5353.54	0	1.01839
-2767.68	-5191.92	0	1.04536
-2767.68	-5030.3	0	1.07384
-2767.68	-4868.69	0	1.10393
-2767.68	-4707.07	0	1.13572
-2767.68	-4545.45	0	1.16932
-2767.68	-4383.84	0	1.20483
-2767.68	-4222.22	0	1.24234
-2767.68	-4060.61	0	1.28195
-2767.68	-3898.99	0	1.32375
-2767.68	-3737.37	0	1.36783
-2767.68	-3575.76	0	1.41424
-2767.68	-3414.14	0	1.46302
-2767.68	-3252.53	0	1.51418
-2767.68	-3090.91	0	1.56769
-2767.68	-2929.29	0	1.62344
-2767.68	-2767.68	0	1.68129
-2767.68	-2606.06	0	1.74097
-2767.68	-2444.44	0	1.80213
-2767.68	-2282.83	0	1.86426
-2767.68	-2121.21	0	1.92672
-2767.68	-1959.6	0	1.98867
-2767.68	-1797.98	0	2.0491
-2767.68	-1636.36	0	2.10676
-2767.68	-1474.75	0	2.16024
-2767.68	-1313.13	0	2.2079
-2767.68	-1151.52	0	2.24798
-2767.68	-989.899	0	2.27866
-2767.68	-828.283	0	2.29813
-2767.68	-666.667	0	2.30474
-2767.68	-505.051	0	2.29712
-2767.68	-343.434	0	2.27434
-2767.68	-181.818	0	2.23599
-2767.68	-20.202	0	2.18231
-2767.68	141.414	0	2.11416
-2767.68	303.03	0	2.03299
-2767.68	464.646	0	1.94076
-2767.68	626.263	0	1.83978
-2767.68	787.879	0	1.73251
-2767.68	949.495	0	1.62144
-2767.68	1111.11	0	1.50893
-2767.68	1272.73	0	1.39705
-2767.68	1434.34	0	1.28761
-2767.68	1595.96	0	1.18202
-2767.68	1757.58	0	1.08138
-2767.68	1919.19	0	0.986445
-2767.68	2080.81	0	0.897705
-2767.68	2242.42	0	0.815402
-2767.68	2404.04	0	0.739595
-2767.68	2565.66	0	0.726099
-2767.68	2727.27	0	0.800695
-2767.68	2888.89	0	0.881779
-2767.68	3050.51	0	0.969324
-2767.68	3212.12	0	1.06312
-2767.68	3373.74	0	1.16275
-2767.68	3535.35	0	1.26748
-2767.68	3696.97	0	1.3763
-2767.68	3858.59	0	1.48784
-2767.68	4020.2	0	1.60039
-2767.68	4181.82	0	1.7119
-2767.68	4343.43	0	1.82007
-2767.68	4505.05	0	1.92242
-2767.68	4666.67	0	2.01648
-2767.68	4828.28	0	2.09988
-2767.68	4989.9	0	2.1706
-2767.68	5151.52	0	2.22708
-2767.68	5313.13	0	2.26834
-2767.68	5474.75	0	2.29402
-2767.68	5636.36	0	2.30443
-2767.68	5797.98	0	2.30039
-2767.68	5959.6	0	2.28322
-2767.68	6121.21	0	2.2545
-2767.68	6282.83	0	2.21604
-2767.68	6444.44	0	2.16967
-2767.68	6606.06	0	2.11716
-2767.68	6767.68	0	2.06016
-2767.68	6929.29	0	2.00015
-2767.68	7090.91	0	1.9384
-2767.68	7252.53	0	1.87597
-2767.68	7414.14	0	1.81372
-2767.68	7575.76	0	1.75234
-2767.68	7737.37	0	1.69235
-2767.68	7898.99	0	1.63414
-2767.68	8060.61	0	1.57797
-2767.68	8222.22	0	1.52404
-2767.68	8383.84	0	1.47243
-2767.68	8545.45	0	1.4232
-2767.68	8707.07	0	1.37635
-2767.68	8868.69	0	1.33184
-2767.68	9030.3	0	1.28962
-2767.68	9191.92	0	1.2496
-2767.68	9353.54	0	1.2117
-2767.68	9515.15	0	1.17583
-2767.68	9676.77	0	1.14188
-2767.68	9838.38	0	1.10976
-2767.68	10000	0	1.07936
-2606.06	-6000	0	0.927521
-2606.06	-5838.38	0	0.949949
-2606.06	-5676.77	0	0.97364
-2606.06	-5515.15	0	0.998684
-2606.06	-5353.54	0	1.02518
-2606.06	-5191.92	0	1.05322
-2606.06	-5030.3	0	1.08292
-2606.06	-4868.69	0	1.1144
-2606.06	-4707.07	0	1.14778
-2606.06	-4545.45	0	1.18317
-2606.06	-4383.84	0	1.22072
-2606.06	-4222.22	0	1.26055
-2606.06	-4060.61	0	1.30281
-2606.06	-3898.99	0	1.34762
-2606.06	-3737.37	0	1.39511
-2606.06	-3575.76	0	1.4454
-2606.06	-3414.14	0	1.49859
-2606.06	-3252.53	0	1.55474
-2606.06	-3090.91	0	1.61388
-2606.06	-2929.29	0	1.67599
-2606.06	-2767.68	0	1.74097
-2606.06	-2606.06	0	1.80863
-2606.06	-2444.44	0	1.87866
-2606.06	-2282.83	0	1.95058
-2606.06	-2121.21	0	2.02374
-2606.06	-1959.6	0	2.09727
-2606.06	-1797.98	0	2.17005
-2606.06	-1636.36	0	2.24067
-2606.06	-1474.75	0	2.30745
-2606.06	-1313.13	0	2.36841
-2606.06	-1151.52	0	2.42133
-2606.06	-989.899	0	2.46386
-2606.06	-828.283	0	2.49357
-2606.06	-666.667	0	2.50821
-2606.06	-505.051	0	2.50582
-2606.06	-343.434	0	2.48499
-2606.06	-181.818	0	2.44503
-2606.06	-20.202	0	2.38607
-2606.06	141.414	0	2.30916
-2606.06	303.03	0	2.21616
-2606.06	464.646	0	2.10962
-2606.06	626.263	0	1.99256
-2606.06	787.879	0	1.86819
-2606.06	949.495	0	1.73972
-2606.06	1111.11	0	1.61011
-2606.06	1272.73	0	1.48195
-2606.06	1434.34	0	1.35739
-2606.06	1595.96	0	1.23807
-2606.06	1757.58	0	1.12519
-2606.06	1919.19	0	1.01953
-2606.06	2080.81	0	0.921524
-2606.06	2242.42	0	0.831316
-2606.06	2404.04	0	0.748846
-2606.06	2565.66	0	0.734229
-2606.06	2727.27	0	0.815268
-2606.06	2888.89	0	0.904015
-2606.06	3050.51	0	1.00057
-2606.06	3212.12	0	1.10481
-2606.06	3373.74	0	1.21639
-2606.06	3535.35	0	1.33457
-2606.06	3696.97	0	1.45827
-2606.06	3858.59	0	1.58589
-2606.06	4020.2	0	1.71542
-2606.06	4181.82	0	1.84432
-2606.06	4343.43	0	1.9697
-2606.06	4505.05	0	2.08838
-2606.06	4666.67	0	2.19713
-2606.06	4828.28	0	2.29288
-2606.06	4989.9	0	2.37297
-2606.06	5151.52	0	2.4354
-2606.06	5313.13	0	2.47896
-2606.06	5474.75	0	2.50335
-2606.06	5636.36	0	2.50911
-2606.06	5797.98	0	2.49753
-2606.06	5959.6	0	2.47047
-2606.06	6121.21	0	2.43017
-2606.06	6282.83	0	2.37901
-2606.06	6444.44	0	2.31939
-2606.06	6606.06	0	2.25354
-2606.06	6767.68	0	2.1835
-2606.06	6929.29	0	2.11101
-2606.06	7090.91	0	2.03753
-2606.06	7252.53	0	1.96422
-2606.06	7414.14	0	1.89201
-2606.06	7575.76	0	1.82159
-2606.06	7737.37	0	1.75346
-2606.06	7898.99	0	1.68796
-2606.06	8060.61	0	1.6253
-2606.06	8222.22	0	1.5656
-2606.06	8383.84	0	1.50889
-2606.06	8545.45	0	1.45515
-2606.06	8707.07	0	1.40433
-2606.06	8868.69	0	1.35632
-2606.06	9030.3	0	1.31101
-2606.06	9191.92	0	1.26829
-2606.06	9353.54	0	1.22801
-2606.06	9515.15	0	1.19004
-2606.06	9676.77	0	1.15425
-2606.06	9838.38	0	1.12051
-2606.06	10000	0	1.08869
-2444.44	-6000	0	0.930384
-2444.44	-5838.38	0	0.953419
-2444.44	-5676.77	0	0.977804
-2444.44	-5515.15	0	1.00364
-2444.44	-5353.54	0	1.03104
-2444.44	-5191.92	0	1.06012
-2444.44	-5030.3	0	1.09101
-2444.44	-4868.69	0	1.12384
-2444.44	-4707.07	0	1.15877
-2444.44	-4545.45	0	1.19594
-2444.44	-4383.84	0	1.23553
-2444.44	-4222.22	0	1.2777
-2444.44	-4060.61	0	1.32264
-2444.44	-3898.99	0	1.37053
-2444.44	-3737.37	0	1.42154
-2444.44	-3575.76	0	1.47587
-2444.44	-3414.14	0	1.53368
-2444.44	-3252.53	0	1.59512
-2444.44	-3090.91	0	1.66031
-2444.44	-2929.29	0	1.72931
-2444.44	-2767.68	0	1.80213
-2444.44	-2606.06	0	1.87866
-2444.44	-2444.44	0	1.95867
-2444.44	-2282.83	0	2.04177
-2444.44	-2121.21	0	2.12735
-2444.44	-1959.6	0	2.21453
-2444.44	-1797.98	0	2.30212
-2444.44	-1636.36	0	2.38855
-2444.44	-1474.75	0	2.47186
-2444.44	-1313.13	0	2.54967
-2444.44	-1151.52	0	2.61921
-2444.44	-989.899	0	2.67742
-2444.44	-828.283	0	2.72107
-2444.44	-666.667	0	2.74702
-2444.44	-505.051	0	2.75245
-2444.44	-343.434	0	2.73524
-2444.44	-181.818	0	2.6942
-2444.44	-20.202	0	2.62932
-2444.44	141.414	0	2.54184
-2444.44	303.03	0	2.43418
-2444.44	464.646	0	2.30974
-2444.44	626.263	0	2.17253
-2444.44	787.879	0	2.02682
-2444.44	949.495	0	1.8768
-2444.44	1111.11	0	1.72626
-2444.44	1272.73	0	1.5784
-2444.44	1434.34	0	1.4358
-2444.44	1595.96	0	1.30033
-2444.44	1757.58	0	1.17326
-2444.44	1919.19	0	1.05535
-2444.44	2080.81	0	0.946918
-2444.44	2242.42	0	0.847947
-2444.44	2404.04	0	0.758198
-2444.44	2565.66	0	0.742366
-2444.44	2727.27	0	0.830427
-2444.44	2888.89	0	0.927645
-2444.44	3050.51	0	1.0343
-2444.44	3212.12	0	1.15044
-2444.44	3373.74	0	1.27583
-2444.44	3535.35	0	1.40981
-2444.44	3696.97	0	1.5512
-2444.44	3858.59	0	1.69824
-2444.44	4020.2	0	1.84851
-2444.44	4181.82	0	1.9989
-2444.44	4343.43	0	2.14572
-2444.44	4505.05	0	2.28485
-2444.44	4666.67	0	2.41201
-2444.44	4828.28	0	2.5231
-2444.44	4989.9	0	2.61458
-2444.44	5151.52	0	2.68383
-2444.44	5313.13	0	2.72938
-2444.44	5474.75	0	2.751
-2444.44	5636.36	0	2.74967
-2444.44	5797.98	0	2.72738
-2444.44	5959.6	0	2.68681
-2444.44	6121.21	0	2.63109
-2444.44	6282.83	0	2.56343
-2444.44	6444.44	0	2.48695
-2444.44	6606.06	0	2.40447
-2444.44	6767.68	0	2.31847
-2444.44	6929.29	0	2.23097
-2444.44	7090.91	0	2.14361
-2444.44	7252.53	0	2.05765
-2444.44	7414.14	0	1.97403
-2444.44	7575.76	0	1.8934
-2444.44	7737.37	0	1.8162
-2444.44	7898.99	0	1.74268
-2444.44	8060.61	0	1.67296
-2444.44	8222.22	0	1.60706
-2444.44	8383.84	0	1.54492
-2444.44	8545.45	0	1.48644
-2444.44	8707.07	0	1.43147
-2444.44	8868.69	0	1.37985
-2444.44	9030.3	0	1.33139
-2444.44	9191.92	0	1.28591
-2444.44	9353.54	0	1.24324
-2444.44	9515.15	0	1.20318
-2444.44	9676.77	0	1.16556
-2444.44	9838.38	0	1.13023
-2444.44	10000	0	1.09701
-2282.83	-6000	0	0.932426
-2282.83	-5838.38	0	0.956019
-2282.83	-5676.77	0	0.981047
-2282.83	-5515.15	0	1.00762
-2282.83	-5353.54	0	1.03588
-2282.83	-5191.92	0	1.06594
-2282.83	-5030.3	0	1.09796
-2282.83	-4868.69	0	1.13211
-2282.83	-4707.07	0	1.16854
-2282.83	-4545.45	0	1.20746
-2282.83	-4383.84	0	1.24906
-2282.83	-4222.22	0	1.29355
-2282.83	-4060.61	0	1.34117
-2282.83	-3898.99	0	1.39217
-2282.83	-3737.37	0	1.44678
-2282.83	-3575.76	0	1.50527
-2282.83	-3414.14	0	1.56789
-2282.83	-3252.53	0	1.63489
-2282.83	-3090.91	0	1.7065
-2282.83	-2929.29	0	1.78292
-2282.83	-2767.68	0	1.86426
-2282.83	-2606.06	0	1.95058
-2282.83	-2444.44	0	2.04177
-2282.83	-2282.83	0	2.13759
-2282.83	-2121.21	0	2.23751
-2282.83	-1959.6	0	2.34072
-2282.83	-1797.98	0	2.44602
-2282.83	-1636.36	0	2.55173
-2282.83	-1474.75	0	2.65562
-2282.83	-1313.13	0	2.75485
-2282.83	-1151.52	0	2.846
-2282.83	-989.899	0	2.9251
-2282.83	-828.283	0	2.98781
-2282.83	-666.667	0	3.02975
-2282.83	-505.051	0	3.04685
-2282.83	-343.434	0	3.03584
-2282.83	-181.818	0	2.99474
-2282.83	-20.202	0	2.92323
-2282.83	141.414	0	2.82279
-2282.83	303.03	0	2.69664
-2282.83	464.646	0	2.54939
-2282.83	626.263	0	2.3865
-2282.83	787.879	0	2.21377
-2282.83	949.495	0	2.03673
-2282.83	1111.11	0	1.86025
-2282.83	1272.73	0	1.68836
-2282.83	1434.34	0	1.52408
-2282.83	1595.96	0	1.36952
-2282.83	1757.58	0	1.22598
-2282.83	1919.19	0	1.09408
-2282.83	2080.81	0	0.973927
-2282.83	2242.42	0	0.865268
-2282.83	2404.04	0	0.767598
-2282.83	2565.66	0	0.750457
-2282.83	2727.27	0	0.846136
-2282.83	2888.89	0	0.95269
-2282.83	3050.51	0	1.07066
-2282.83	3212.12	0	1.20035
-2282.83	3373.74	0	1.34174
-2282.83	3535.35	0	1.49431
-2282.83	3696.97	0	1.6569
-2282.83	3858.59	0	1.82757
-2282.83	4020.2	0	2.00346
-2282.83	4181.82	0	2.18075
-2282.83	4343.43	0	2.3547
-2282.83	4505.05	0	2.51986
-2282.83	4666.67	0	2.67048
-2282.83	4828.28	0	2.80098
-2282.83	4989.9	0	2.90653
-2282.83	5151.52	0	2.98363
-2282.83	5313.13	0	3.03046
-2282.83	5474.75	0	3.047
-2282.83	5636.36	0	3.03496
-2282.83	5797.98	0	2.99739
-2282.83	5959.6	0	2.93824
-2282.83	6121.21	0	2.86187
-2282.83	6282.83	0	2.77267
-2282.83	6444.44	0	2.67467
-2282.83	6606.06	0	2.57143
-2282.83	6767.68	0	2.46587
-2282.83	6929.29	0	2.36035
-2282.83	7090.91	0	2.25664
-2282.83	7252.53	0	2.15603
-2282.83	7414.14	0	2.0594
-2282.83	7575.76	0	1.96731
-2282.83	7737.37	0	1.88007
-2282.83	7898.99	0	1.79779
-2282.83	8060.61	0	1.72046
-2282.83	8222.22	0	1.64796
-2282.83	8383.84	0	1.58011
-2282.83	8545.45	0	1.51668
-2282.83	8707.07	0	1.45744
-2282.83	8868.69	0	1.40212
-2282.83	9030.3	0	1.35047
-2282.83	9191.92	0	1.30224
-2282.83	9353.54	0	1.25717
-2282.83	9515.15	0	1.21505
-2282.83	9676.77	0	1.17564
-2282.83	9838.38	0	1.13876
-2282.83	10000	0	1.1042
-2121.21	-6000	0	0.93359
-2121.21	-5838.38	0	0.957685
-2121.21	-5676.77	0	0.983296
-2121.21	-5515.15	0	1.01055
-2121.21	-5353.54	0	1.03959
-2121.21	-5191.92	0	1.07057
-2121.21	-5030.3	0	1.10366
-2121.21	-4868.69	0	1.13904
-2121.21	-4707.07	0	1.17692
-2121.21	-4545.45	0	1.21751
-2121.21	-4383.84	0	1.26106
-2121.21	-4222.22	0	1.30784
-2121.21	-4060.61	0	1.35812
-2121.21	-3898.99	0	1.41221
-2121.21	-3737.37	0	1.47044
-2121.21	-3575.76	0	1.53316
-2121.21	-3414.14	0	1.60072
-2121.21	-3252.53	0	1.67351
-2121.21	-3090.91	0	1.75187
-2121.21	-2929.29	0	1.83618
-2121.21	-2767.68	0	1.92672
-2121.21	-2606.06	0	2.02374
-2121.21	-2444.44	0	2.12735
-2121.21	-2282.83	0	2.23751
-2121.21	-2121.21	0	2.35389
-2121.21	-1959.6	0	2.47586
-2121.21	-1797.98	0	2.60229
-2121.21	-1636.36	0	2.73147
-2121.21	-1474.75	0	2.86097
-2121.21	-1313.13	0	2.9875
-2121.21	-1151.52	0	3.10687
-2121.21	-989.899	0	3.21397
-2121.21	-828.283	0	3.30298
-2121.21	-666.667	0	3.36772
-2121.21	-505.051	0	3.40223
-2121.21	-343.434	0	3.40147
-2121.21	-181.818	0	3.36214
-2121.21	-20.202	0	3.28329
-2121.21	141.414	0	3.1667
-2121.21	303.03	0	3.01671
-2121.21	464.646	0	2.83977
-2121.21	626.263	0	2.64353
-2121.21	787.879	0	2.43597
-2121.21	949.495	0	2.22452
-2121.21	1111.11	0	2.01556
-2121.21	1272.73	0	1.81406
-2121.21	1434.34	0	1.62359
-2121.21	1595.96	0	1.44641
-2121.21	1757.58	0	1.2837
-2121.21	1919.19	0	1.13582
-2121.21	2080.81	0	1.00254
-2121.21	2242.42	0	0.883218
-2121.21	2404.04	0	0.776976
-2121.21	2565.66	0	0.758432
-2121.21	2727.27	0	0.86233
-2121.21	2888.89	0	0.97913
-2121.21	3050.51	0	1.10974
-2121.21	3212.12	0	1.25484
-2121.21	3373.74	0	1.41478
-2121.21	3535.35	0	1.58931
-2121.21	3696.97	0	1.77742
-2121.21	3858.59	0	1.97708
-2121.21	4020.2	0	2.18498
-2121.21	4181.82	0	2.39641
-2121.21	4343.43	0	2.60524
-2121.21	4505.05	0	2.8042
-2121.21	4666.67	0	2.98537
-2121.21	4828.28	0	3.14095
-2121.21	4989.9	0	3.26421
-2121.21	5151.52	0	3.35035
-2121.21	5313.13	0	3.3971
-2121.21	5474.75	0	3.4049
-2121.21	5636.36	0	3.37667
-2121.21	5797.98	0	3.31715
-2121.21	5959.6	0	3.23222
-2121.21	6121.21	0	3.12805
-2121.21	6282.83	0	3.01057
-2121.21	6444.44	0	2.88504
-2121.21	6606.06	0	2.75581
-2121.21	6767.68	0	2.62636
-2121.21	6929.29	0	2.49927
-2121.21	7090.91	0	2.37636
-2121.21	7252.53	0	2.25887
-2121.21	7414.14	0	2.14751
-2121.21	7575.76	0	2.04266
-2121.21	7737.37	0	1.94441
-2121.21	7898.99	0	1.85267
-2121.21	8060.61	0	1.76722
-2121.21	8222.22	0	1.68776
-2121.21	8383.84	0	1.61396
-2121.21	8545.45	0	1.54545
-2121.21	8707.07	0	1.48185
-2121.21	8868.69	0	1.4228
-2121.21	9030.3	0	1.36796
-2121.21	9191.92	0	1.31699
-2121.21	9353.54	0	1.26958
-2121.21	9515.15	0	1.22544
-2121.21	9676.77	0	1.18432
-2121.21	9838.38	0	1.14595
-2121.21	10000	0	1.11012
-1959.6	-6000	0	0.933822
-1959.6	-5838.38	0	0.958355
-1959.6	-5676.77	0	0.984481
-1959.6	-5515.15	0	1.01234
-1959.6	-5353.54	0	1.04209
-1959.6	-5191.92	0	1.07391
-1959.6	-5030.3	0	1.10797
-1959.6	-4868.69	0	1.1445
-1959.6	-4707.07	0	1.18373
-1959.6	-4545.45	0	1.22591
-1959.6	-4383.84	0	1.27133
-1959.6	-4222.22	0	1.32029
-1959.6	-4060.61	0	1.37316
-1959.6	-3898.99	0	1.43029
-1959.6	-3737.37	0	1.49211
-1959.6	-3575.76	0	1.55907
-1959.6	-3414.14	0	1.63165
-1959.6	-3252.53	0	1.71036
-1959.6	-3090.91	0	1.79573
-1959.6	-2929.29	0	1.88833
-1959.6	-2767.68	0	1.98867
-1959.6	-2606.06	0	2.09727
-1959.6	-2444.44	0	2.21453
-1959.6	-2282.83	0	2.34072
-1959.6	-2121.21	0	2.47586
-1959.6	-1959.6	0	2.61961
-1959.6	-1797.98	0	2.7711
-1959.6	-1636.36	0	2.92878
-1959.6	-1474.75	0	3.09014
-1959.6	-1313.13	0	3.25152
-1959.6	-1151.52	0	3.40788
-1959.6	-989.899	0	3.55277
-1959.6	-828.283	0	3.67838
-1959.6	-666.667	0	3.77596
-1959.6	-505.051	0	3.83667
-1959.6	-343.434	0	3.85263
-1959.6	-181.818	0	3.81826
-1959.6	-20.202	0	3.73147
-1959.6	141.414	0	3.59429
-1959.6	303.03	0	3.41282
-1959.6	464.646	0	3.1963
-1959.6	626.263	0	2.95575
-1959.6	787.879	0	2.70242
-1959.6	949.495	0	2.4465
-1959.6	1111.11	0	2.19633
-1959.6	1272.73	0	1.95807
-1959.6	1434.34	0	1.73577
-1959.6	1595.96	0	1.53169
-1959.6	1757.58	0	1.34669
-1959.6	1919.19	0	1.18063
-1959.6	2080.81	0	1.03269
-1959.6	2242.42	0	0.901694
-1959.6	2404.04	0	0.78624
-1959.6	2565.66	0	0.766206
-1959.6	2727.27	0	0.878906
-1959.6	2888.89	0	1.00688
-1959.6	3050.51	0	1.15154
-1959.6	3212.12	0	1.31413
-1959.6	3373.74	0	1.49554
-1959.6	3535.35	0	1.69607
-1959.6	3696.97	0	1.91508
-1959.6	3858.59	0	2.1506
-1959.6	4020.2	0	2.39894
-1959.6	4181.82	0	2.65435
-1959.6	4343.43	0	2.9089
-1959.6	4505.05	0	3.15268
-1959.6	4666.67	0	3.37457
-1959.6	4828.28	0	3.5634
-1959.6	4989.9	0	3.70946
-1959.6	5151.52	0	3.80598
-1959.6	5313.13	0	3.85014
-1959.6	5474.75	0	3.84328
-1959.6	5636.36	0	3.79042
-1959.6	5797.98	0	3.69908
-1959.6	5959.6	0	3.57805
-1959.6	6121.21	0	3.43614
-1959.6	6282.83	0	3.28139
-1959.6	6444.44	0	3.12053
-1959.6	6606.06	0	2.95885
-1959.6	6767.68	0	2.80026
-1959.6	6929.29	0	2.64746
-1959.6	7090.91	0	2.50217
-1959.6	7252.53	0	2.36538
-1959.6	7414.14	0	2.23751
-1959.6	7575.76	0	2.11859
-1959.6	7737.37	0	2.00839
-1959.6	7898.99	0	1.90653
-1959.6	8060.61	0	1.81253
-1959.6	8222.22	0	1.72584
-1959.6	8383.84	0	1.64592
-1959.6	8545.45	0	1.57224
-1959.6	8707.07	0	1.50426
-1959.6	8868.69	0	1.44151
-1959.6	9030.3	0	1.38353
-1959.6	9191.92	0	1.3299
-1959.6	9353.54	0	1.28023
-1959.6	9515.15	0	1.23417
-1959.6	9676.77	0	1.19141
-1959.6	9838.38	0	1.15165
-1959.6	10000	0	1.11463
-1797.98	-6000	0	0.933075
-1797.98	-5838.38	0	0.957971
-1797.98	-5676.77	0	0.984533
-1797.98	-5515.15	0	1.01291
-1797.98	-5353.54	0	1.04329
-1797.98	-5191.92	0	1.07584
-1797.98	-5030.3	0	1.11078
-1797.98	-4868.69	0	1.14835
-1797.98	-4707.07	0	1.18881
-1797.98	-4545.45	0	1.23245
-1797.98	-4383.84	0	1.27961
-1797.98	-4222.22	0	1.33064
-1797.98	-4060.61	0	1.38597
-1797.98	-3898.99	0	1.44604
-1797.98	-3737.37	0	1.51136
-1797.98	-3575.76	0	1.58249
-1797.98	-3414.14	0	1.66006
-1797.98	-3252.53	0	1.74474
-1797.98	-3090.91	0	1.83728
-1797.98	-2929.29	0	1.93845
-1797.98	-2767.68	0	2.0491
-1797.98	-2606.06	0	2.17005
-1797.98	-2444.44	0	2.30212
-1797.98	-2282.83	0	2.44602
-1797.98	-2121.21	0	2.60229
-1797.98	-1959.6	0	2.7711
-1797.98	-1797.98	0	2.95213
-1797.98	-1636.36	0	3.14422
-1797.98	-1474.75	0	3.34509
-1797.98	-1313.13	0	3.55093
-1797.98	-1151.52	0	3.75598
-1797.98	-989.899	0	3.95221
-1797.98	-828.283	0	4.12924
-1797.98	-666.667	0	4.27472
-1797.98	-505.051	0	4.37533
-1797.98	-343.434	0	4.41853
-1797.98	-181.818	0	4.3948
-1797.98	-20.202	0	4.29979
-1797.98	141.414	0	4.13573
-1797.98	303.03	0	3.91139
-1797.98	464.646	0	3.64059
-1797.98	626.263	0	3.33967
-1797.98	787.879	0	3.02494
-1797.98	949.495	0	2.71055
-1797.98	1111.11	0	2.40747
-1797.98	1272.73	0	2.12317
-1797.98	1434.34	0	1.86203
-1797.98	1595.96	0	1.62595
-1797.98	1757.58	0	1.41508
-1797.98	1919.19	0	1.22839
-1797.98	2080.81	0	1.06421
-1797.98	2242.42	0	0.920532
-1797.98	2404.04	0	0.795274
-1797.98	2565.66	0	0.773671
-1797.98	2727.27	0	0.895706
-1797.98	2888.89	0	1.03577
-1797.98	3050.51	0	1.19595
-1797.98	3212.12	0	1.37827
-1797.98	3373.74	0	1.58451
-1797.98	3535.35	0	1.81583
-1797.98	3696.97	0	2.07236
-1797.98	3858.59	0	2.35256
-1797.98	4020.2	0	2.65259
-1797.98	4181.82	0	2.96559
-1797.98	4343.43	0	3.28125
-1797.98	4505.05	0	3.58595
-1797.98	4666.67	0	3.86368
-1797.98	4828.28	0	4.0979
-1797.98	4989.9	0	4.27411
-1797.98	5151.52	0	4.38244
-1797.98	5313.13	0	4.41939
-1797.98	5474.75	0	4.38814
-1797.98	5636.36	0	4.2974
-1797.98	5797.98	0	4.15932
-1797.98	5959.6	0	3.98721
-1797.98	6121.21	0	3.79373
-1797.98	6282.83	0	3.58965
-1797.98	6444.44	0	3.38345
-1797.98	6606.06	0	3.1813
-1797.98	6767.68	0	2.98735
-1797.98	6929.29	0	2.80414
-1797.98	7090.91	0	2.63299
-1797.98	7252.53	0	2.47437
-1797.98	7414.14	0	2.32818
-1797.98	7575.76	0	2.19394
-1797.98	7737.37	0	2.07097
-1797.98	7898.99	0	1.95845
-1797.98	8060.61	0	1.85557
-1797.98	8222.22	0	1.76147
-1797.98	8383.84	0	1.67537
-1797.98	8545.45	0	1.59652
-1797.98	8707.07	0	1.52423
-1797.98	8868.69	0	1.45787
-1797.98	9030.3	0	1.39685
-1797.98	9191.92	0	1.34068
-1797.98	9353.54	0	1.28887
-1797.98	9515.15	0	1.24101
-1797.98	9676.77	0	1.19674
-1797.98	9838.38	0	1.1557
-1797.98	10000	0	1.11761
-1636.36	-6000	0	0.931302
-1636.36	-5838.38	0	0.956482
-1636.36	-5676.77	0	0.983393
-1636.36	-5515.15	0	1.0122
-1636.36	-5353.54	0	1.04308
-1636.36	-5191.92	0	1.07626
-1636.36	-5030.3	0	1.11195
-1636.36	-4868.69	0	1.15043
-1636.36	-4707.07	0	1.19198
-1636.36	-4545.45	0	1.23694
-1636.36	-4383.84	0	1.28567
-1636.36	-4222.22	0	1.33861
-1636.36	-4060.61	0	1.39622
-1636.36	-3898.99	0	1.45905
-1636.36	-3737.37	0	1.5277
-1636.36	-3575.76	0	1.60286
-1636.36	-3414.14	0	1.6853
-1636.36	-3252.53	0	1.77589
-1636.36	-3090.91	0	1.87559
-1636.36	-2929.29	0	1.98549
-1636.36	-2767.68	0	2.10676
-1636.36	-2606.06	0	2.24067
-1636.36	-2444.44	0	2.38855
-1636.36	-2282.83	0	2.55173
-1636.36	-2121.21	0	2.73147
-1636.36	-1959.6	0	2.92878
-1636.36	-1797.98	0	3.14422
-1636.36	-1636.36	0	3.37751
-1636.36	-1474.75	0	3.62712
-1636.36	-1313.13	0	3.88959
-1636.36	-1151.52	0	4.15879
-1636.36	-989.899	0	4.42518
-1636.36	-828.283	0	4.67523
-1636.36	-666.667	0	4.89154
-1636.36	-505.051	0	5.0539
-1636.36	-343.434	0	5.14198
-1636.36	-181.818	0	5.13909
-1636.36	-20.202	0	5.03648
-1636.36	141.414	0	4.83621
-1636.36	303.03	0	4.55143
-1636.36	464.646	0	4.20366
-1636.36	626.263	0	3.81811
-1636.36	787.879	0	3.41904
-1636.36	949.495	0	3.02644
-1636.36	1111.11	0	2.65459
-1636.36	1272.73	0	2.31226
-1636.36	1434.34	0	2.0036
-1636.36	1595.96	0	1.7295
-1636.36	1757.58	0	1.48872
-1636.36	1919.19	0	1.27881
-1636.36	2080.81	0	1.09678
-1636.36	2242.42	0	0.939494
-1636.36	2404.04	0	0.803928
-1636.36	2565.66	0	0.780697
-1636.36	2727.27	0	0.912508
-1636.36	2888.89	0	1.0655
-1636.36	3050.51	0	1.24265
-1636.36	3212.12	0	1.4471
-1636.36	3373.74	0	1.68188
-1636.36	3535.35	0	1.94959
-1636.36	3696.97	0	2.25175
-1636.36	3858.59	0	2.58798
-1636.36	4020.2	0	2.9548
-1636.36	4181.82	0	3.34442
-1636.36	4343.43	0	3.74364
-1636.36	4505.05	0	4.13348
-1636.36	4666.67	0	4.49028
-1636.36	4828.28	0	4.78869
-1636.36	4989.9	0	5.00611
-1636.36	5151.52	0	5.12755
-1636.36	5313.13	0	5.14876
-1636.36	5474.75	0	5.07665
-1636.36	5636.36	0	4.92672
-1636.36	5797.98	0	4.71894
-1636.36	5959.6	0	4.47378
-1636.36	6121.21	0	4.2093
-1636.36	6282.83	0	3.93979
-1636.36	6444.44	0	3.6755
-1636.36	6606.06	0	3.42314
-1636.36	6767.68	0	3.18662
-1636.36	6929.29	0	2.96779
-1636.36	7090.91	0	2.7671
-1636.36	7252.53	0	2.58414
-1636.36	7414.14	0	2.41794
-1636.36	7575.76	0	2.2673
-1636.36	7737.37	0	2.13087
-1636.36	7898.99	0	2.00733
-1636.36	8060.61	0	1.89539
-1636.36	8222.22	0	1.79386
-1636.36	8383.84	0	1.70164
-1636.36	8545.45	0	1.61774
-1636.36	8707.07	0	1.54128
-1636.36	8868.69	0	1.47146
-1636.36	9030.3	0	1.40759
-1636.36	9191.92	0	1.34904
-1636.36	9353.54	0	1.29527
-1636.36	9515.15	0	1.24578
-1636.36	9676.77	0	1.20014
-1636.36	9838.38	0	1.15798
-1636.36	10000	0	1.11895
-1474.75	-6000	0	0.928467
-1474.75	-5838.38	0	0.953843
-1474.75	-5676.77	0	0.981004
-1474.75	-5515.15	0	1.01013
-1474.75	-5353.54	0	1.04141
-1474.75	-5191.92	0	1.07508
-1474.75	-5030.3	0	1.11139
-1474.75	-4868.69	0	1.15062
-1474.75	-4707.07	0	1.19309
-1474.75	-4545.45	0	1.23918
-1474.75	-4383.84	0	1.2893
-1474.75	-4222.22	0	1.34392
-1474.75	-4060.61	0	1.4036
-1474.75	-3898.99	0	1.46894
-1474.75	-3737.37	0	1.54067
-1474.75	-3575.76	0	1.61961
-1474.75	-3414.14	0	1.70667
-1474.75	-3252.53	0	1.80296
-1474.75	-3090.91	0	1.90968
-1474.75	-2929.29	0	2.02824
-1474.75	-2767.68	0	2.16024
-1474.75	-2606.06	0	2.30745
-1474.75	-2444.44	0	2.47186
-1474.75	-2282.83	0	2.65562
-1474.75	-2121.21	0	2.86097
-1474.75	-1959.6	0	3.09014
-1474.75	-1797.98	0	3.34509
-1474.75	-1636.36	0	3.62712
-1474.75	-1474.75	0	3.93628
-1474.75	-1313.13	0	4.27044
-1474.75	-1151.52	0	4.62408
-1474.75	-989.899	0	4.98674
-1474.75	-828.283	0	5.34155
-1474.75	-666.667	0	5.66428
-1474.75	-505.051	0	5.9242
-1474.75	-343.434	0	6.0876
-1474.75	-181.818	0	6.1245
-1474.75	-20.202	0	6.01703
-1474.75	141.414	0	5.76606
-1474.75	303.03	0	5.39231
-1474.75	464.646	0	4.93107
-1474.75	626.263	0	4.42294
-1474.75	787.879	0	3.90509
-1474.75	949.495	0	3.40597
-1474.75	1111.11	0	2.94381
-1474.75	1272.73	0	2.52796
-1474.75	1434.34	0	2.16121
-1474.75	1595.96	0	1.84215
-1474.75	1757.58	0	1.5671
-1474.75	1919.19	0	1.33134
-1474.75	2080.81	0	1.12995
-1474.75	2242.42	0	0.958251
-1474.75	2404.04	0	0.812018
-1474.75	2565.66	0	0.787125
-1474.75	2727.27	0	0.929012
-1474.75	2888.89	0	1.09563
-1474.75	3050.51	0	1.2911
-1474.75	3212.12	0	1.52005
-1474.75	3373.74	0	1.78736
-1474.75	3535.35	0	2.09784
-1474.75	3696.97	0	2.45545
-1474.75	3858.59	0	2.86215
-1474.75	4020.2	0	3.31611
-1474.75	4181.82	0	3.8094
-1474.75	4343.43	0	4.32559
-1474.75	4505.05	0	4.83815
-1474.75	4666.67	0	5.31128
-1474.75	4828.28	0	5.70442
-1474.75	4989.9	0	5.98054
-1474.75	5151.52	0	6.1156
-1474.75	5313.13	0	6.10491
-1474.75	5474.75	0	5.9632
-1474.75	5636.36	0	5.71881
-1474.75	5797.98	0	5.40535
-1474.75	5959.6	0	5.0545
-1474.75	6121.21	0	4.69181
-1474.75	6282.83	0	4.3355
-1474.75	6444.44	0	3.99714
-1474.75	6606.06	0	3.68305
-1474.75	6767.68	0	3.39588
-1474.75	6929.29	0	3.13593
-1474.75	7090.91	0	2.90206
-1474.75	7252.53	0	2.69241
-1474.75	7414.14	0	2.50477
-1474.75	7575.76	0	2.3369
-1474.75	7737.37	0	2.18662
-1474.75	7898.99	0	2.05192
-1474.75	8060.61	0	1.93096
-1474.75	8222.22	0	1.82213
-1474.75	8383.84	0	1.72399
-1474.75	8545.45	0	1.63528
-1474.75	8707.07	0	1.5549
-1474.75	8868.69	0	1.48188
-1474.75	9030.3	0	1.4154
-1474.75	9191.92	0	1.35471
-1474.75	9353.54	0	1.29918
-1474.75	9515.15	0	1.24826
-1474.75	9676.77	0	1.20145
-1474.75	9838.38	0	1.15833
-1474.75	10000	0	1.11851
-1313.13	-6000	0	0.924537
-1313.13	-5838.38	0	0.950015
-1313.13	-5676.77	0	0.977323
-1313.13	-5515.15	0	1.00665
-1313.13	-5353.54	0	1.0382
-1313.13	-5191.92	0	1.07223
-1313.13	-5030.3	0	1.10899
-1313.13	-4868.69	0	1.1488
-1313.13	-4707.07	0	1.192
-1313.13	-4545.45	0	1.23901
-1313.13	-4383.84	0	1.29027
-1313.13	-4222.22	0	1.34632
-1313.13	-4060.61	0	1.40777
-1313.13	-3898.99	0	1.47532
-1313.13	-3737.37	0	1.5498
-1313.13	-3575.76	0	1.63215
-1313.13	-3414.14	0	1.72347
-1313.13	-3252.53	0	1.82507
-1313.13	-3090.91	0	1.93845
-1313.13	-2929.29	0	2.06537
-1313.13	-2767.68	0	2.2079
-1313.13	-2606.06	0	2.36841
-1313.13	-2444.44	0	2.54967
-1313.13	-2282.83	0	2.75485
-1313.13	-2121.21	0	2.9875
-1313.13	-1959.6	0	3.25152
-1313.13	-1797.98	0	3.55093
-1313.13	-1636.36	0	3.88959
-1313.13	-1474.75	0	4.27044
-1313.13	-1313.13	0	4.69442
-1313.13	-1151.52	0	5.15859
-1313.13	-989.899	0	5.65349
-1313.13	-828.283	0	6.15981
-1313.13	-666.667	0	6.64517
-1313.13	-505.051	0	7.06301
-1313.13	-343.434	0	7.35644
-1313.13	-181.818	0	7.46963
-1313.13	-20.202	0	7.36514
-1313.13	141.414	0	7.03962
-1313.13	303.03	0	6.52785
-1313.13	464.646	0	5.89145
-1313.13	626.263	0	5.19911
-1313.13	787.879	0	4.50949
-1313.13	949.495	0	3.86284
-1313.13	1111.11	0	3.28109
-1313.13	1272.73	0	2.77206
-1313.13	1434.34	0	2.33464
-1313.13	1595.96	0	1.96294
-1313.13	1757.58	0	1.64913
-1313.13	1919.19	0	1.38502
-1313.13	2080.81	0	1.16302
-1313.13	2242.42	0	0.976366
-1313.13	2404.04	0	0.819322
-1313.13	2565.66	0	0.792766
-1313.13	2727.27	0	0.944823
-1313.13	2888.89	0	1.12551
-1313.13	3050.51	0	1.34041
-1313.13	3212.12	0	1.59606
-1313.13	3373.74	0	1.89994
-1313.13	3535.35	0	2.26016
-1313.13	3696.97	0	2.68472
-1313.13	3858.59	0	3.18004
-1313.13	4020.2	0	3.74842
-1313.13	4181.82	0	4.38408
-1313.13	4343.43	0	5.06812
-1313.13	4505.05	0	5.76391
-1313.13	4666.67	0	6.41592
-1313.13	4828.28	0	6.95625
-1313.13	4989.9	0	7.32039
-1313.13	5151.52	0	7.46725
-1313.13	5313.13	0	7.39288
-1313.13	5474.75	0	7.1293
-1313.13	5636.36	0	6.73028
-1313.13	5797.98	0	6.25363
-1313.13	5959.6	0	5.74834
-1313.13	6121.21	0	5.24947
-1313.13	6282.83	0	4.77857
-1313.13	6444.44	0	4.34668
-1313.13	6606.06	0	3.95772
-1313.13	6767.68	0	3.61133
-1313.13	6929.29	0	3.30484
-1313.13	7090.91	0	3.0345
-1313.13	7252.53	0	2.79627
-1313.13	7414.14	0	2.58622
-1313.13	7575.76	0	2.40072
-1313.13	7737.37	0	2.23654
-1313.13	7898.99	0	2.09084
-1313.13	8060.61	0	1.96116
-1313.13	8222.22	0	1.84538
-1313.13	8383.84	0	1.7417
-1313.13	8545.45	0	1.64855
-1313.13	8707.07	0	1.56461
-1313.13	8868.69	0	1.48873
-1313.13	9030.3	0	1.41995
-1313.13	9191.92	0	1.35741
-1313.13	9353.54	0	1.3004
-1313.13	9515.15	0	1.24828
-1313.13	9676.77	0	1.20051
-1313.13	9838.38	0	1.15663
-1313.13	10000	0	1.11621
-1151.52	-6000	0	0.91949
-1151.52	-5838.38	0	0.944969
-1151.52	-5676.77	0	0.972312
-1151.52	-5515.15	0	1.00172
-1151.52	-5353.54	0	1.03341
-1151.52	-5191.92	0	1.06763
-1151.52	-5030.3	0	1.10467
-1151.52	-4868.69	0	1.14487
-1151.52	-4707.07	0	1.18858
-1151.52	-4545.45	0	1.23626
-1151.52	-4383.84	0	1.2884
-1151.52	-4222.22	0	1.34557
-1151.52	-4060.61	0	1.40845
-1151.52	-3898.99	0	1.47783
-1151.52	-3737.37	0	1.55462
-1151.52	-3575.76	0	1.63992
-1151.52	-3414.14	0	1.73499
-1151.52	-3252.53	0	1.84135
-1151.52	-3090.91	0	1.9608
-1151.52	-2929.29	0	2.09549
-1151.52	-2767.68	0	2.24798
-1151.52	-2606.06	0	2.42133
-1151.52	-2444.44	0	2.61921
-1151.52	-2282.83	0	2.846
-1151.52	-2121.21	0	3.10687
-1151.52	-1959.6	0	3.40788
-1151.52	-1797.98	0	3.75598
-1151.52	-1636.36	0	4.15879
-1151.52	-1474.75	0	4.62408
-1151.52	-1313.13	0	5.15859
-1151.52	-1151.52	0	5.76571
-1151.52	-989.899	0	6.44139
-1151.52	-828.283	0	7.16793
-1151.52	-666.667	0	7.90579
-1151.52	-505.051	0	8.58641
-1151.52	-343.434	0	9.11268
-1151.52	-181.818	0	9.37645
-1151.52	-20.202	0	9.29539
-1151.52	141.414	0	8.85312
-1151.52	303.03	0	8.11284
-1151.52	464.646	0	7.19086
-1151.52	626.263	0	6.21018
-1151.52	787.879	0	5.26534
-1151.52	949.495	0	4.41153
-1151.52	1111.11	0	3.67091
-1151.52	1272.73	0	3.0444
-1151.52	1434.34	0	2.52205
-1151.52	1595.96	0	2.08973
-1151.52	1757.58	0	1.73295
-1151.52	1919.19	0	1.43849
-1151.52	2080.81	0	1.19505
-1151.52	2242.42	0	0.993283
-1151.52	2404.04	0	0.825575
-1151.52	2565.66	0	0.797403
-1151.52	2727.27	0	0.959446
-1151.52	2888.89	0	1.1543
-1151.52	3050.51	0	1.38927
-1151.52	3212.12	0	1.67336
-1151.52	3373.74	0	2.0175
-1151.52	3535.35	0	2.43457
-1151.52	3696.97	0	2.93893
-1151.52	3858.59	0	3.54495
-1151.52	4020.2	0	4.2638
-1151.52	4181.82	0	5.09727
-1151.52	4343.43	0	6.0281
-1151.52	4505.05	0	7.00808
-1151.52	4666.67	0	7.94992
-1151.52	4828.28	0	8.73397
-1151.52	4989.9	0	9.23911
-1151.52	5151.52	0	9.38911
-1151.52	5313.13	0	9.18524
-1151.52	5474.75	0	8.70013
-1151.52	5636.36	0	8.04036
-1151.52	5797.98	0	7.30706
-1151.52	5959.6	0	6.57458
-1151.52	6121.21	0	5.88747
-1151.52	6282.83	0	5.26689
-1151.52	6444.44	0	4.71886
-1151.52	6606.06	0	4.24104
-1151.52	6767.68	0	3.8271
-1151.52	6929.29	0	3.46934
-1151.52	7090.91	0	3.16005
-1151.52	7252.53	0	2.89215
-1151.52	7414.14	0	2.65939
-1151.52	7575.76	0	2.45644
-1151.52	7737.37	0	2.27879
-1151.52	7898.99	0	2.12264
-1151.52	8060.61	0	1.98483
-1151.52	8222.22	0	1.86269
-1151.52	8383.84	0	1.75402
-1151.52	8545.45	0	1.65696
-1151.52	8707.07	0	1.56993
-1151.52	8868.69	0	1.49163
-1151.52	9030.3	0	1.42094
-1151.52	9191.92	0	1.3569
-1151.52	9353.54	0	1.29871
-1151.52	9515.15	0	1.24568
-1151.52	9676.77	0	1.19721
-1151.52	9838.38	0	1.15278
-1151.52	10000	0	1.11196
-989.899	-6000	0	0.913312
-989.899	-5838.38	0	0.938686
-989.899	-5676.77	0	0.965949
-989.899	-5515.15	0	0.995301
-989.899	-5353.54	0	1.02697
-989.899	-5191.92	0	1.06123
-989.899	-5030.3	0	1.09837
-989.899	-4868.69	0	1.13874
-989.899	-4707.07	0	1.18274
-989.899	-4545.45	0	1.23082
-989.899	-4383.84	0	1.28352
-989.899	-4222.22	0	1.34147
-989.899	-4060.61	0	1.40539
-989.899	-3898.99	0	1.47614
-989.899	-3737.37	0	1.55474
-989.899	-3575.76	0	1.6424
-989.899	-3414.14	0	1.74055
-989.899	-3252.53	0	1.85094
-989.899	-3090.91	0	1.97563
-989.899	-2929.29	0	2.11718
-989.899	-2767.68	0	2.27866
-989.899	-2606.06	0	2.46386
-989.899	-2444.44	0	2.67742
-989.899	-2282.83	0	2.9251
-989.899	-2121.21	0	3.21397
-989.899	-1959.6	0	3.55277
-989.899	-1797.98	0	3.95221
-989.899	-1636.36	0	4.42518
-989.899	-1474.75	0	4.98674
-989.899	-1313.13	0	5.65349
-989.899	-1151.52	0	6.44139
-989.899	-989.899	0	7.36081
-989.899	-828.283	0	8.40667
-989.899	-666.667	0	9.54143
-989.899	-505.051	0	10.6724
-989.899	-343.434	0	11.6352
-989.899	-181.818	0	12.2116
-989.899	-20.202	0	12.2078
-989.899	141.414	0	11.5666
-989.899	303.03	0	10.4157
-989.899	464.646	0	8.99701
-989.899	626.263	0	7.54453
-989.899	787.879	0	6.21117
-989.899	949.495	0	5.06421
-989.899	1111.11	0	4.11369
-989.899	1272.73	0	3.34129
-989.899	1434.34	0	2.71905
-989.899	1595.96	0	2.21877
-989.899	1757.58	0	1.81577
-989.899	1919.19	0	1.48982
-989.899	2080.81	0	1.22485
-989.899	2242.42	0	1.00832
-989.899	2404.04	0	0.830471
-989.899	2565.66	0	0.800784
-989.899	2727.27	0	0.972284
-989.899	2888.89	0	1.18089
-989.899	3050.51	0	1.43591
-989.899	3212.12	0	1.74932
-989.899	3373.74	0	2.13647
-989.899	3535.35	0	2.61676
-989.899	3696.97	0	3.21407
-989.899	3858.59	0	3.95609
-989.899	4020.2	0	4.87133
-989.899	4181.82	0	5.98102
-989.899	4343.43	0	7.28239
-989.899	4505.05	0	8.72134
-989.899	4666.67	0	10.1623
-989.899	4828.28	0	11.3831
-989.899	4989.9	0	12.1347
-989.899	5151.52	0	12.2593
-989.899	5313.13	0	11.7796
-989.899	5474.75	0	10.8719
-989.899	5636.36	0	9.75772
-989.899	5797.98	0	8.61457
-989.899	5959.6	0	7.54784
-989.899	6121.21	0	6.60362
-989.899	6282.83	0	5.79156
-989.899	6444.44	0	5.10324
-989.899	6606.06	0	4.52323
-989.899	6767.68	0	4.03486
-989.899	6929.29	0	3.62269
-989.899	7090.91	0	3.2734
-989.899	7252.53	0	2.97588
-989.899	7414.14	0	2.72107
-989.899	7575.76	0	2.50158
-989.899	7737.37	0	2.31145
-989.899	7898.99	0	2.14583
-989.899	8060.61	0	2.00081
-989.899	8222.22	0	1.87316
-989.899	8383.84	0	1.76026
-989.899	8545.45	0	1.65995
-989.899	8707.07	0	1.57045
-989.899	8868.69	0	1.49024
-989.899	9030.3	0	1.4181
-989.899	9191.92	0	1.35297
-989.899	9353.54	0	1.29396
-989.899	9515.15	0	1.24033
-989.899	9676.77	0	1.19142
-989.899	9838.38	0	1.1467
-989.899	10000	0	1.10568
-828.283	-6000	0	0.905997
-828.283	-5838.38	0	0.931159
-828.283	-5676.77	0	0.958219
-828.283	-5515.15	0	0.987383
-828.283	-5353.54	0	1.01889
-828.283	-5191.92	0	1.05301
-828.283	-5030.3	0	1.09004
-828.283	-4868.69	0	1.13036
-828.283	-4707.07	0	1.17438
-828.283	-4545.45	0	1.22257
-828.283	-4383.84	0	1.27551
-828.283	-4222.22	0	1.33384
-828.283	-4060.61	0	1.39836
-828.283	-3898.99	0	1.46998
-828.283	-3737.37	0	1.54979
-828.283	-3575.76	0	1.63913
-828.283	-3414.14	0	1.73957
-828.283	-3252.53	0	1.85304
-828.283	-3090.91	0	1.98191
-828.283	-2929.29	0	2.12907
-828.283	-2767.68	0	2.29813
-828.283	-2606.06	0	2.49357
-828.283	-2444.44	0	2.72107
-828.283	-2282.83	0	2.98781
-828.283	-2121.21	0	3.30298
-828.283	-1959.6	0	3.67838
-828.283	-1797.98	0	4.12924
-828.283	-1636.36	0	4.67523
-828.283	-1474.75	0	5.34155
-828.283	-1313.13	0	6.15981
-828.283	-1151.52	0	7.16793
-828.283	-989.899	0	8.40667
-828.283	-828.283	0	9.90834
-828.283	-666.667	0	11.6688
-828.283	-505.051	0	13.5932
-828.283	-343.434	0	15.4207
-828.283	-181.818	0	16.6959
-828.283	-20.202	0	16.9213
-828.283	141.414	0	15.8996
-828.283	303.03	0	13.9292
-828.283	464.646	0	11.5781
-828.283	626.263	0	9.31853
-828.283	787.879	0	7.38366
-828.283	949.495	0	5.8238
-828.283	1111.11	0	4.60143
-828.283	1272.73	0	3.65322
-828.283	1434.34	0	2.91774
-828.283	1595.96	0	2.3443
-828.283	1757.58	0	1.89371
-828.283	1919.19	0	1.53655
-828.283	2080.81	0	1.25096
-828.283	2242.42	0	1.0207
-828.283	2404.04	0	0.833671
-828.283	2565.66	0	0.802637
-828.283	2727.27	0	0.98265
-828.283	2888.89	0	1.20398
-828.283	3050.51	0	1.47811
-828.283	3212.12	0	1.82037
-828.283	3373.74	0	2.25146
-828.283	3535.35	0	2.79921
-828.283	3696.97	0	3.5008
-828.283	3858.59	0	4.40472
-828.283	4020.2	0	5.5707
-828.283	4181.82	0	7.06304
-828.283	4343.43	0	8.92761
-828.283	4505.05	0	11.1372
-828.283	4666.67	0	13.5002
-828.283	4828.28	0	15.5865
-828.283	4989.9	0	16.8223
-828.283	5151.52	0	16.8304
-828.283	5313.13	0	15.718
-828.283	5474.75	0	13.9545
-828.283	5636.36	0	12.0223
-828.283	5797.98	0	10.2199
-828.283	5959.6	0	8.6676
-828.283	6121.21	0	7.38143
-828.283	6282.83	0	6.33314
-828.283	6444.44	0	5.48233
-828.283	6606.06	0	4.79014
-828.283	6767.68	0	4.22369
-828.283	6929.29	0	3.75664
-828.283	7090.91	0	3.36837
-828.283	7252.53	0	3.0429
-828.283	7414.14	0	2.76785
-828.283	7575.76	0	2.5336
-828.283	7737.37	0	2.33261
-828.283	7898.99	0	2.15898
-828.283	8060.61	0	2.00801
-828.283	8222.22	0	1.87595
-828.283	8383.84	0	1.75979
-828.283	8545.45	0	1.65706
-828.283	8707.07	0	1.56577
-828.283	8868.69	0	1.48428
-828.283	9030.3	0	1.41122
-828.283	9191.92	0	1.34545
-828.283	9353.54	0	1.28601
-828.283	9515.15	0	1.23212
-828.283	9676.77	0	1.18308
-828.283	9838.38	0	1.13832
-828.283	10000	0	1.09734
-666.667	-6000	0	0.89755
-666.667	-5838.38	0	0.922391
-666.667	-5676.77	0	0.949125
-666.667	-5515.15	0	0.977961
-666.667	-5353.54	0	1.00914
-666.667	-5191.92	0	1.04294
-666.667	-5030.3	0	1.07967
-666.667	-4868.69	0	1.11971
-666.667	-4707.07	0	1.16348
-666.667	-4545.45	0	1.21148
-666.667	-4383.84	0	1.26429
-666.667	-4222.22	0	1.3226
-666.667	-4060.61	0	1.38722
-666.667	-3898.99	0	1.45914
-666.667	-3737.37	0	1.53951
-666.667	-3575.76	0	1.62974
-666.667	-3414.14	0	1.73154
-666.667	-3252.53	0	1.84702
-666.667	-3090.91	0	1.97875
-666.667	-2929.29	0	2.12997
-666.667	-2767.68	0	2.30474
-666.667	-2606.06	0	2.50821
-666.667	-2444.44	0	2.74702
-666.667	-2282.83	0	3.02975
-666.667	-2121.21	0	3.36772
-666.667	-1959.6	0	3.77596
-666.667	-1797.98	0	4.27472
-666.667	-1636.36	0	4.89154
-666.667	-1474.75	0	5.66428
-666.667	-1313.13	0	6.64517
-666.667	-1151.52	0	7.90579
-666.667	-989.899	0	9.54143
-666.667	-828.283	0	11.6688
-666.667	-666.667	0	14.3994
-666.667	-505.051	0	17.7448
-666.667	-343.434	0	21.3915
-666.667	-181.818	0	24.3999
-666.667	-20.202	0	25.3419
-666.667	141.414	0	23.4612
-666.667	303.03	0	19.6145
-666.667	464.646	0	15.3544
-666.667	626.263	0	11.6616
-666.667	787.879	0	8.79678
-666.667	949.495	0	6.67103
-666.667	1111.11	0	5.11154
-666.667	1272.73	0	3.96239
-666.667	1434.34	0	3.10586
-666.667	1595.96	0	2.45841
-666.667	1757.58	0	1.96186
-666.667	1919.19	0	1.57576
-666.667	2080.81	0	1.27171
-666.667	2242.42	0	1.02956
-666.667	2404.04	0	0.834815
-666.667	2565.66	0	0.802669
-666.667	2727.27	0	0.989796
-666.667	2888.89	0	1.22209
-666.667	3050.51	0	1.5132
-666.667	3212.12	0	1.88205
-666.667	3373.74	0	2.35523
-666.667	3535.35	0	2.97059
-666.667	3696.97	0	3.78244
-666.667	3858.59	0	4.8689
-666.667	4020.2	0	6.34068
-666.667	4181.82	0	8.34692
-666.667	4343.43	0	11.0615
-666.667	4505.05	0	14.6032
-666.667	4666.67	0	18.8059
-666.667	4828.28	0	22.8422
-666.667	4989.9	0	25.2003
-666.667	5151.52	0	24.7756
-666.667	5313.13	0	22.0446
-666.667	5474.75	0	18.4238
-666.667	5636.36	0	14.983
-666.667	5797.98	0	12.1323
-666.667	5959.6	0	9.89913
-666.667	6121.21	0	8.18063
-666.667	6282.83	0	6.8577
-666.667	6444.44	0	5.83048
-666.667	6606.06	0	5.0232
-666.667	6767.68	0	4.3804
-666.667	6929.29	0	3.86187
-666.667	7090.91	0	3.43839
-666.667	7252.53	0	3.08852
-666.667	7414.14	0	2.79638
-666.667	7575.76	0	2.55007
-666.667	7737.37	0	2.34053
-666.667	7898.99	0	2.16081
-666.667	8060.61	0	2.00551
-666.667	8222.22	0	1.87039
-666.667	8383.84	0	1.75208
-666.667	8545.45	0	1.64789
-666.667	8707.07	0	1.55563
-666.667	8868.69	0	1.47353
-666.667	9030.3	0	1.40012
-666.667	9191.92	0	1.33421
-666.667	9353.54	0	1.27478
-666.667	9515.15	0	1.22099
-666.667	9676.77	0	1.17214
-666.667	9838.38	0	1.12762
-666.667	10000	0	1.08692
-505.051	-6000	0	0.887988
-505.051	-5838.38	0	0.912398
-505.051	-5676.77	0	0.938681
-505.051	-5515.15	0	0.967049
-505.051	-5353.54	0	0.997742
-505.051	-5191.92	0	1.03104
-505.051	-5030.3	0	1.06726
-505.051	-4868.69	0	1.10678
-505.051	-4707.07	0	1.15002
-505.051	-4545.45	0	1.1975
-505.051	-4383.84	0	1.24982
-505.051	-4222.22	0	1.30767
-505.051	-4060.61	0	1.3719
-505.051	-3898.99	0	1.44351
-505.051	-3737.37	0	1.52372
-505.051	-3575.76	0	1.61399
-505.051	-3414.14	0	1.71614
-505.051	-3252.53	0	1.83237
-505.051	-3090.91	0	1.96546
-505.051	-2929.29	0	2.1189
-505.051	-2767.68	0	2.29712
-505.051	-2606.06	0	2.50582
-505.051	-2444.44	0	2.75245
-505.051	-2282.83	0	3.04685
-505.051	-2121.21	0	3.40223
-505.051	-1959.6	0	3.83667
-505.051	-1797.98	0	4.37533
-505.051	-1636.36	0	5.0539
-505.051	-1474.75	0	5.9242
-505.051	-1313.13	0	7.06301
-505.051	-1151.52	0	8.58641
-505.051	-989.899	0	10.6724
-505.051	-828.283	0	13.5932
-505.051	-666.667	0	17.7448
-505.051	-505.051	0	23.5981
-505.051	-343.434	0	31.2825
-505.051	-181.818	0	39.2281
-505.051	-20.202	0	42.8163
-505.051	141.414	0	38.4462
-505.051	303.03	0	29.4367
-505.051	464.646	0	20.9057
-505.051	626.263	0	14.6417
-505.051	787.879	0	10.3953
-505.051	949.495	0	7.54486
-505.051	1111.11	0	5.60037
-505.051	1272.73	0	4.24124
-505.051	1434.34	0	3.26683
-505.051	1595.96	0	2.55135
-505.051	1757.58	0	2.0146
-505.051	1919.19	0	1.60425
-505.051	2080.81	0	1.28536
-505.051	2242.42	0	1.03401
-505.051	2404.04	0	0.833536
-505.051	2565.66	0	0.800585
-505.051	2727.27	0	0.992961
-505.051	2888.89	0	1.23367
-505.051	3050.51	0	1.53834
-505.051	3212.12	0	1.92928
-505.051	3373.74	0	2.43897
-505.051	3535.35	0	3.11586
-505.051	3696.97	0	4.03384
-505.051	3858.59	0	5.30832
-505.051	4020.2	0	7.12298
-505.051	4181.82	0	9.77183
-505.051	4343.43	0	13.7108
-505.051	4505.05	0	19.5523
-505.051	4666.67	0	27.6998
-505.051	4828.28	0	36.9248
-505.051	4989.9	0	42.6006
-505.051	5151.52	0	40.4073
-505.051	5313.13	0	32.85
-505.051	5474.75	0	24.9115
-505.051	5636.36	0	18.6994
-505.051	5797.98	0	14.2638
-505.051	5959.6	0	11.1463
-505.051	6121.21	0	8.92798
-505.051	6282.83	0	7.315
-505.051	6444.44	0	6.11442
-505.051	6606.06	0	5.20057
-505.051	6767.68	0	4.4906
-505.051	6929.29	0	3.92883
-505.051	7090.91	0	3.47702
-505.051	7252.53	0	3.10837
-505.051	7414.14	0	2.80367
-505.051	7575.76	0	2.54892
-505.051	7737.37	0	2.33373
-505.051	7898.99	0	2.15028
-505.051	8060.61	0	1.99256
-505.051	8222.22	0	1.85595
-505.051	8383.84	0	1.73678
-505.051	8545.45	0	1.63218
-505.051	8707.07	0	1.53983
-505.051	8868.69	0	1.45786
-505.051	9030.3	0	1.38473
-505.051	9191.92	0	1.3192
-505.051	9353.54	0	1.26022
-505.051	9515.15	0	1.20692
-505.051	9676.77	0	1.15858
-505.051	9838.38	0	1.11459
-505.051	10000	0	1.0744
-343.434	-6000	0	0.877337
-343.434	-5838.38	0	0.901207
-343.434	-5676.77	0	0.926917
-343.434	-5515.15	0	0.954677
-343.434	-5353.54	0	0.984725
-343.434	-5191.92	0	1.01734
-343.434	-5030.3	0	1.05284
-343.434	-4868.69	0	1.09159
-343.434	-4707.07	0	1.13404
-343.434	-4545.45	0	1.18068
-343.434	-4383.84	0	1.23212
-343.434	-4222.22	0	1.28907
-343.434	-4060.61	0	1.35238
-343.434	-3898.99	0	1.42306
-343.434	-3737.37	0	1.50236
-343.434	-3575.76	0	1.59178
-343.434	-3414.14	0	1.69317
-343.434	-3252.53	0	1.80883
-343.434	-3090.91	0	1.94164
-343.434	-2929.29	0	2.09525
-343.434	-2767.68	0	2.27434
-343.434	-2606.06	0	2.48499
-343.434	-2444.44	0	2.73524
-343.434	-2282.83	0	3.03584
-343.434	-2121.21	0	3.40147
-343.434	-1959.6	0	3.85263
-343.434	-1797.98	0	4.41853
-343.434	-1636.36	0	5.14198
-343.434	-1474.75	0	6.0876
-343.434	-1313.13	0	7.35644
-343.434	-1151.52	0	9.11268
-343.434	-989.899	0	11.6352
-343.434	-828.283	0	15.4207
-343.434	-666.667	0	21.3915
-343.434	-505.051	0	31.2825
-343.434	-343.434	0	47.9578
-343.434	-181.818	0	72.5847
-343.434	-20.202	0	89.6521
-343.434	141.414	0	74.3919
-343.434	303.03	0	47.2548
-343.434	464.646	0	28.6422
-343.434	626.263	0	18.0498
-343.434	787.879	0	11.9805
-343.434	949.495	0	8.32431
-343.434	1111.11	0	6.00121
-343.434	1272.73	0	4.45385
-343.434	1434.34	0	3.38128
-343.434	1595.96	0	2.61262
-343.434	1757.58	0	2.0462
-343.434	1919.19	0	1.61894
-343.434	2080.81	0	1.29027
-343.434	2242.42	0	1.03325
-343.434	2404.04	0	0.829488
-343.434	2565.66	0	0.796099
-343.434	2727.27	0	0.991436
-343.434	2888.89	0	1.23727
-343.434	3050.51	0	1.55076
-343.434	3212.12	0	1.95695
-343.434	3373.74	0	2.49332
-343.434	3535.35	0	3.21778
-343.434	3696.97	0	4.22302
-343.434	3858.59	0	5.66355
-343.434	4020.2	0	7.80898
-343.434	4181.82	0	11.154
-343.434	4343.43	0	16.6501
-343.434	4505.05	0	26.1652
-343.434	4666.67	0	42.9901
-343.434	4828.28	0	69.1605
-343.434	4989.9	0	89.3303
-343.434	5151.52	0	77.3215
-343.434	5313.13	0	52.0682
-343.434	5474.75	0	33.7922
-343.434	5636.36	0	22.8764
-343.434	5797.98	0	16.3355
-343.434	5959.6	0	12.2286
-343.434	6121.21	0	9.51615
-343.434	6282.83	0	7.64219
-343.434	6444.44	0	6.29702
-343.434	6606.06	0	5.29992
-343.434	6767.68	0	4.54059
-343.434	6929.29	0	3.94893
-343.434	7090.91	0	3.47881
-343.434	7252.53	0	3.09891
-343.434	7414.14	0	2.78739
-343.434	7575.76	0	2.52862
-343.434	7737.37	0	2.31122
-343.434	7898.99	0	2.12673
-343.434	8060.61	0	1.96873
-343.434	8222.22	0	1.83233
-343.434	8383.84	0	1.71369
-343.434	8545.45	0	1.60982
-343.434	8707.07	0	1.51831
-343.434	8868.69	0	1.43724
-343.434	9030.3	0	1.36503
-343.434	9191.92	0	1.30043
-343.434	9353.54	0	1.24235
-343.434	9515.15	0	1.18994
-343.434	9676.77	0	1.14245
-343.434	9838.38	0	1.09925
-343.434	10000	0	1.05984
-181.818	-6000	0	0.865635
-181.818	-5838.38	0	0.888859
-181.818	-5676.77	0	0.913876
-181.818	-5515.15	0	0.940892
-181.818	-5353.54	0	0.97014
-181.818	-5191.92	0	1.00189
-181.818	-5030.3	0	1.03647
-181.818	-4868.69	0	1.07422
-181.818	-4707.07	0	1.11559
-181.818	-4545.45	0	1.16108
-181.818	-4383.84	0	1.21127
-181.818	-4222.22	0	1.26687
-181.818	-4060.61	0	1.32874
-181.818	-3898.99	0	1.39787
-181.818	-3737.37	0	1.47551
-181.818	-3575.76	0	1.56316
-181.818	-3414.14	0	1.66268
-181.818	-3252.53	0	1.77639
-181.818	-3090.91	0	1.90719
-181.818	-2929.29	0	2.0588
-181.818	-2767.68	0	2.23599
-181.818	-2606.06	0	2.44503
-181.818	-2444.44	0	2.6942
-181.818	-2282.83	0	2.99474
-181.818	-2121.21	0	3.36214
-181.818	-1959.6	0	3.81826
-181.818	-1797.98	0	4.3948
-181.818	-1636.36	0	5.13909
-181.818	-1474.75	0	6.1245
-181.818	-1313.13	0	7.46963
-181.818	-1151.52	0	9.37645
-181.818	-989.899	0	12.2116
-181.818	-828.283	0	16.6959
-181.818	-666.667	0	24.3999
-181.818	-505.051	0	39.2281
-181.818	-343.434	0	72.5847
-181.818	-181.818	0	160.669
-181.818	-20.202	0	307.409
-181.818	141.414	0	187.617
-181.818	303.03	0	77.0356
-181.818	464.646	0	37.2981
-181.818	626.263	0	21.04
-181.818	787.879	0	13.1617
-181.818	949.495	0	8.83535
-181.818	1111.11	0	6.23465
-181.818	1272.73	0	4.56257
-181.818	1434.34	0	3.4307
-181.818	1595.96	0	2.63282
-181.818	1757.58	0	2.05177
-181.818	1919.19	0	1.61724
-181.818	2080.81	0	1.2851
-181.818	2242.42	0	1.02659
-181.818	2404.04	0	0.822367
-181.818	2565.66	0	0.788959
-181.818	2727.27	0	0.984635
-181.818	2888.89	0	1.23171
-181.818	3050.51	0	1.5482
-181.818	3212.12	0	1.96074
-181.818	3373.74	0	2.50995
-181.818	3535.35	0	3.26006
-181.818	3696.97	0	4.31713
-181.818	3858.59	0	5.86575
-181.818	4020.2	0	8.24884
-181.818	4181.82	0	12.1577
-181.818	4343.43	0	19.1403
-181.818	4505.05	0	33.1702
-181.818	4666.67	0	66.2968
-181.818	4828.28	0	158.154
-181.818	4989.9	0	308.359
-181.818	5151.52	0	188.517
-181.818	5313.13	0	83.1141
-181.818	5474.75	0	43.4849
-181.818	5636.36	0	26.4494
-181.818	5797.98	0	17.824
-181.818	5959.6	0	12.8957
-181.818	6121.21	0	9.82213
-181.818	6282.83	0	7.77627
-181.818	6444.44	0	6.34468
-181.818	6606.06	0	5.30269
-181.818	6767.68	0	4.5198
-181.818	6929.29	0	3.91602
-181.818	7090.91	0	3.44011
-181.818	7252.53	0	3.05798
-181.818	7414.14	0	2.74624
-181.818	7575.76	0	2.4884
-181.818	7737.37	0	2.27254
-181.818	7898.99	0	2.08991
-181.818	8060.61	0	1.9339
-181.818	8222.22	0	1.79951
-181.818	8383.84	0	1.68284
-181.818	8545.45	0	1.58085
-181.818	8707.07	0	1.49113
-181.818	8868.69	0	1.41174
-181.818	9030.3	0	1.34111
-181.818	9191.92	0	1.27797
-181.818	9353.54	0	1.22126
-181.818	9515.15	0	1.17011
-181.818	9676.77	0	1.12379
-181.818	9838.38	0	1.08169
-181.818	10000	0	1.04329
-20.202	-6000	0	0.852928
-20.202	-5838.38	0	0.875406
-20.202	-5676.77	0	0.899616
-20.202	-5515.15	0	0.925757
-20.202	-5353.54	0	0.954058
-20.202	-5191.92	0	0.98478
-20.202	-5030.3	0	1.01823
-20.202	-4868.69	0	1.05476
-20.202	-4707.07	0	1.09479
-20.202	-4545.45	0	1.13881
-20.202	-4383.84	0	1.18739
-20.202	-4222.22	0	1.24123
-20.202	-4060.61	0	1.30113
-20.202	-3898.99	0	1.36811
-20.202	-3737.37	0	1.44335
-20.202	-3575.76	0	1.52834
-20.202	-3414.14	0	1.62489
-20.202	-3252.53	0	1.73528
-20.202	-3090.91	0	1.86237
-20.202	-2929.29	0	2.00981
-20.202	-2767.68	0	2.18231
-20.202	-2606.06	0	2.38607
-20.202	-2444.44	0	2.62932
-20.202	-2282.83	0	2.92323
-20.202	-2121.21	0	3.28329
-20.202	-1959.6	0	3.73147
-20.202	-1797.98	0	4.29979
-20.202	-1636.36	0	5.03648
-20.202	-1474.75	0	6.01703
-20.202	-1313.13	0	7.36514
-20.202	-1151.52	0	9.29539
-20.202	-989.899	0	12.2078
-20.202	-828.283	0	16.9213
-20.202	-666.667	0	25.3419
-20.202	-505.051	0	42.8163
-20.202	-343.434	0	89.6521
-20.202	-181.818	0	307.409
-20.202	-20.202	0	12212.3
-20.202	141.414	0	472.926
-20.202	303.03	0	101.19
-20.202	464.646	0	41.6768
-20.202	626.263	0	22.1433
-20.202	787.879	0	13.4722
-20.202	949.495	0	8.91139
-20.202	1111.11	0	6.23504
-20.202	1272.73	0	4.53938
-20.202	1434.34	0	3.40235
-20.202	1595.96	0	2.60585
-20.202	1757.58	0	2.02828
-20.202	1919.19	0	1.5976
-20.202	2080.81	0	1.26903
-20.202	2242.42	0	1.0136
-20.202	2404.04	0	0.811942
-20.202	2565.66	0	0.77896
-20.202	2727.27	0	0.972165
-20.202	2888.89	0	1.21626
-20.202	3050.51	0	1.52926
-20.202	3212.12	0	1.93798
-20.202	3373.74	0	2.48356
-20.202	3535.35	0	3.23167
-20.202	3696.97	0	4.29209
-20.202	3858.59	0	5.85927
-20.202	4020.2	0	8.30361
-20.202	4181.82	0	12.4014
-20.202	4343.43	0	20.0078
-20.202	4505.05	0	36.4936
-20.202	4666.67	0	83.1582
-20.202	4828.28	0	320.827
-20.202	4989.9	0	19422.7
-20.202	5151.52	0	437.733
-20.202	5313.13	0	107.15
-20.202	5474.75	0	48.172
-20.202	5636.36	0	27.6543
-20.202	5797.98	0	18.1283
-20.202	5959.6	0	12.9183
-20.202	6121.21	0	9.74983
-20.202	6282.83	0	7.67402
-20.202	6444.44	0	6.23694
-20.202	6606.06	0	5.19886
-20.202	6767.68	0	4.42328
-20.202	6929.29	0	3.82769
-20.202	7090.91	0	3.35981
-20.202	7252.53	0	2.98515
-20.202	7414.14	0	2.68017
-20.202	7575.76	0	2.42838
-20.202	7737.37	0	2.21792
-20.202	7898.99	0	2.04008
-20.202	8060.61	0	1.88834
-20.202	8222.22	0	1.75774
-20.202	8383.84	0	1.64446
-20.202	8545.45	0	1.5455
-20.202	8707.07	0	1.45849
-20.202	8868.69	0	1.38155
-20.202	9030.3	0	1.31312
-20.202	9191.92	0	1.25197
-20.202	9353.54	0	1.19706
-20.202	9515.15	0	1.14755
-20.202	9676.77	0	1.10273
-20.202	9838.38	0	1.06199
-20.202	10000	0	1.02483
141.414	-6000	0	0.839273
141.414	-5838.38	0	0.860911
141.414	-5676.77	0	0.884207
141.414	-5515.15	0	0.909352
141.414	-5353.54	0	0.936565
141.414	-5191.92	0	0.966097
141.414	-5030.3	0	0.998241
141.414	-4868.69	0	1.03334
141.414	-4707.07	0	1.07178
141.414	-4545.45	0	1.11404
141.414	-4383.84	0	1.16068
141.414	-4222.22	0	1.21234
141.414	-4060.61	0	1.26981
141.414	-3898.99	0	1.33405
141.414	-3737.37	0	1.40621
141.414	-3575.76	0	1.48769
141.414	-3414.14	0	1.58024
141.414	-3252.53	0	1.68603
141.414	-3090.91	0	1.80778
141.414	-2929.29	0	1.94899
141.414	-2767.68	0	2.11416
141.414	-2606.06	0	2.30916
141.414	-2444.44	0	2.54184
141.414	-2282.83	0	2.82279
141.414	-2121.21	0	3.1667
141.414	-1959.6	0	3.59429
141.414	-1797.98	0	4.13573
141.414	-1636.36	0	4.83621
141.414	-1474.75	0	5.76606
141.414	-1313.13	0	7.03962
141.414	-1151.52	0	8.85312
141.414	-989.899	0	11.5666
141.414	-828.283	0	15.8996
141.414	-666.667	0	23.4612
141.414	-505.051	0	38.4462
141.414	-343.434	0	74.3919
141.414	-181.818	0	187.617
141.414	-20.202	0	472.926
141.414	141.414	0	233.761
141.414	303.03	0	80.9233
141.414	464.646	0	37.0857
141.414	626.263	0	20.4874
141.414	787.879	0	12.7002
141.414	949.495	0	8.49115
141.414	1111.11	0	5.98253
141.414	1272.73	0	4.37738
141.414	1434.34	0	3.29369
141.414	1595.96	0	2.53074
141.414	1757.58	0	1.97531
141.414	1919.19	0	1.55979
141.414	2080.81	0	1.24189
141.414	2242.42	0	0.994135
141.414	2404.04	0	0.798073
141.414	2565.66	0	0.765962
141.414	2727.27	0	0.953883
141.414	2888.89	0	1.19075
141.414	3050.51	0	1.49373
141.414	3212.12	0	1.88828
141.414	3373.74	0	2.41329
141.414	3535.35	0	3.13047
141.414	3696.97	0	4.14222
141.414	3858.59	0	5.62791
141.414	4020.2	0	7.92404
141.414	4181.82	0	11.7192
141.414	4343.43	0	18.5948
141.414	4505.05	0	32.802
141.414	4666.67	0	68.5914
141.414	4828.28	0	187.799
141.414	4989.9	0	477.312
141.414	5151.52	0	230.405
141.414	5313.13	0	86.4377
141.414	5474.75	0	42.8565
141.414	5636.36	0	25.4982
141.414	5797.98	0	16.9974
141.414	5959.6	0	12.2243
141.414	6121.21	0	9.27833
141.414	6282.83	0	7.33062
141.414	6444.44	0	5.97419
141.414	6606.06	0	4.99039
141.414	6767.68	0	4.25326
141.414	6929.29	0	3.68603
141.414	7090.91	0	3.23974
141.414	7252.53	0	2.88195
141.414	7414.14	0	2.59046
141.414	7575.76	0	2.34964
141.414	7737.37	0	2.14824
141.414	7898.99	0	1.97798
141.414	8060.61	0	1.83266
141.414	8222.22	0	1.70755
141.414	8383.84	0	1.59899
141.414	8545.45	0	1.50414
141.414	8707.07	0	1.42073
141.414	8868.69	0	1.34694
141.414	9030.3	0	1.28131
141.414	9191.92	0	1.22265
141.414	9353.54	0	1.16996
141.414	9515.15	0	1.12244
141.414	9676.77	0	1.0794
141.414	9838.38	0	1.04028
141.414	10000	0	1.00459
303.03	-6000	0	0.824738
303.03	-5838.38	0	0.845448
303.03	-5676.77	0	0.867732
303.03	-5515.15	0	0.891769
303.03	-5353.54	0	0.917766
303.03	-5191.92	0	0.945962
303.03	-5030.3	0	0.976632
303.03	-4868.69	0	1.0101
303.03	-4707.07	0	1.04673
303.03	-4545.45	0	1.08698
303.03	-4383.84	0	1.13135
303.03	-4222.22	0	1.18048
303.03	-4060.61	0	1.23509
303.03	-3898.99	0	1.29608
303.03	-3737.37	0	1.36452
303.03	-3575.76	0	1.44174
303.03	-3414.14	0	1.52936
303.03	-3252.53	0	1.62939
303.03	-3090.91	0	1.74437
303.03	-2929.29	0	1.87753
303.03	-2767.68	0	2.03299
303.03	-2606.06	0	2.21616
303.03	-2444.44	0	2.43418
303.03	-2282.83	0	2.69664
303.03	-2121.21	0	3.01671
303.03	-1959.6	0	3.41282
303.03	-1797.98	0	3.91139
303.03	-1636.36	0	4.55143
303.03	-1474.75	0	5.39231
303.03	-1313.13	0	6.52785
303.03	-1151.52	0	8.11284
303.03	-989.899	0	10.4157
303.03	-828.283	0	13.9292
303.03	-666.667	0	19.6145
303.03	-505.051	0	29.4367
303.03	-343.434	0	47.2548
303.03	-181.818	0	77.0356
303.03	-20.202	0	101.19
303.03	141.414	0	80.9233
303.03	303.03	0	47.7349
303.03	464.646	0	27.5701
303.03	626.263	0	16.9395
303.03	787.879	0	11.1018
303.03	949.495	0	7.6682
303.03	1111.11	0	5.51656
303.03	1272.73	0	4.09488
303.03	1434.34	0	3.11379
303.03	1595.96	0	2.41212
303.03	1757.58	0	1.89524
303.03	1919.19	0	1.50499
303.03	2080.81	0	1.20422
303.03	2242.42	0	0.968356
303.03	2404.04	0	0.780725
303.03	2565.66	0	0.749906
303.03	2727.27	0	0.929909
303.03	2888.89	0	1.15564
303.03	3050.51	0	1.44266
303.03	3212.12	0	1.81377
303.03	3373.74	0	2.30326
303.03	3535.35	0	2.96446
303.03	3696.97	0	3.88348
303.03	3858.59	0	5.2056
303.03	4020.2	0	7.18899
303.03	4181.82	0	10.3203
303.03	4343.43	0	15.5774
303.03	4505.05	0	25.0319
303.03	4666.67	0	42.9381
303.03	4828.28	0	74.1565
303.03	4989.9	0	100.946
303.03	5151.52	0	83.3426
303.03	5313.13	0	51.9153
303.03	5474.75	0	32.0135
303.03	5636.36	0	21.0562
303.03	5797.98	0	14.7888
303.03	5959.6	0	10.9618
303.03	6121.21	0	8.4791
303.03	6282.83	0	6.7847
303.03	6444.44	0	5.57916
303.03	6606.06	0	4.69155
303.03	6767.68	0	4.01917
303.03	6929.29	0	3.49752
303.03	7090.91	0	3.08452
303.03	7252.53	0	2.7518
303.03	7414.14	0	2.47967
303.03	7575.76	0	2.25414
303.03	7737.37	0	2.06504
303.03	7898.99	0	1.90483
303.03	8060.61	0	1.76784
303.03	8222.22	0	1.64972
303.03	8383.84	0	1.5471
303.03	8545.45	0	1.45732
303.03	8707.07	0	1.37829
303.03	8868.69	0	1.30831
303.03	9030.3	0	1.24601
303.03	9191.92	0	1.19027
303.03	9353.54	0	1.14018
303.03	9515.15	0	1.09496
303.03	9676.77	0	1.05399
303.03	9838.38	0	1.01671
303.03	10000	0	0.982683
464.646	-6000	0	0.809397
464.646	-5838.38	0	0.829101
464.646	-5676.77	0	0.850283
464.646	-5515.15	0	0.873113
464.646	-5353.54	0	0.897782
464.646	-5191.92	0	0.924511
464.646	-5030.3	0	0.953558
464.646	-4868.69	0	0.98522
464.646	-4707.07	0	1.01985
464.646	-4545.45	0	1.05784
464.646	-4383.84	0	1.09969
464.646	-4222.22	0	1.14596
464.646	-4060.61	0	1.19733
464.646	-3898.99	0	1.25463
464.646	-3737.37	0	1.31883
464.646	-3575.76	0	1.39114
464.646	-3414.14	0	1.47303
464.646	-3252.53	0	1.56634
464.646	-3090.91	0	1.67334
464.646	-2929.29	0	1.79692
464.646	-2767.68	0	1.94076
464.646	-2606.06	0	2.10962
464.646	-2444.44	0	2.30974
464.646	-2282.83	0	2.54939
464.646	-2121.21	0	2.83977
464.646	-1959.6	0	3.1963
464.646	-1797.98	0	3.64059
464.646	-1636.36	0	4.20366
464.646	-1474.75	0	4.93107
464.646	-1313.13	0	5.89145
464.646	-1151.52	0	7.19086
464.646	-989.899	0	8.99701
464.646	-828.283	0	11.5781
464.646	-666.667	0	15.3544
464.646	-505.051	0	20.9057
464.646	-343.434	0	28.6422
464.646	-181.818	0	37.2981
464.646	-20.202	0	41.6768
464.646	141.414	0	37.0857
464.646	303.03	0	27.5701
464.646	464.646	0	19.0371
464.646	626.263	0	13.0813
464.646	787.879	0	9.18689
464.646	949.495	0	6.63373
464.646	1111.11	0	4.91767
464.646	1272.73	0	3.72888
464.646	1434.34	0	2.88073
464.646	1595.96	0	2.2592
464.646	1757.58	0	1.79285
464.646	1919.19	0	1.43566
464.646	2080.81	0	1.15718
464.646	2242.42	0	0.936736
464.646	2404.04	0	0.759971
464.646	2565.66	0	0.730811
464.646	2727.27	0	0.90062
464.646	2888.89	0	1.11193
464.646	3050.51	0	1.37818
464.646	3212.12	0	1.71865
464.646	3373.74	0	2.1616
464.646	3535.35	0	2.74954
464.646	3696.97	0	3.5481
464.646	3858.59	0	4.66154
464.646	4020.2	0	6.25974
464.646	4181.82	0	8.62443
464.646	4343.43	0	12.2179
464.646	4505.05	0	17.7284
464.646	4666.67	0	25.7931
464.646	4828.28	0	35.4492
464.646	4989.9	0	41.5033
464.646	5151.52	0	38.6613
464.646	5313.13	0	30.2905
464.646	5474.75	0	22.1902
464.646	5636.36	0	16.2412
464.646	5797.98	0	12.1795
464.646	5959.6	0	9.41166
464.646	6121.21	0	7.48449
464.646	6282.83	0	6.10523
464.646	6444.44	0	5.09082
464.646	6606.06	0	4.32584
464.646	6767.68	0	3.73598
464.646	6929.29	0	3.27213
464.646	7090.91	0	2.90103
464.646	7252.53	0	2.59957
464.646	7414.14	0	2.35137
464.646	7575.76	0	2.14455
464.646	7737.37	0	1.97036
464.646	7898.99	0	1.82222
464.646	8060.61	0	1.69515
464.646	8222.22	0	1.58528
464.646	8383.84	0	1.48959
464.646	8545.45	0	1.40571
464.646	8707.07	0	1.33173
464.646	8868.69	0	1.26611
464.646	9030.3	0	1.2076
464.646	9191.92	0	1.15518
464.646	9353.54	0	1.10801
464.646	9515.15	0	1.06538
464.646	9676.77	0	1.0267
464.646	9838.38	0	0.991475
464.646	10000	0	0.959286
626.263	-6000	0	0.79333
626.263	-5838.38	0	0.81196
626.263	-5676.77	0	0.831965
626.263	-5515.15	0	0.8535
626.263	-5353.54	0	0.876742
626.263	-5191.92	0	0.901894
626.263	-5030.3	0	0.92919
626.263	-4868.69	0	0.958904
626.263	-4707.07	0	0.991352
626.263	-4545.45	0	1.02691
626.263	-4383.84	0	1.066
626.263	-4222.22	0	1.10915
626.263	-4060.61	0	1.15698
626.263	-3898.99	0	1.21021
626.263	-3737.37	0	1.26973
626.263	-3575.76	0	1.33662
626.263	-3414.14	0	1.41217
626.263	-3252.53	0	1.498
626.263	-3090.91	0	1.5961
626.263	-2929.29	0	1.70897
626.263	-2767.68	0	1.83978
626.263	-2606.06	0	1.99256
626.263	-2444.44	0	2.17253
626.263	-2282.83	0	2.3865
626.263	-2121.21	0	2.64353
626.263	-1959.6	0	2.95575
626.263	-1797.98	0	3.33967
626.263	-1636.36	0	3.81811
626.263	-1474.75	0	4.42294
626.263	-1313.13	0	5.19911
626.263	-1151.52	0	6.21018
626.263	-989.899	0	7.54453
626.263	-828.283	0	9.31853
626.263	-666.667	0	11.6616
626.263	-505.051	0	14.6417
626.263	-343.434	0	18.0498
626.263	-181.818	0	21.04
626.263	-20.202	0	22.1433
626.263	141.414	0	20.4874
626.263	303.03	0	16.9395
626.263	464.646	0	13.0813
626.263	626.263	0	9.82835
626.263	787.879	0	7.36604
626.263	949.495	0	5.57223
626.263	1111.11	0	4.27255
626.263	1272.73	0	3.32213
626.263	1434.34	0	2.61647
626.263	1595.96	0	2.08357
626.263	1757.58	0	1.67432
626.263	1919.19	0	1.35506
626.263	2080.81	0	1.10243
626.263	2242.42	0	0.899988
626.263	2404.04	0	0.73599
626.263	2565.66	0	0.708786
626.263	2727.27	0	0.866604
626.263	2888.89	0	1.06105
626.263	3050.51	0	1.30319
626.263	3212.12	0	1.60843
626.263	3373.74	0	1.99861
626.263	3535.35	0	2.50513
626.263	3696.97	0	3.17373
626.263	3858.59	0	4.07142
626.263	4020.2	0	5.29584
626.263	4181.82	0	6.98414
626.263	4343.43	0	9.30812
626.263	4505.05	0	12.4123
626.263	4666.67	0	16.1993
626.263	4828.28	0	19.9167
626.263	4989.9	0	22.0408
626.263	5151.52	0	21.4361
626.263	5313.13	0	18.6814
626.263	5474.75	0	15.2627
626.263	5636.36	0	12.1725
626.263	5797.98	0	9.71085
626.263	5959.6	0	7.83975
626.263	6121.21	0	6.43261
626.263	6282.83	0	5.36851
626.263	6444.44	0	4.55379
626.263	6606.06	0	3.92074
626.263	6767.68	0	3.42137
626.263	6929.29	0	3.02169
626.263	7090.91	0	2.69744
626.263	7252.53	0	2.4311
626.263	7414.14	0	2.20982
626.263	7575.76	0	2.02405
626.263	7737.37	0	1.86661
626.263	7898.99	0	1.73202
626.263	8060.61	0	1.61605
626.263	8222.22	0	1.51539
626.263	8383.84	0	1.42742
626.263	8545.45	0	1.35008
626.263	8707.07	0	1.28168
626.263	8868.69	0	1.22086
626.263	9030.3	0	1.16652
626.263	9191.92	0	1.11775
626.263	9353.54	0	1.07377
626.263	9515.15	0	1.03395
626.263	9676.77	0	0.997769
626.263	9838.38	0	0.964769
626.263	10000	0	0.934569
787.879	-6000	0	0.776624
787.879	-5838.38	0	0.794123
787.879	-5676.77	0	0.812887
787.879	-5515.15	0	0.833056
787.879	-5353.54	0	0.85479
787.879	-5191.92	0	0.878272
787.879	-5030.3	0	0.903714
787.879	-4868.69	0	0.931361
787.879	-4707.07	0	0.961497
787.879	-4545.45	0	0.994453
787.879	-4383.84	0	1.03062
787.879	-4222.22	0	1.07045
787.879	-4060.61	0	1.11449
787.879	-3898.99	0	1.16339
787.879	-3737.37	0	1.21791
787.879	-3575.76	0	1.27899
787.879	-3414.14	0	1.34776
787.879	-3252.53	0	1.42558
787.879	-3090.91	0	1.51417
787.879	-2929.29	0	1.6156
787.879	-2767.68	0	1.73251
787.879	-2606.06	0	1.86819
787.879	-2444.44	0	2.02682
787.879	-2282.83	0	2.21377
787.879	-2121.21	0	2.43597
787.879	-1959.6	0	2.70242
787.879	-1797.98	0	3.02494
787.879	-1636.36	0	3.41904
787.879	-1474.75	0	3.90509
787.879	-1313.13	0	4.50949
787.879	-1151.52	0	5.26534
787.879	-989.899	0	6.21117
787.879	-828.283	0	7.38366
787.879	-666.667	0	8.79678
787.879	-505.051	0	10.3953
787.879	-343.434	0	11.9805
787.879	-181.818	0	13.1617
787.879	-20.202	0	13.4722
787.879	141.414	0	12.7002
787.879	303.03	0	11.1018
787.879	464.646	0	9.18689
787.879	626.263	0	7.36604
787.879	787.879	0	5.8274
787.879	949.495	0	4.60098
787.879	1111.11	0	3.64767
787.879	1272.73	0	2.91164
787.879	1434.34	0	2.34169
787.879	1595.96	0	1.89686
787.879	1757.58	0	1.54619
787.879	1919.19	0	1.26679
787.879	2080.81	0	1.04184
787.879	2242.42	0	0.858987
787.879	2404.04	0	0.709048
787.879	2565.66	0	0.684013
787.879	2727.27	0	0.828599
787.879	2888.89	0	1.00467
787.879	3050.51	0	1.22089
787.879	3212.12	0	1.48895
787.879	3373.74	0	1.82472
787.879	3535.35	0	2.24981
787.879	3696.97	0	2.79351
787.879	3858.59	0	3.49478
787.879	4020.2	0	4.40308
787.879	4181.82	0	5.57432
787.879	4343.43	0	7.05359
787.879	4505.05	0	8.82972
787.879	4666.67	0	10.7516
787.879	4828.28	0	12.4491
787.879	4989.9	0	13.4085
787.879	5151.52	0	13.2984
787.879	5313.13	0	12.2473
787.879	5474.75	0	10.7027
787.879	5636.36	0	9.08592
787.879	5797.98	0	7.63063
787.879	5959.6	0	6.41282
787.879	6121.21	0	5.42701
787.879	6282.83	0	4.63857
787.879	6444.44	0	4.0085
787.879	6606.06	0	3.50247
787.879	6767.68	0	3.09284
787.879	6929.29	0	2.75821
787.879	7090.91	0	2.48224
787.879	7252.53	0	2.25251
787.879	7414.14	0	2.05953
787.879	7575.76	0	1.89604
787.879	7737.37	0	1.75641
787.879	7898.99	0	1.63626
787.879	8060.61	0	1.53214
787.879	8222.22	0	1.44132
787.879	8383.84	0	1.36161
787.879	8545.45	0	1.29126
787.879	8707.07	0	1.22883
787.879	8868.69	0	1.17316
787.879	9030.3	0	1.12327
787.879	9191.92	0	1.07837
787.879	9353.54	0	1.03779
787.879	9515.15	0	1.00098
787.879	9676.77	0	0.96745
787.879	9838.38	0	0.936813
787.879	10000	0	0.908722
949.495	-6000	0	0.759371
949.495	-5838.38	0	0.775693
949.495	-5676.77	0	0.793164
949.495	-5515.15	0	0.81191
949.495	-5353.54	0	0.832072
949.495	-5191.92	0	0.853815
949.495	-5030.3	0	0.877323
949.495	-4868.69	0	0.902815
949.495	-4707.07	0	0.930538
949.495	-4545.45	0	0.960785
949.495	-4383.84	0	0.993893
949.495	-4222.22	0	1.03026
949.495	-4060.61	0	1.07036
949.495	-3898.99	0	1.11473
949.495	-3737.37	0	1.16405
949.495	-3575.76	0	1.21909
949.495	-3414.14	0	1.28081
949.495	-3252.53	0	1.35035
949.495	-3090.91	0	1.4291
949.495	-2929.29	0	1.51877
949.495	-2767.68	0	1.62144
949.495	-2606.06	0	1.73972
949.495	-2444.44	0	1.8768
949.495	-2282.83	0	2.03673
949.495	-2121.21	0	2.22452
949.495	-1959.6	0	2.4465
949.495	-1797.98	0	2.71055
949.495	-1636.36	0	3.02644
949.495	-1474.75	0	3.40597
949.495	-1313.13	0	3.86284
949.495	-1151.52	0	4.41153
949.495	-989.899	0	5.06421
949.495	-828.283	0	5.8238
949.495	-666.667	0	6.67103
949.495	-505.051	0	7.54486
949.495	-343.434	0	8.32431
949.495	-181.818	0	8.83535
949.495	-20.202	0	8.91139
949.495	141.414	0	8.49115
949.495	303.03	0	7.6682
949.495	464.646	0	6.63373
949.495	626.263	0	5.57223
949.495	787.879	0	4.60098
949.495	949.495	0	3.76894
949.495	1111.11	0	3.08134
949.495	1272.73	0	2.52301
949.495	1434.34	0	2.07253
949.495	1595.96	0	1.70897
949.495	1757.58	0	1.4144
949.495	1919.19	0	1.17432
949.495	2080.81	0	0.977365
949.495	2242.42	0	0.81469
949.495	2404.04	0	0.679488
949.495	2565.66	0	0.656747
949.495	2727.27	0	0.787424
949.495	2888.89	0	0.944481
949.495	3050.51	0	1.13441
949.495	3212.12	0	1.36562
949.495	3373.74	0	1.64896
949.495	3535.35	0	1.99832
949.495	3696.97	0	2.43099
949.495	3858.59	0	2.96743
949.495	4020.2	0	3.6293
949.495	4181.82	0	4.43378
949.495	4343.43	0	5.38096
949.495	4505.05	0	6.43216
949.495	4666.67	0	7.48414
949.495	4828.28	0	8.36245
949.495	4989.9	0	8.86965
949.495	5151.52	0	8.8866
949.495	5313.13	0	8.44626
949.495	5474.75	0	7.7029
949.495	5636.36	0	6.8356
949.495	5797.98	0	5.97712
949.495	5959.6	0	5.19866
949.495	6121.21	0	4.52572
949.495	6282.83	0	3.9583
949.495	6444.44	0	3.4853
949.495	6606.06	0	3.09236
949.495	6767.68	0	2.76551
949.495	6929.29	0	2.49254
949.495	7090.91	0	2.26332
949.495	7252.53	0	2.06964
949.495	7414.14	0	1.90491
949.495	7575.76	0	1.76388
949.495	7737.37	0	1.64234
949.495	7898.99	0	1.53696
949.495	8060.61	0	1.44503
949.495	8222.22	0	1.36437
949.495	8383.84	0	1.29322
949.495	8545.45	0	1.23013
949.495	8707.07	0	1.17391
949.495	8868.69	0	1.12358
949.495	9030.3	0	1.07833
949.495	9191.92	0	1.03748
949.495	9353.54	0	1.00045
949.495	9515.15	0	0.966764
949.495	9676.77	0	0.936008
949.495	9838.38	0	0.907835
949.495	10000	0	0.881945
1111.11	-6000	0	0.741665
1111.11	-5838.38	0	0.756775
1111.11	-5676.77	0	0.772916
1111.11	-5515.15	0	0.790198
1111.11	-5353.54	0	0.808744
1111.11	-5191.92	0	0.828696
1111.11	-5030.3	0	0.850217
1111.11	-4868.69	0	0.873494
1111.11	-4707.07	0	0.89874
1111.11	-4545.45	0	0.926207
1111.11	-4383.84	0	0.956181
1111.11	-4222.22	0	0.989002
1111.11	-4060.61	0	1.02506
1111.11	-3898.99	0	1.06483
1111.11	-3737.37	0	1.10884
1111.11	-3575.76	0	1.15776
1111.11	-3414.14	0	1.21235
1111.11	-3252.53	0	1.27353
1111.11	-3090.91	0	1.34242
1111.11	-2929.29	0	1.42035
1111.11	-2767.68	0	1.50893
1111.11	-2606.06	0	1.61011
1111.11	-2444.44	0	1.72626
1111.11	-2282.83	0	1.86025
1111.11	-2121.21	0	2.01556
1111.11	-1959.6	0	2.19633
1111.11	-1797.98	0	2.40747
1111.11	-1636.36	0	2.65459
1111.11	-1474.75	0	2.94381
1111.11	-1313.13	0	3.28109
1111.11	-1151.52	0	3.67091
1111.11	-989.899	0	4.11369
1111.11	-828.283	0	4.60143
1111.11	-666.667	0	5.11154
1111.11	-505.051	0	5.60037
1111.11	-343.434	0	6.00121
1111.11	-181.818	0	6.23465
1111.11	-20.202	0	6.23504
1111.11	141.414	0	5.98253
1111.11	303.03	0	5.51656
1111.11	464.646	0	4.91767
1111.11	626.263	0	4.27255
1111.11	787.879	0	3.64767
1111.11	949.495	0	3.08134
1111.11	1111.11	0	2.5887
1111.11	1272.73	0	2.17035
1111.11	1434.34	0	1.81963
1111.11	1595.96	0	1.52726
1111.11	1757.58	0	1.28379
1111.11	1919.19	0	1.08071
1111.11	2080.81	0	0.910788
1111.11	2242.42	0	0.76806
1111.11	2404.04	0	0.647707
1111.11	2565.66	0	0.627303
1111.11	2727.27	0	0.743918
1111.11	2888.89	0	0.882114
1111.11	3050.51	0	1.04652
1111.11	3212.12	0	1.24287
1111.11	3373.74	0	1.47815
1111.11	3535.35	0	1.76065
1111.11	3696.97	0	2.0997
1111.11	3858.59	0	2.50474
1111.11	4020.2	0	2.98319
1111.11	4181.82	0	3.5363
1111.11	4343.43	0	4.15231
1111.11	4505.05	0	4.79785
1111.11	4666.67	0	5.41166
1111.11	4828.28	0	5.90936
1111.11	4989.9	0	6.20655
1111.11	5151.52	0	6.25386
1111.11	5313.13	0	6.0601
1111.11	5474.75	0	5.68456
1111.11	5636.36	0	5.20653
1111.11	5797.98	0	4.69637
1111.11	5959.6	0	4.20216
1111.11	6121.21	0	3.74999
1111.11	6282.83	0	3.35009
1111.11	6444.44	0	3.00322
1111.11	6606.06	0	2.70543
1111.11	6767.68	0	2.45088
1111.11	6929.29	0	2.23345
1111.11	7090.91	0	2.04737
1111.11	7252.53	0	1.88763
1111.11	7414.14	0	1.74993
1111.11	7575.76	0	1.63066
1111.11	7737.37	0	1.52687
1111.11	7898.99	0	1.43609
1111.11	8060.61	0	1.3563
1111.11	8222.22	0	1.28583
1111.11	8383.84	0	1.22329
1111.11	8545.45	0	1.16754
1111.11	8707.07	0	1.11762
1111.11	8868.69	0	1.07274
1111.11	9030.3	0	1.03222
1111.11	9191.92	0	0.995503
1111.11	9353.54	0	0.962107
1111.11	9515.15	0	0.931626
1111.11	9676.77	0	0.903713
1111.11	9838.38	0	0.87807
1111.11	10000	0	0.854442
1272.73	-6000	0	0.7236
1272.73	-5838.38	0	0.737477
1272.73	-5676.77	0	0.752264
1272.73	-5515.15	0	0.768056
1272.73	-5353.54	0	0.784958
1272.73	-5191.92	0	0.803093
1272.73	-5030.3	0	0.822596
1272.73	-4868.69	0	0.843627
1272.73	-4707.07	0	0.866367
1272.73	-4545.45	0	0.891022
1272.73	-4383.84	0	0.917835
1272.73	-4222.22	0	0.947084
1272.73	-4060.61	0	0.979092
1272.73	-3898.99	0	1.01424
1272.73	-3737.37	0	1.05296
1272.73	-3575.76	0	1.09579
1272.73	-3414.14	0	1.14332
1272.73	-3252.53	0	1.19628
1272.73	-3090.91	0	1.25552
1272.73	-2929.29	0	1.32205
1272.73	-2767.68	0	1.39705
1272.73	-2606.06	0	1.48195
1272.73	-2444.44	0	1.5784
1272.73	-2282.83	0	1.68836
1272.73	-2121.21	0	1.81406
1272.73	-1959.6	0	1.95807
1272.73	-1797.98	0	2.12317
1272.73	-1636.36	0	2.31226
1272.73	-1474.75	0	2.52796
1272.73	-1313.13	0	2.77206
1272.73	-1151.52	0	3.0444
1272.73	-989.899	0	3.34129
1272.73	-828.283	0	3.65322
1272.73	-666.667	0	3.96239
1272.73	-505.051	0	4.24124
1272.73	-343.434	0	4.45385
1272.73	-181.818	0	4.56257
1272.73	-20.202	0	4.53938
1272.73	141.414	0	4.37738
1272.73	303.03	0	4.09488
1272.73	464.646	0	3.72888
1272.73	626.263	0	3.32213
1272.73	787.879	0	2.91164
1272.73	949.495	0	2.52301
1272.73	1111.11	0	2.17035
1272.73	1272.73	0	1.85899
1272.73	1434.34	0	1.58876
1272.73	1595.96	0	1.35651
1272.73	1757.58	0	1.1579
1272.73	1919.19	0	0.988386
1272.73	2080.81	0	0.843681
1272.73	2242.42	0	0.720011
1272.73	2404.04	0	0.614144
1272.73	2565.66	0	0.596048
1272.73	2727.27	0	0.698893
1272.73	2888.89	0	0.818996
1272.73	3050.51	0	0.959485
1272.73	3212.12	0	1.12404
1272.73	3373.74	0	1.31684
1272.73	3535.35	0	1.54244
1272.73	3696.97	0	1.80526
1272.73	3858.59	0	2.10877
1272.73	4020.2	0	2.45389
1272.73	4181.82	0	2.83654
1272.73	4343.43	0	3.24451
1272.73	4505.05	0	3.65447
1272.73	4666.67	0	4.03132
1272.73	4828.28	0	4.33266
1272.73	4989.9	0	4.51936
1272.73	5151.52	0	4.56882
1272.73	5313.13	0	4.48321
1272.73	5474.75	0	4.28732
1272.73	5636.36	0	4.01798
1272.73	5797.98	0	3.71209
1272.73	5959.6	0	3.39904
1272.73	6121.21	0	3.09839
1272.73	6282.83	0	2.82102
1272.73	6444.44	0	2.57153
1272.73	6606.06	0	2.3506
1272.73	6767.68	0	2.15671
1272.73	6929.29	0	1.98733
1272.73	7090.91	0	1.83959
1272.73	7252.53	0	1.71065
1272.73	7414.14	0	1.59793
1272.73	7575.76	0	1.4991
1272.73	7737.37	0	1.41217
1272.73	7898.99	0	1.33542
1272.73	8060.61	0	1.2674
1272.73	8222.22	0	1.20688
1272.73	8383.84	0	1.15281
1272.73	8545.45	0	1.10432
1272.73	8707.07	0	1.06066
1272.73	8868.69	0	1.02121
1272.73	9030.3	0	0.985431
1272.73	9191.92	0	0.952865
1272.73	9353.54	0	0.923125
1272.73	9515.15	0	0.895878
1272.73	9676.77	0	0.870837
1272.73	9838.38	0	0.847755
1272.73	10000	0	0.826418
1434.34	-6000	0	0.705273
1434.34	-5838.38	0	0.717905
1434.34	-5676.77	0	0.731328
1434.34	-5515.15	0	0.745619
1434.34	-5353.54	0	0.760869
1434.34	-5191.92	0	0.777177
1434.34	-5030.3	0	0.794657
1434.34	-4868.69	0	0.813441
1434.34	-4707.07	0	0.833674
1434.34	-4545.45	0	0.855528
1434.34	-4383.84	0	0.879197
1434.34	-4222.22	0	0.904903
1434.34	-4060.61	0	0.932906
1434.34	-3898.99	0	0.963504
1434.34	-3737.37	0	0.99704
1434.34	-3575.76	0	1.03392
1434.34	-3414.14	0	1.0746
1434.34	-3252.53	0	1.11963
1434.34	-3090.91	0	1.16964
1434.34	-2929.29	0	1.22535
1434.34	-2767.68	0	1.28761
1434.34	-2606.06	0	1.35739
1434.34	-2444.44	0	1.4358
1434.34	-2282.83	0	1.52408
1434.34	-2121.21	0	1.62359
1434.34	-1959.6	0	1.73577
1434.34	-1797.98	0	1.86203
1434.34	-1636.36	0	2.0036
1434.34	-1474.75	0	2.16121
1434.34	-1313.13	0	2.33464
1434.34	-1151.52	0	2.52205
1434.34	-989.899	0	2.71905
1434.34	-828.283	0	2.91774
1434.34	-666.667	0	3.10586
1434.34	-505.051	0	3.26683
1434.34	-343.434	0	3.38128
1434.34	-181.818	0	3.4307
1434.34	-20.202	0	3.40235
1434.34	141.414	0	3.29369
1434.34	303.03	0	3.11379
1434.34	464.646	0	2.88073
1434.34	626.263	0	2.61647
1434.34	787.879	0	2.34169
1434.34	949.495	0	2.07253
1434.34	1111.11	0	1.81963
1434.34	1272.73	0	1.58876
1434.34	1434.34	0	1.38205
1434.34	1595.96	0	1.19932
1434.34	1757.58	0	1.03906
1434.34	1919.19	0	0.899155
1434.34	2080.81	0	0.777332
1434.34	2242.42	0	0.671376
1434.34	2404.04	0	0.579262
1434.34	2565.66	0	0.563382
1434.34	2727.27	0	0.653107
1434.34	2888.89	0	0.75632
1434.34	3050.51	0	0.875005
1434.34	3212.12	0	1.01134
1434.34	3373.74	0	1.16762
1434.34	3535.35	0	1.346
1434.34	3696.97	0	1.54814
1434.34	3858.59	0	1.77456
1434.34	4020.2	0	2.02363
1434.34	4181.82	0	2.2904
1434.34	4343.43	0	2.56519
1434.34	4505.05	0	2.83289
1434.34	4666.67	0	3.07349
1434.34	4828.28	0	3.26494
1434.34	4989.9	0	3.38797
1434.34	5151.52	0	3.43154
1434.34	5313.13	0	3.39599
1434.34	5474.75	0	3.29243
1434.34	5636.36	0	3.13867
1434.34	5797.98	0	2.95426
1434.34	5959.6	0	2.75648
1434.34	6121.21	0	2.55844
1434.34	6282.83	0	2.3688
1434.34	6444.44	0	2.19255
1434.34	6606.06	0	2.03192
1434.34	6767.68	0	1.88738
1434.34	6929.29	0	1.75833
1434.34	7090.91	0	1.64361
1434.34	7252.53	0	1.54184
1434.34	7414.14	0	1.45156
1434.34	7575.76	0	1.3714
1434.34	7737.37	0	1.30009
1434.34	7898.99	0	1.23649
1434.34	8060.61	0	1.17962
1434.34	8222.22	0	1.12861
1434.34	8383.84	0	1.08269
1434.34	8545.45	0	1.04124
1434.34	8707.07	0	1.00369
1434.34	8868.69	0	0.969556
1434.34	9030.3	0	0.938436
1434.34	9191.92	0	0.909971
1434.34	9353.54	0	0.883854
1434.34	9515.15	0	0.859821
1434.34	9676.77	0	0.837643
1434.34	9838.38	0	0.817119
1434.34	10000	0	0.798076
1595.96	-6000	0	0.686778
1595.96	-5838.38	0	0.698165
1595.96	-5676.77	0	0.710225
1595.96	-5515.15	0	0.72302
1595.96	-5353.54	0	0.736624
1595.96	-5191.92	0	0.751117
1595.96	-5030.3	0	0.766591
1595.96	-4868.69	0	0.78315
1595.96	-4707.07	0	0.80091
1595.96	-4545.45	0	0.820005
1595.96	-4383.84	0	0.840588
1595.96	-4222.22	0	0.86283
1595.96	-4060.61	0	0.886931
1595.96	-3898.99	0	0.913117
1595.96	-3737.37	0	0.941646
1595.96	-3575.76	0	0.972817
1595.96	-3414.14	0	1.00697
1595.96	-3252.53	0	1.04449
1595.96	-3090.91	0	1.08583
1595.96	-2929.29	0	1.13148
1595.96	-2767.68	0	1.18202
1595.96	-2606.06	0	1.23807
1595.96	-2444.44	0	1.30033
1595.96	-2282.83	0	1.36952
1595.96	-2121.21	0	1.44641
1595.96	-1959.6	0	1.53169
1595.96	-1797.98	0	1.62595
1595.96	-1636.36	0	1.7295
1595.96	-1474.75	0	1.84215
1595.96	-1313.13	0	1.96294
1595.96	-1151.52	0	2.08973
1595.96	-989.899	0	2.21877
1595.96	-828.283	0	2.3443
1595.96	-666.667	0	2.45841
1595.96	-505.051	0	2.55135
1595.96	-343.434	0	2.61262
1595.96	-181.818	0	2.63282
1595.96	-20.202	0	2.60585
1595.96	141.414	0	2.53074
1595.96	303.03	0	2.41212
1595.96	464.646	0	2.2592
1595.96	626.263	0	2.08357
1595.96	787.879	0	1.89686
1595.96	949.495	0	1.70897
1595.96	1111.11	0	1.52726
1595.96	1272.73	0	1.35651
1595.96	1434.34	0	1.19932
1595.96	1595.96	0	1.05669
1595.96	1757.58	0	0.928571
1595.96	1919.19	0	0.81426
1595.96	2080.81	0	0.712746
1595.96	2242.42	0	0.622887
1595.96	2404.04	0	0.543535
1595.96	2565.66	0	0.529736
1595.96	2727.27	0	0.607242
1595.96	2888.89	0	0.695045
1595.96	3050.51	0	0.794285
1595.96	3212.12	0	0.906113
1595.96	3373.74	0	1.03158
1595.96	3535.35	0	1.17146
1595.96	3696.97	0	1.32595
1595.96	3858.59	0	1.4943
1595.96	4020.2	0	1.67425
1595.96	4181.82	0	1.86146
1595.96	4343.43	0	2.04908
1595.96	4505.05	0	2.22764
1595.96	4666.67	0	2.38573
1595.96	4828.28	0	2.51159
1595.96	4989.9	0	2.59537
1595.96	5151.52	0	2.63146
1595.96	5313.13	0	2.61978
1595.96	5474.75	0	2.56556
1595.96	5636.36	0	2.47776
1595.96	5797.98	0	2.36684
1595.96	5959.6	0	2.24278
1595.96	6121.21	0	2.1139
1595.96	6282.83	0	1.98635
1595.96	6444.44	0	1.86423
1595.96	6606.06	0	1.74995
1595.96	6767.68	0	1.64466
1595.96	6929.29	0	1.54867
1595.96	7090.91	0	1.46174
1595.96	7252.53	0	1.38333
1595.96	7414.14	0	1.31275
1595.96	7575.76	0	1.24925
1595.96	7737.37	0	1.19209
1595.96	7898.99	0	1.14057
1595.96	8060.61	0	1.09404
1595.96	8222.22	0	1.05194
1595.96	8383.84	0	1.01374
1595.96	8545.45	0	0.978983
1595.96	8707.07	0	0.94728
1595.96	8868.69	0	0.918279
1595.96	9030.3	0	0.891675
1595.96	9191.92	0	0.867201
1595.96	9353.54	0	0.844626
1595.96	9515.15	0	0.823746
1595.96	9676.77	0	0.804385
1595.96	9838.38	0	0.786385
1595.96	10000	0	0.76961
1757.58	-6000	0	0.668207
1757.58	-5838.38	0	0.678359
1757.58	-5676.77	0	0.689069
1757.58	-5515.15	0	0.700387
1757.58	-5353.54	0	0.712368
1757.58	-5191.92	0	0.725075
1757.58	-5030.3	0	0.738579
1757.58	-4868.69	0	0.75296
1757.58	-4707.07	0	0.768305
1757.58	-4545.45	0	0.784717
1757.58	-4383.84	0	0.802307
1757.58	-4222.22	0	0.821205
1757.58	-4060.61	0	0.841554
1757.58	-3898.99	0	0.86352
1757.58	-3737.37	0	0.887287
1757.58	-3575.76	0	0.913064
1757.58	-3414.14	0	0.941087
1757.58	-3252.53	0	0.971621
1757.58	-3090.91	0	1.00496
1757.58	-2929.29	0	1.04143
1757.58	-2767.68	0	1.08138
1757.58	-2606.06	0	1.12519
1757.58	-2444.44	0	1.17326
1757.58	-2282.83	0	1.22598
1757.58	-2121.21	0	1.2837
1757.58	-1959.6	0	1.34669
1757.58	-1797.98	0	1.41508
1757.58	-1636.36	0	1.48872
1757.58	-1474.75	0	1.5671
1757.58	-1313.13	0	1.64913
1757.58	-1151.52	0	1.73295
1757.58	-989.899	0	1.81577
1757.58	-828.283	0	1.89371
1757.58	-666.667	0	1.96186
1757.58	-505.051	0	2.0146
1757.58	-343.434	0	2.0462
1757.58	-181.818	0	2.05177
1757.58	-20.202	0	2.02828
1757.58	141.414	0	1.97531
1757.58	303.03	0	1.89524
1757.58	464.646	0	1.79285
1757.58	626.263	0	1.67432
1757.58	787.879	0	1.54619
1757.58	949.495	0	1.4144
1757.58	1111.11	0	1.28379
1757.58	1272.73	0	1.1579
1757.58	1434.34	0	1.03906
1757.58	1595.96	0	0.928571
1757.58	1757.58	0	0.827021
1757.58	1919.19	0	0.734476
1757.58	2080.81	0	0.650676
1757.58	2242.42	0	0.575176
1757.58	2404.04	0	0.507435
1757.58	2565.66	0	0.495551
1757.58	2727.27	0	0.561901
1757.58	2888.89	0	0.635903
1757.58	3050.51	0	0.718109
1757.58	3212.12	0	0.808988
1757.58	3373.74	0	0.908842
1757.58	3535.35	0	1.01768
1757.58	3696.97	0	1.13503
1757.58	3858.59	0	1.25974
1757.58	4020.2	0	1.38969
1757.58	4181.82	0	1.52159
1757.58	4343.43	0	1.65084
1757.58	4505.05	0	1.77166
1757.58	4666.67	0	1.87757
1757.58	4828.28	0	1.96224
1757.58	4989.9	0	2.02056
1757.58	5151.52	0	2.04963
1757.58	5313.13	0	2.04935
1757.58	5474.75	0	2.0223
1757.58	5636.36	0	1.9731
1757.58	5797.98	0	1.90739
1757.58	5959.6	0	1.83089
1757.58	6121.21	0	1.74866
1757.58	6282.83	0	1.66478
1757.58	6444.44	0	1.58225
1757.58	6606.06	0	1.50308
1757.58	6767.68	0	1.42849
1757.58	6929.29	0	1.3591
1757.58	7090.91	0	1.2951
1757.58	7252.53	0	1.23641
1757.58	7414.14	0	1.18278
1757.58	7575.76	0	1.13387
1757.58	7737.37	0	1.08929
1757.58	7898.99	0	1.04864
1757.58	8060.61	0	1.01155
1757.58	8222.22	0	0.977648
1757.58	8383.84	0	0.946613
1757.58	8545.45	0	0.91814
1757.58	8707.07	0	0.89196
1757.58	8868.69	0	0.867833
1757.58	9030.3	0	0.845544
1757.58	9191.92	0	0.824905
1757.58	9353.54	0	0.805747
1757.58	9515.15	0	0.787921
1757.58	9676.77	0	0.771298
1757.58	9838.38	0	0.755761
1757.58	10000	0	0.741206
1919.19	-6000	0	0.649647
1919.19	-5838.38	0	0.658585
1919.19	-5676.77	0	0.66797
1919.19	-5515.15	0	0.67784
1919.19	-5353.54	0	0.688234
1919.19	-5191.92	0	0.699201
1919.19	-5030.3	0	0.71079
1919.19	-4868.69	0	0.72306
1919.19	-4707.07	0	0.736073
1919.19	-4545.45	0	0.749901
1919.19	-4383.84	0	0.764624
1919.19	-4222.22	0	0.780329
1919.19	-4060.61	0	0.797117
1919.19	-3898.99	0	0.815098
1919.19	-3737.37	0	0.834396
1919.19	-3575.76	0	0.855145
1919.19	-3414.14	0	0.877498
1919.19	-3252.53	0	0.90162
1919.19	-3090.91	0	0.92769
1919.19	-2929.29	0	0.955898
1919.19	-2767.68	0	0.986445
1919.19	-2606.06	0	1.01953
1919.19	-2444.44	0	1.05535
1919.19	-2282.83	0	1.09408
1919.19	-2121.21	0	1.13582
1919.19	-1959.6	0	1.18063
1919.19	-1797.98	0	1.22839
1919.19	-1636.36	0	1.27881
1919.19	-1474.75	0	1.33134
1919.19	-1313.13	0	1.38502
1919.19	-1151.52	0	1.43849
1919.19	-989.899	0	1.48982
1919.19	-828.283	0	1.53655
1919.19	-666.667	0	1.57576
1919.19	-505.051	0	1.60425
1919.19	-343.434	0	1.61894
1919.19	-181.818	0	1.61724
1919.19	-20.202	0	1.5976
1919.19	141.414	0	1.55979
1919.19	303.03	0	1.50499
1919.19	464.646	0	1.43566
1919.19	626.263	0	1.35506
1919.19	787.879	0	1.26679
1919.19	949.495	0	1.17432
1919.19	1111.11	0	1.08071
1919.19	1272.73	0	0.988386
1919.19	1434.34	0	0.899155
1919.19	1595.96	0	0.81426
1919.19	1757.58	0	0.734476
1919.19	1919.19	0	0.660222
1919.19	2080.81	0	0.59166
1919.19	2242.42	0	0.528772
1919.19	2404.04	0	0.471421
1919.19	2565.66	0	0.461268
1919.19	2727.27	0	0.517602
1919.19	2888.89	0	0.579439
1919.19	3050.51	0	0.646932
1919.19	3212.12	0	0.720124
1919.19	3373.74	0	0.798894
1919.19	3535.35	0	0.882878
1919.19	3696.97	0	0.971375
1919.19	3858.59	0	1.06324
1919.19	4020.2	0	1.15678
1919.19	4181.82	0	1.24967
1919.19	4343.43	0	1.33898
1919.19	4505.05	0	1.4213
1919.19	4666.67	0	1.49301
1919.19	4828.28	0	1.55075
1919.19	4989.9	0	1.59188
1919.19	5151.52	0	1.61495
1919.19	5313.13	0	1.61993
1919.19	5474.75	0	1.60815
1919.19	5636.36	0	1.58201
1919.19	5797.98	0	1.54457
1919.19	5959.6	0	1.49901
1919.19	6121.21	0	1.44834
1919.19	6282.83	0	1.39512
1919.19	6444.44	0	1.34135
1919.19	6606.06	0	1.28852
1919.19	6767.68	0	1.23765
1919.19	6929.29	0	1.18936
1919.19	7090.91	0	1.14399
1919.19	7252.53	0	1.10167
1919.19	7414.14	0	1.06239
1919.19	7575.76	0	1.02604
1919.19	7737.37	0	0.992449
1919.19	7898.99	0	0.961441
1919.19	8060.61	0	0.93281
1919.19	8222.22	0	0.906354
1919.19	8383.84	0	0.881881
1919.19	8545.45	0	0.85921
1919.19	8707.07	0	0.838171
1919.19	8868.69	0	0.818612
1919.19	9030.3	0	0.800394
1919.19	9191.92	0	0.783392
1919.19	9353.54	0	0.767491
1919.19	9515.15	0	0.752591
1919.19	9676.77	0	0.738601
1919.19	9838.38	0	0.725441
1919.19	10000	0	0.713037
2080.81	-6000	0	0.631182
2080.81	-5838.38	0	0.638935
2080.81	-5676.77	0	0.64703
2080.81	-5515.15	0	0.655492
2080.81	-5353.54	0	0.66435
2080.81	-5191.92	0	0.673634
2080.81	-5030.3	0	0.683379
2080.81	-4868.69	0	0.693622
2080.81	-4707.07	0	0.704405
2080.81	-4545.45	0	0.715772
2080.81	-4383.84	0	0.727775
2080.81	-4222.22	0	0.740469
2080.81	-4060.61	0	0.753914
2080.81	-3898.99	0	0.768177
2080.81	-3737.37	0	0.783331
2080.81	-3575.76	0	0.799454
2080.81	-3414.14	0	0.81663
2080.81	-3252.53	0	0.83495
2080.81	-3090.91	0	0.854506
2080.81	-2929.29	0	0.875393
2080.81	-2767.68	0	0.897705
2080.81	-2606.06	0	0.921524
2080.81	-2444.44	0	0.946918
2080.81	-2282.83	0	0.973927
2080.81	-2121.21	0	1.00254
2080.81	-1959.6	0	1.03269
2080.81	-1797.98	0	1.06421
2080.81	-1636.36	0	1.09678
2080.81	-1474.75	0	1.12995
2080.81	-1313.13	0	1.16302
2080.81	-1151.52	0	1.19505
2080.81	-989.899	0	1.22485
2080.81	-828.283	0	1.25096
2080.81	-666.667	0	1.27171
2080.81	-505.051	0	1.28536
2080.81	-343.434	0	1.29027
2080.81	-181.818	0	1.2851
2080.81	-20.202	0	1.26903
2080.81	141.414	0	1.24189
2080.81	303.03	0	1.20422
2080.81	464.646	0	1.15718
2080.81	626.263	0	1.10243
2080.81	787.879	0	1.04184
2080.81	949.495	0	0.977365
2080.81	1111.11	0	0.910788
2080.81	1272.73	0	0.843681
2080.81	1434.34	0	0.777332
2080.81	1595.96	0	0.712746
2080.81	1757.58	0	0.650676
2080.81	1919.19	0	0.59166
2080.81	2080.81	0	0.536063
2080.81	2242.42	0	0.484111
2080.81	2404.04	0	0.435924
2080.81	2565.66	0	0.427312
2080.81	2727.27	0	0.474787
2080.81	2888.89	0	0.526039
2080.81	3050.51	0	0.580967
2080.81	3212.12	0	0.639364
2080.81	3373.74	0	0.700897
2080.81	3535.35	0	0.765062
2080.81	3696.97	0	0.831149
2080.81	3858.59	0	0.898203
2080.81	4020.2	0	0.96499
2080.81	4181.82	0	1.02999
2080.81	4343.43	0	1.09145
2080.81	4505.05	0	1.14745
2080.81	4666.67	0	1.19607
2080.81	4828.28	0	1.2356
2080.81	4989.9	0	1.26478
2080.81	5151.52	0	1.28293
2080.81	5313.13	0	1.2901
2080.81	5474.75	0	1.28699
2080.81	5636.36	0	1.27486
2080.81	5797.98	0	1.25531
2080.81	5959.6	0	1.23008
2080.81	6121.21	0	1.20085
2080.81	6282.83	0	1.16913
2080.81	6444.44	0	1.13618
2080.81	6606.06	0	1.10297
2080.81	6767.68	0	1.07024
2080.81	6929.29	0	1.0385
2080.81	7090.91	0	1.00808
2080.81	7252.53	0	0.979171
2080.81	7414.14	0	0.951859
2080.81	7575.76	0	0.926164
2080.81	7737.37	0	0.902054
2080.81	7898.99	0	0.879466
2080.81	8060.61	0	0.858318
2080.81	8222.22	0	0.838519
2080.81	8383.84	0	0.819975
2080.81	8545.45	0	0.802591
2080.81	8707.07	0	0.786278
2080.81	8868.69	0	0.770948
2080.81	9030.3	0	0.756524
2080.81	9191.92	0	0.742931
2080.81	9353.54	0	0.730101
2080.81	9515.15	0	0.717973
2080.81	9676.77	0	0.70649
2080.81	9838.38	0	0.695601
2080.81	10000	0	0.68526
2242.42	-6000	0	0.612891
2242.42	-5838.38	0	0.619496
2242.42	-5676.77	0	0.626343
2242.42	-5515.15	0	0.633449
2242.42	-5353.54	0	0.640829
2242.42	-5191.92	0	0.648502
2242.42	-5030.3	0	0.656485
2242.42	-4868.69	0	0.6648
2242.42	-4707.07	0	0.67347
2242.42	-4545.45	0	0.682516
2242.42	-4383.84	0	0.691967
2242.42	-4222.22	0	0.701848
2242.42	-4060.61	0	0.712189
2242.42	-3898.99	0	0.723022
2242.42	-3737.37	0	0.734379
2242.42	-3575.76	0	0.746294
2242.42	-3414.14	0	0.758801
2242.42	-3252.53	0	0.771935
2242.42	-3090.91	0	0.785729
2242.42	-2929.29	0	0.800211
2242.42	-2767.68	0	0.815402
2242.42	-2606.06	0	0.831316
2242.42	-2444.44	0	0.847947
2242.42	-2282.83	0	0.865268
2242.42	-2121.21	0	0.883218
2242.42	-1959.6	0	0.901694
2242.42	-1797.98	0	0.920532
2242.42	-1636.36	0	0.939494
2242.42	-1474.75	0	0.958251
2242.42	-1313.13	0	0.976366
2242.42	-1151.52	0	0.993283
2242.42	-989.899	0	1.00832
2242.42	-828.283	0	1.0207
2242.42	-666.667	0	1.02956
2242.42	-505.051	0	1.03401
2242.42	-343.434	0	1.03325
2242.42	-181.818	0	1.02659
2242.42	-20.202	0	1.0136
2242.42	141.414	0	0.994135
2242.42	303.03	0	0.968356
2242.42	464.646	0	0.936736
2242.42	626.263	0	0.899988
2242.42	787.879	0	0.858987
2242.42	949.495	0	0.81469
2242.42	1111.11	0	0.76806
2242.42	1272.73	0	0.720011
2242.42	1434.34	0	0.671376
2242.42	1595.96	0	0.622887
2242.42	1757.58	0	0.575176
2242.42	1919.19	0	0.528772
2242.42	2080.81	0	0.484111
2242.42	2242.42	0	0.441544
2242.42	2404.04	0	0.401339
2242.42	2565.66	0	0.39408
2242.42	2727.27	0	0.433818
2242.42	2888.89	0	0.475961
2242.42	3050.51	0	0.520253
2242.42	3212.12	0	0.566361
2242.42	3373.74	0	0.613865
2242.42	3535.35	0	0.662252
2242.42	3696.97	0	0.710913
2242.42	3858.59	0	0.759132
2242.42	4020.2	0	0.806096
2242.42	4181.82	0	0.850903
2242.42	4343.43	0	0.892596
2242.42	4505.05	0	0.930212
2242.42	4666.67	0	0.962854
2242.42	4828.28	0	0.989772
2242.42	4989.9	0	1.01045
2242.42	5151.52	0	1.02465
2242.42	5313.13	0	1.03247
2242.42	5474.75	0	1.03429
2242.42	5636.36	0	1.03075
2242.42	5797.98	0	1.02266
2242.42	5959.6	0	1.01087
2242.42	6121.21	0	0.996268
2242.42	6282.83	0	0.979648
2242.42	6444.44	0	0.961712
2242.42	6606.06	0	0.943038
2242.42	6767.68	0	0.924086
2242.42	6929.29	0	0.905204
2242.42	7090.91	0	0.886647
2242.42	7252.53	0	0.868588
2242.42	7414.14	0	0.851144
2242.42	7575.76	0	0.83438
2242.42	7737.37	0	0.818331
2242.42	7898.99	0	0.803004
2242.42	8060.61	0	0.788391
2242.42	8222.22	0	0.77447
2242.42	8383.84	0	0.761215
2242.42	8545.45	0	0.748593
2242.42	8707.07	0	0.736569
2242.42	8868.69	0	0.72511
2242.42	9030.3	0	0.714182
2242.42	9191.92	0	0.703751
2242.42	9353.54	0	0.693786
2242.42	9515.15	0	0.684257
2242.42	9676.77	0	0.675136
2242.42	9838.38	0	0.666398
2242.42	10000	0	0.658018
2404.04	-6000	0	0.594846
2404.04	-5838.38	0	0.600345
2404.04	-5676.77	0	0.605995
2404.04	-5515.15	0	0.611804
2404.04	-5353.54	0	0.617775
2404.04	-5191.92	0	0.623916
2404.04	-5030.3	0	0.630232
2404.04	-4868.69	0	0.636729
2404.04	-4707.07	0	0.643414
2404.04	-4545.45	0	0.650292
2404.04	-4383.84	0	0.657369
2404.04	-4222.22	0	0.66465
2404.04	-4060.61	0	0.672139
2404.04	-3898.99	0	0.67984
2404.04	-3737.37	0	0.687756
2404.04	-3575.76	0	0.695887
2404.04	-3414.14	0	0.704232
2404.04	-3252.53	0	0.712786
2404.04	-3090.91	0	0.721541
2404.04	-2929.29	0	0.730484
2404.04	-2767.68	0	0.739595
2404.04	-2606.06	0	0.748846
2404.04	-2444.44	0	0.758198
2404.04	-2282.83	0	0.767598
2404.04	-2121.21	0	0.776976
2404.04	-1959.6	0	0.78624
2404.04	-1797.98	0	0.795274
2404.04	-1636.36	0	0.803928
2404.04	-1474.75	0	0.812018
2404.04	-1313.13	0	0.819322
2404.04	-1151.52	0	0.825575
2404.04	-989.899	0	0.830471
2404.04	-828.283	0	0.833671
2404.04	-666.667	0	0.834815
2404.04	-505.051	0	0.833536
2404.04	-343.434	0	0.829488
2404.04	-181.818	0	0.822367
2404.04	-20.202	0	0.811942
2404.04	141.414	0	0.798073
2404.04	303.03	0	0.780725
2404.04	464.646	0	0.759971
2404.04	626.263	0	0.73599
2404.04	787.879	0	0.709048
2404.04	949.495	0	0.679488
2404.04	1111.11	0	0.647707
2404.04	1272.73	0	0.614144
2404.04	1434.34	0	0.579262
2404.04	1595.96	0	0.543535
2404.04	1757.58	0	0.507435
2404.04	1919.19	0	0.471421
2404.04	2080.81	0	0.435924
2404.04	2242.42	0	0.401339
2404.04	2404.04	0	0.368014
2404.04	2565.66	0	0.361931
2404.04	2727.27	0	0.394985
2404.04	2888.89	0	0.429358
2404.04	3050.51	0	0.464713
2404.04	3212.12	0	0.500663
2404.04	3373.74	0	0.536781
2404.04	3535.35	0	0.572613
2404.04	3696.97	0	0.60769
2404.04	3858.59	0	0.641536
2404.04	4020.2	0	0.673685
2404.04	4181.82	0	0.703693
2404.04	4343.43	0	0.731154
2404.04	4505.05	0	0.755714
2404.04	4666.67	0	0.777089
2404.04	4828.28	0	0.795084
2404.04	4989.9	0	0.809607
2404.04	5151.52	0	0.82067
2404.04	5313.13	0	0.828395
2404.04	5474.75	0	0.832998
2404.04	5636.36	0	0.834771
2404.04	5797.98	0	0.834053
2404.04	5959.6	0	0.831211
2404.04	6121.21	0	0.826606
2404.04	6282.83	0	0.820583
2404.04	6444.44	0	0.813455
2404.04	6606.06	0	0.805494
2404.04	6767.68	0	0.79693
2404.04	6929.29	0	0.787956
2404.04	7090.91	0	0.778725
2404.04	7252.53	0	0.769361
2404.04	7414.14	0	0.759959
2404.04	7575.76	0	0.750593
2404.04	7737.37	0	0.74132
2404.04	7898.99	0	0.73218
2404.04	8060.61	0	0.723204
2404.04	8222.22	0	0.714412
2404.04	8383.84	0	0.70582
2404.04	8545.45	0	0.697435
2404.04	8707.07	0	0.689264
2404.04	8868.69	0	0.681308
2404.04	9030.3	0	0.673567
2404.04	9191.92	0	0.666038
2404.04	9353.54	0	0.658718
2404.04	9515.15	0	0.651604
2404.04	9676.77	0	0.644689
2404.04	9838.38	0	0.637968
2404.04	10000	0	0.631436
2565.66	-6000	0	0.591495
2565.66	-5838.38	0	0.596792
2565.66	-5676.77	0	0.602224
2565.66	-5515.15	0	0.607796
2565.66	-5353.54	0	0.613512
2565.66	-5191.92	0	0.619375
2565.66	-5030.3	0	0.625389
2565.66	-4868.69	0	0.631559
2565.66	-4707.07	0	0.637887
2565.66	-4545.45	0	0.644376
2565.66	-4383.84	0	0.651029
2565.66	-4222.22	0	0.657846
2565.66	-4060.61	0	0.664829
2565.66	-3898.99	0	0.671977
2565.66	-3737.37	0	0.679287
2565.66	-3575.76	0	0.686755
2565.66	-3414.14	0	0.694375
2565.66	-3252.53	0	0.702135
2565.66	-3090.91	0	0.710023
2565.66	-2929.29	0	0.71802
2565.66	-2767.68	0	0.726099
2565.66	-2606.06	0	0.734229
2565.66	-2444.44	0	0.742366
2565.66	-2282.83	0	0.750457
2565.66	-2121.21	0	0.758432
2565.66	-1959.6	0	0.766206
2565.66	-1797.98	0	0.773671
2565.66	-1636.36	0	0.780697
2565.66	-1474.75	0	0.787125
2565.66	-1313.13	0	0.792766
2565.66	-1151.52	0	0.797403
2565.66	-989.899	0	0.800784
2565.66	-828.283	0	0.802637
2565.66	-666.667	0	0.802669
2565.66	-505.051	0	0.800585
2565.66	-343.434	0	0.796099
2565.66	-181.818	0	0.788959
2565.66	-20.202	0	0.77896
2565.66	141.414	0	0.765962
2565.66	303.03	0	0.749906
2565.66	464.646	0	0.730811
2565.66	626.263	0	0.708786
2565.66	787.879	0	0.684013
2565.66	949.495	0	0.656747
2565.66	1111.11	0	0.627303
2565.66	1272.73	0	0.596048
2565.66	1434.34	0	0.563382
2565.66	1595.96	0	0.529736
2565.66	1757.58	0	0.495551
2565.66	1919.19	0	0.461268
2565.66	2080.81	0	0.427312
2565.66	2242.42	0	0.39408
2565.66	2404.04	0	0.361931
2565.66	2565.66	0	0.35605
2565.66	2727.27	0	0.38796
2565.66	2888.89	0	0.421014
2565.66	3050.51	0	0.454864
2565.66	3212.12	0	0.489117
2565.66	3373.74	0	0.523354
2565.66	3535.35	0	0.557135
2565.66	3696.97	0	0.590018
2565.66	3858.59	0	0.621569
2565.66	4020.2	0	0.651382
2565.66	4181.82	0	0.679081
2565.66	4343.43	0	0.704343
2565.66	4505.05	0	0.7269
2565.66	4666.67	0	0.746555
2565.66	4828.28	0	0.763185
2565.66	4989.9	0	0.776754
2565.66	5151.52	0	0.787307
2565.66	5313.13	0	0.79497
2565.66	5474.75	0	0.799935
2565.66	5636.36	0	0.802448
2565.66	5797.98	0	0.802791
2565.66	5959.6	0	0.801257
2565.66	6121.21	0	0.79814
2565.66	6282.83	0	0.793719
2565.66	6444.44	0	0.788249
2565.66	6606.06	0	0.781953
2565.66	6767.68	0	0.775026
2565.66	6929.29	0	0.767632
2565.66	7090.91	0	0.759908
2565.66	7252.53	0	0.751963
2565.66	7414.14	0	0.743888
2565.66	7575.76	0	0.735755
2565.66	7737.37	0	0.727621
2565.66	7898.99	0	0.719529
2565.66	8060.61	0	0.711515
2565.66	8222.22	0	0.703605
2565.66	8383.84	0	0.695819
2565.66	8545.45	0	0.688173
2565.66	8707.07	0	0.680675
2565.66	8868.69	0	0.673335
2565.66	9030.3	0	0.666157
2565.66	9191.92	0	0.659143
2565.66	9353.54	0	0.652294
2565.66	9515.15	0	0.645611
2565.66	9676.77	0	0.639091
2565.66	9838.38	0	0.632733
2565.66	10000	0	0.626534
2727.27	-6000	0	0.609487
2727.27	-5838.38	0	0.61588
2727.27	-5676.77	0	0.6225
2727.27	-5515.15	0	0.629357
2727.27	-5353.54	0	0.636468
2727.27	-5191.92	0	0.643847
2727.27	-5030.3	0	0.65151
2727.27	-4868.69	0	0.659476
2727.27	-4707.07	0	0.667763
2727.27	-4545.45	0	0.676391
2727.27	-4383.84	0	0.685383
2727.27	-4222.22	0	0.69476
2727.27	-4060.61	0	0.704547
2727.27	-3898.99	0	0.71477
2727.27	-3737.37	0	0.725454
2727.27	-3575.76	0	0.736627
2727.27	-3414.14	0	0.748316
2727.27	-3252.53	0	0.760546
2727.27	-3090.91	0	0.773341
2727.27	-2929.29	0	0.786719
2727.27	-2767.68	0	0.800695
2727.27	-2606.06	0	0.815268
2727.27	-2444.44	0	0.830427
2727.27	-2282.83	0	0.846136
2727.27	-2121.21	0	0.86233
2727.27	-1959.6	0	0.878906
2727.27	-1797.98	0	0.895706
2727.27	-1636.36	0	0.912508
2727.27	-1474.75	0	0.929012
2727.27	-1313.13	0	0.944823
2727.27	-1151.52	0	0.959446
2727.27	-989.899	0	0.972284
2727.27	-828.283	0	0.98265
2727.27	-666.667	0	0.989796
2727.27	-505.051	0	0.992961
2727.27	-343.434	0	0.991436
2727.27	-181.818	0	0.984635
2727.27	-20.202	0	0.972165
2727.27	141.414	0	0.953883
2727.27	303.03	0	0.929909
2727.27	464.646	0	0.90062
2727.27	626.263	0	0.866604
2727.27	787.879	0	0.828599
2727.27	949.495	0	0.787424
2727.27	1111.11	0	0.743918
2727.27	1272.73	0	0.698893
2727.27	1434.34	0	0.653107
2727.27	1595.96	0	0.607242
2727.27	1757.58	0	0.561901
2727.27	1919.19	0	0.517602
2727.27	2080.81	0	0.474787
2727.27	2242.42	0	0.433818
2727.27	2404.04	0	0.394985
2727.27	2565.66	0	0.38796
2727.27	2727.27	0	0.426367
2727.27	2888.89	0	0.466955
2727.27	3050.51	0	0.509449
2727.27	3212.12	0	0.553501
2727.27	3373.74	0	0.598684
2727.27	3535.35	0	0.644494
2727.27	3696.97	0	0.690345
2727.27	3858.59	0	0.735568
2727.27	4020.2	0	0.779419
2727.27	4181.82	0	0.821095
2727.27	4343.43	0	0.859758
2727.27	4505.05	0	0.894581
2727.27	4666.67	0	0.924807
2727.27	4828.28	0	0.949813
2727.27	4989.9	0	0.96918
2727.27	5151.52	0	0.982736
2727.27	5313.13	0	0.990578
2727.27	5474.75	0	0.993053
2727.27	5636.36	0	0.990715
2727.27	5797.98	0	0.984258
2727.27	5959.6	0	0.974438
2727.27	6121.21	0	0.962009
2727.27	6282.83	0	0.947672
2727.27	6444.44	0	0.932043
2727.27	6606.06	0	0.915636
2727.27	6767.68	0	0.898864
2727.27	6929.29	0	0.882044
2727.27	7090.91	0	0.865413
2727.27	7252.53	0	0.849138
2727.27	7414.14	0	0.833332
2727.27	7575.76	0	0.818067
2727.27	7737.37	0	0.803382
2727.27	7898.99	0	0.789294
2727.27	8060.61	0	0.775804
2727.27	8222.22	0	0.762901
2727.27	8383.84	0	0.750567
2727.27	8545.45	0	0.738779
2727.27	8707.07	0	0.727511
2727.27	8868.69	0	0.716737
2727.27	9030.3	0	0.70643
2727.27	9191.92	0	0.696563
2727.27	9353.54	0	0.687111
2727.27	9515.15	0	0.678049
2727.27	9676.77	0	0.669354
2727.27	9838.38	0	0.661005
2727.27	10000	0	0.65298
2888.89	-6000	0	0.627737
2888.89	-5838.38	0	0.635272
2888.89	-5676.77	0	0.643129
2888.89	-5515.15	0	0.651333
2888.89	-5353.54	0	0.659909
2888.89	-5191.92	0	0.668885
2888.89	-5030.3	0	0.678293
2888.89	-4868.69	0	0.688167
2888.89	-4707.07	0	0.698544
2888.89	-4545.45	0	0.709465
2888.89	-4383.84	0	0.720976
2888.89	-4222.22	0	0.733127
2888.89	-4060.61	0	0.745971
2888.89	-3898.99	0	0.759569
2888.89	-3737.37	0	0.773984
2888.89	-3575.76	0	0.789286
2888.89	-3414.14	0	0.805548
2888.89	-3252.53	0	0.822848
2888.89	-3090.91	0	0.841267
2888.89	-2929.29	0	0.860885
2888.89	-2767.68	0	0.881779
2888.89	-2606.06	0	0.904015
2888.89	-2444.44	0	0.927645
2888.89	-2282.83	0	0.95269
2888.89	-2121.21	0	0.97913
2888.89	-1959.6	0	1.00688
2888.89	-1797.98	0	1.03577
2888.89	-1636.36	0	1.0655
2888.89	-1474.75	0	1.09563
2888.89	-1313.13	0	1.12551
2888.89	-1151.52	0	1.1543
2888.89	-989.899	0	1.18089
2888.89	-828.283	0	1.20398
2888.89	-666.667	0	1.22209
2888.89	-505.051	0	1.23367
2888.89	-343.434	0	1.23727
2888.89	-181.818	0	1.23171
2888.89	-20.202	0	1.21626
2888.89	141.414	0	1.19075
2888.89	303.03	0	1.15564
2888.89	464.646	0	1.11193
2888.89	626.263	0	1.06105
2888.89	787.879	0	1.00467
2888.89	949.495	0	0.944481
2888.89	1111.11	0	0.882114
2888.89	1272.73	0	0.818996
2888.89	1434.34	0	0.75632
2888.89	1595.96	0	0.695045
2888.89	1757.58	0	0.635903
2888.89	1919.19	0	0.579439
2888.89	2080.81	0	0.526039
2888.89	2242.42	0	0.475961
2888.89	2404.04	0	0.429358
2888.89	2565.66	0	0.421014
2888.89	2727.27	0	0.466955
2888.89	2888.89	0	0.516391
2888.89	3050.51	0	0.569184
2888.89	3212.12	0	0.625098
2888.89	3373.74	0	0.683774
2888.89	3535.35	0	0.7447
2888.89	3696.97	0	0.807178
2888.89	3858.59	0	0.870297
2888.89	4020.2	0	0.932908
2888.89	4181.82	0	0.993621
2888.89	4343.43	0	1.05085
2888.89	4505.05	0	1.10289
2888.89	4666.67	0	1.14806
2888.89	4828.28	0	1.18487
2888.89	4989.9	0	1.21223
2888.89	5151.52	0	1.22958
2888.89	5313.13	0	1.23695
2888.89	5474.75	0	1.23499
2888.89	5636.36	0	1.2248
2888.89	5797.98	0	1.20781
2888.89	5959.6	0	1.18553
2888.89	6121.21	0	1.15949
2888.89	6282.83	0	1.13102
2888.89	6444.44	0	1.10127
2888.89	6606.06	0	1.07113
2888.89	6767.68	0	1.04129
2888.89	6929.29	0	1.01222
2888.89	7090.91	0	0.984238
2888.89	7252.53	0	0.957543
2888.89	7414.14	0	0.932233
2888.89	7575.76	0	0.908338
2888.89	7737.37	0	0.885844
2888.89	7898.99	0	0.864703
2888.89	8060.61	0	0.844852
2888.89	8222.22	0	0.826214
2888.89	8383.84	0	0.80871
2888.89	8545.45	0	0.792259
2888.89	8707.07	0	0.776783
2888.89	8868.69	0	0.762208
2888.89	9030.3	0	0.748462
2888.89	9191.92	0	0.735481
2888.89	9353.54	0	0.723204
2888.89	9515.15	0	0.711577
2888.89	9676.77	0	0.700549
2888.89	9838.38	0	0.690073
2888.89	10000	0	0.680108
3050.51	-6000	0	0.646175
3050.51	-5838.38	0	0.654889
3050.51	-5676.77	0	0.664029
3050.51	-5515.15	0	0.673631
3050.51	-5353.54	0	0.683733
3050.51	-5191.92	0	0.69438
3050.51	-5030.3	0	0.705617
3050.51	-4868.69	0	0.7175
3050.51	-4707.07	0	0.730087
3050.51	-4545.45	0	0.743444
3050.51	-4383.84	0	0.757644
3050.51	-4222.22	0	0.772771
3050.51	-4060.61	0	0.788915
3050.51	-3898.99	0	0.806178
3050.51	-3737.37	0	0.824672
3050.51	-3575.76	0	0.844523
3050.51	-3414.14	0	0.865867
3050.51	-3252.53	0	0.888854
3050.51	-3090.91	0	0.913645
3050.51	-2929.29	0	0.940409
3050.51	-2767.68	0	0.969324
3050.51	-2606.06	0	1.00057
3050.51	-2444.44	0	1.0343
3050.51	-2282.83	0	1.07066
3050.51	-2121.21	0	1.10974
3050.51	-1959.6	0	1.15154
3050.51	-1797.98	0	1.19595
3050.51	-1636.36	0	1.24265
3050.51	-1474.75	0	1.2911
3050.51	-1313.13	0	1.34041
3050.51	-1151.52	0	1.38927
3050.51	-989.899	0	1.43591
3050.51	-828.283	0	1.47811
3050.51	-666.667	0	1.5132
3050.51	-505.051	0	1.53834
3050.51	-343.434	0	1.55076
3050.51	-181.818	0	1.5482
3050.51	-20.202	0	1.52926
3050.51	141.414	0	1.49373
3050.51	303.03	0	1.44266
3050.51	464.646	0	1.37818
3050.51	626.263	0	1.30319
3050.51	787.879	0	1.22089
3050.51	949.495	0	1.13441
3050.51	1111.11	0	1.04652
3050.51	1272.73	0	0.959485
3050.51	1434.34	0	0.875005
3050.51	1595.96	0	0.794285
3050.51	1757.58	0	0.718109
3050.51	1919.19	0	0.646932
3050.51	2080.81	0	0.580967
3050.51	2242.42	0	0.520253
3050.51	2404.04	0	0.464713
3050.51	2565.66	0	0.454864
3050.51	2727.27	0	0.509449
3050.51	2888.89	0	0.569184
3050.51	3050.51	0	0.634163
3050.51	3212.12	0	0.704373
3050.51	3373.74	0	0.779638
3050.51	3535.35	0	0.859554
3050.51	3696.97	0	0.943408
3050.51	3858.59	0	1.03008
3050.51	4020.2	0	1.11796
3050.51	4181.82	0	1.2049
3050.51	4343.43	0	1.28822
3050.51	4505.05	0	1.36483
3050.51	4666.67	0	1.43151
3050.51	4828.28	0	1.48529
3050.51	4989.9	0	1.52385
3050.51	5151.52	0	1.54592
3050.51	5313.13	0	1.55148
3050.51	5474.75	0	1.54172
3050.51	5636.36	0	1.51876
3050.51	5797.98	0	1.48531
3050.51	5959.6	0	1.44424
3050.51	6121.21	0	1.39824
3050.51	6282.83	0	1.34965
3050.51	6444.44	0	1.30032
3050.51	6606.06	0	1.25163
3050.51	6767.68	0	1.20454
3050.51	6929.29	0	1.15967
3050.51	7090.91	0	1.11737
3050.51	7252.53	0	1.07778
3050.51	7414.14	0	1.04091
3050.51	7575.76	0	1.0067
3050.51	7737.37	0	0.975
3050.51	7898.99	0	0.945662
3050.51	8060.61	0	0.918507
3050.51	8222.22	0	0.89336
3050.51	8383.84	0	0.870048
3050.51	8545.45	0	0.848407
3050.51	8707.07	0	0.828287
3050.51	8868.69	0	0.809548
3050.51	9030.3	0	0.792063
3050.51	9191.92	0	0.775717
3050.51	9353.54	0	0.760407
3050.51	9515.15	0	0.74604
3050.51	9676.77	0	0.73253
3050.51	9838.38	0	0.719805
3050.51	10000	0	0.707795
3212.12	-6000	0	0.664723
3212.12	-5838.38	0	0.674646
3212.12	-5676.77	0	0.685106
3212.12	-5515.15	0	0.696149
3212.12	-5353.54	0	0.707829
3212.12	-5191.92	0	0.720206
3212.12	-5030.3	0	0.733347
3212.12	-4868.69	0	0.747326
3212.12	-4707.07	0	0.762227
3212.12	-4545.45	0	0.778146
3212.12	-4383.84	0	0.795188
3212.12	-4222.22	0	0.813475
3212.12	-4060.61	0	0.833141
3212.12	-3898.99	0	0.854341
3212.12	-3737.37	0	0.877246
3212.12	-3575.76	0	0.902052
3212.12	-3414.14	0	0.928975
3212.12	-3252.53	0	0.958261
3212.12	-3090.91	0	0.990179
3212.12	-2929.29	0	1.02503
3212.12	-2767.68	0	1.06312
3212.12	-2606.06	0	1.10481
3212.12	-2444.44	0	1.15044
3212.12	-2282.83	0	1.20035
3212.12	-2121.21	0	1.25484
3212.12	-1959.6	0	1.31413
3212.12	-1797.98	0	1.37827
3212.12	-1636.36	0	1.4471
3212.12	-1474.75	0	1.52005
3212.12	-1313.13	0	1.59606
3212.12	-1151.52	0	1.67336
3212.12	-989.899	0	1.74932
3212.12	-828.283	0	1.82037
3212.12	-666.667	0	1.88205
3212.12	-505.051	0	1.92928
3212.12	-343.434	0	1.95695
3212.12	-181.818	0	1.96074
3212.12	-20.202	0	1.93798
3212.12	141.414	0	1.88828
3212.12	303.03	0	1.81377
3212.12	464.646	0	1.71865
3212.12	626.263	0	1.60843
3212.12	787.879	0	1.48895
3212.12	949.495	0	1.36562
3212.12	1111.11	0	1.24287
3212.12	1272.73	0	1.12404
3212.12	1434.34	0	1.01134
3212.12	1595.96	0	0.906113
3212.12	1757.58	0	0.808988
3212.12	1919.19	0	0.720124
3212.12	2080.81	0	0.639364
3212.12	2242.42	0	0.566361
3212.12	2404.04	0	0.500663
3212.12	2565.66	0	0.489117
3212.12	2727.27	0	0.553501
3212.12	2888.89	0	0.625098
3212.12	3050.51	0	0.704373
3212.12	3212.12	0	0.791698
3212.12	3373.74	0	0.887274
3212.12	3535.35	0	0.991016
3212.12	3696.97	0	1.10239
3212.12	3858.59	0	1.22021
3212.12	4020.2	0	1.34244
3212.12	4181.82	0	1.46597
3212.12	4343.43	0	1.58656
3212.12	4505.05	0	1.69896
3212.12	4666.67	0	1.79735
3212.12	4828.28	0	1.8761
3212.12	4989.9	0	1.93068
3212.12	5151.52	0	1.95854
3212.12	5313.13	0	1.95959
3212.12	5474.75	0	1.9361
3212.12	5636.36	0	1.89216
3212.12	5797.98	0	1.8328
3212.12	5959.6	0	1.76314
3212.12	6121.21	0	1.6878
3212.12	6282.83	0	1.61052
3212.12	6444.44	0	1.53411
3212.12	6606.06	0	1.46049
3212.12	6767.68	0	1.39083
3212.12	6929.29	0	1.32579
3212.12	7090.91	0	1.26559
3212.12	7252.53	0	1.21021
3212.12	7414.14	0	1.15947
3212.12	7575.76	0	1.11306
3212.12	7737.37	0	1.07066
3212.12	7898.99	0	1.03191
3212.12	8060.61	0	0.99648
3212.12	8222.22	0	0.964037
3212.12	8383.84	0	0.934279
3212.12	8545.45	0	0.906931
3212.12	8707.07	0	0.881746
3212.12	8868.69	0	0.8585
3212.12	9030.3	0	0.836994
3212.12	9191.92	0	0.817053
3212.12	9353.54	0	0.798518
3212.12	9515.15	0	0.781252
3212.12	9676.77	0	0.765132
3212.12	9838.38	0	0.750047
3212.12	10000	0	0.735902
3373.74	-6000	0	0.683299
3373.74	-5838.38	0	0.694454
3373.74	-5676.77	0	0.706259
3373.74	-5515.15	0	0.718775
3373.74	-5353.54	0	0.732073
3373.74	-5191.92	0	0.746228
3373.74	-5030.3	0	0.76133
3373.74	-4868.69	0	0.777476
3373.74	-4707.07	0	0.794778
3373.74	-4545.45	0	0.813363
3373.74	-4383.84	0	0.833377
3373.74	-4222.22	0	0.854982
3373.74	-4060.61	0	0.878366
3373.74	-3898.99	0	0.903745
3373.74	-3737.37	0	0.931361
3373.74	-3575.76	0	0.961495
3373.74	-3414.14	0	0.994465
3373.74	-3252.53	0	1.03064
3373.74	-3090.91	0	1.07042
3373.74	-2929.29	0	1.11428
3373.74	-2767.68	0	1.16275
3373.74	-2606.06	0	1.21639
3373.74	-2444.44	0	1.27583
3373.74	-2282.83	0	1.34174
3373.74	-2121.21	0	1.41478
3373.74	-1959.6	0	1.49554
3373.74	-1797.98	0	1.58451
3373.74	-1636.36	0	1.68188
3373.74	-1474.75	0	1.78736
3373.74	-1313.13	0	1.89994
3373.74	-1151.52	0	2.0175
3373.74	-989.899	0	2.13647
3373.74	-828.283	0	2.25146
3373.74	-666.667	0	2.35523
3373.74	-505.051	0	2.43897
3373.74	-343.434	0	2.49332
3373.74	-181.818	0	2.50995
3373.74	-20.202	0	2.48356
3373.74	141.414	0	2.41329
3373.74	303.03	0	2.30326
3373.74	464.646	0	2.1616
3373.74	626.263	0	1.99861
3373.74	787.879	0	1.82472
3373.74	949.495	0	1.64896
3373.74	1111.11	0	1.47815
3373.74	1272.73	0	1.31684
3373.74	1434.34	0	1.16762
3373.74	1595.96	0	1.03158
3373.74	1757.58	0	0.908842
3373.74	1919.19	0	0.798894
3373.74	2080.81	0	0.700897
3373.74	2242.42	0	0.613865
3373.74	2404.04	0	0.536781
3373.74	2565.66	0	0.523354
3373.74	2727.27	0	0.598684
3373.74	2888.89	0	0.683774
3373.74	3050.51	0	0.779638
3373.74	3212.12	0	0.887274
3373.74	3373.74	0	1.00756
3373.74	3535.35	0	1.14109
3373.74	3696.97	0	1.28789
3373.74	3858.59	0	1.44708
3373.74	4020.2	0	1.61639
3373.74	4181.82	0	1.79167
3373.74	4343.43	0	1.96654
3373.74	4505.05	0	2.13234
3373.74	4666.67	0	2.27882
3373.74	4828.28	0	2.39549
3373.74	4989.9	0	2.47367
3373.74	5151.52	0	2.50838
3373.74	5313.13	0	2.49952
3373.74	5474.75	0	2.45168
3373.74	5636.36	0	2.37274
3373.74	5797.98	0	2.27202
3373.74	5959.6	0	2.15852
3373.74	6121.21	0	2.03984
3373.74	6282.83	0	1.92169
3373.74	6444.44	0	1.80798
3373.74	6606.06	0	1.70106
3373.74	6767.68	0	1.60213
3373.74	6929.29	0	1.51159
3373.74	7090.91	0	1.42931
3373.74	7252.53	0	1.35487
3373.74	7414.14	0	1.28768
3373.74	7575.76	0	1.22707
3373.74	7737.37	0	1.17239
3373.74	7898.99	0	1.123
3373.74	8060.61	0	1.07832
3373.74	8222.22	0	1.03781
3373.74	8383.84	0	1.00099
3373.74	8545.45	0	0.96745
3373.74	8707.07	0	0.93681
3373.74	8868.69	0	0.908744
3373.74	9030.3	0	0.882966
3373.74	9191.92	0	0.859225
3373.74	9353.54	0	0.837301
3373.74	9515.15	0	0.817003
3373.74	9676.77	0	0.798161
3373.74	9838.38	0	0.780628
3373.74	10000	0	0.764274
3535.35	-6000	0	0.701815
3535.35	-5838.38	0	0.714214
3535.35	-5676.77	0	0.72738
3535.35	-5515.15	0	0.74139
3535.35	-5353.54	0	0.75633
3535.35	-5191.92	0	0.772297
3535.35	-5030.3	0	0.789399
3535.35	-4868.69	0	0.807763
3535.35	-4707.07	0	0.827529
3535.35	-4545.45	0	0.848862
3535.35	-4383.84	0	0.871946
3535.35	-4222.22	0	0.896996
3535.35	-4060.61	0	0.924258
3535.35	-3898.99	0	0.954015
3535.35	-3737.37	0	0.986598
3535.35	-3575.76	0	1.02238
3535.35	-3414.14	0	1.06182
3535.35	-3252.53	0	1.1054
3535.35	-3090.91	0	1.15373
3535.35	-2929.29	0	1.2075
3535.35	-2767.68	0	1.26748
3535.35	-2606.06	0	1.33457
3535.35	-2444.44	0	1.40981
3535.35	-2282.83	0	1.49431
3535.35	-2121.21	0	1.58931
3535.35	-1959.6	0	1.69607
3535.35	-1797.98	0	1.81583
3535.35	-1636.36	0	1.94959
3535.35	-1474.75	0	2.09784
3535.35	-1313.13	0	2.26016
3535.35	-1151.52	0	2.43457
3535.35	-989.899	0	2.61676
3535.35	-828.283	0	2.79921
3535.35	-666.667	0	2.97059
3535.35	-505.051	0	3.11586
3535.35	-343.434	0	3.21778
3535.35	-181.818	0	3.26006
3535.35	-20.202	0	3.23167
3535.35	141.414	0	3.13047
3535.35	303.03	0	2.96446
3535.35	464.646	0	2.74954
3535.35	626.263	0	2.50513
3535.35	787.879	0	2.24981
3535.35	949.495	0	1.99832
3535.35	1111.11	0	1.76065
3535.35	1272.73	0	1.54244
3535.35	1434.34	0	1.346
3535.35	1595.96	0	1.17146
3535.35	1757.58	0	1.01768
3535.35	1919.19	0	0.882878
3535.35	2080.81	0	0.765062
3535.35	2242.42	0	0.662252
3535.35	2404.04	0	0.572613
3535.35	2565.66	0	0.557135
3535.35	2727.27	0	0.644494
3535.35	2888.89	0	0.7447
3535.35	3050.51	0	0.859554
3535.35	3212.12	0	0.991016
3535.35	3373.74	0	1.14109
3535.35	3535.35	0	1.31162
3535.35	3696.97	0	1.50392
3535.35	3858.59	0	1.71815
3535.35	4020.2	0	1.95248
3535.35	4181.82	0	2.202
3535.35	4343.43	0	2.45759
3535.35	4505.05	0	2.70536
3535.35	4666.67	0	2.92732
3535.35	4828.28	0	3.10389
3535.35	4989.9	0	3.21813
3535.35	5151.52	0	3.26032
3535.35	5313.13	0	3.23068
3535.35	5474.75	0	3.1388
3535.35	5636.36	0	3.00032
3535.35	5797.98	0	2.83259
3535.35	5959.6	0	2.65124
3535.35	6121.21	0	2.46832
3535.35	6282.83	0	2.29204
3535.35	6444.44	0	2.12724
3535.35	6606.06	0	1.97628
3535.35	6767.68	0	1.83982
3535.35	6929.29	0	1.7175
3535.35	7090.91	0	1.60839
3535.35	7252.53	0	1.51128
3535.35	7414.14	0	1.42491
3535.35	7575.76	0	1.34803
3535.35	7737.37	0	1.27949
3535.35	7898.99	0	1.21824
3535.35	8060.61	0	1.16338
3535.35	8222.22	0	1.11408
3535.35	8383.84	0	1.06965
3535.35	8545.45	0	1.02949
3535.35	8707.07	0	0.993051
3535.35	8868.69	0	0.959899
3535.35	9030.3	0	0.929638
3535.35	9191.92	0	0.901931
3535.35	9353.54	0	0.876486
3535.35	9515.15	0	0.85305
3535.35	9676.77	0	0.831405
3535.35	9838.38	0	0.811357
3535.35	10000	0	0.792742
3696.97	-6000	0	0.720181
3696.97	-5838.38	0	0.733825
3696.97	-5676.77	0	0.748357
3696.97	-5515.15	0	0.763867
3696.97	-5353.54	0	0.78046
3696.97	-5191.92	0	0.798252
3696.97	-5030.3	0	0.817376
3696.97	-4868.69	0	0.837985
3696.97	-4707.07	0	0.860253
3696.97	-4545.45	0	0.884382
3696.97	-4383.84	0	0.910603
3696.97	-4222.22	0	0.939184
3696.97	-4060.61	0	0.970436
3696.97	-3898.99	0	1.00472
3696.97	-3737.37	0	1.04246
3696.97	-3575.76	0	1.08416
3696.97	-3414.14	0	1.13039
3696.97	-3252.53	0	1.18183
3696.97	-3090.91	0	1.2393
3696.97	-2929.29	0	1.30375
3696.97	-2767.68	0	1.3763
3696.97	-2606.06	0	1.45827
3696.97	-2444.44	0	1.5512
3696.97	-2282.83	0	1.6569
3696.97	-2121.21	0	1.77742
3696.97	-1959.6	0	1.91508
3696.97	-1797.98	0	2.07236
3696.97	-1636.36	0	2.25175
3696.97	-1474.75	0	2.45545
3696.97	-1313.13	0	2.68472
3696.97	-1151.52	0	2.93893
3696.97	-989.899	0	3.21407
3696.97	-828.283	0	3.5008
3696.97	-666.667	0	3.78244
3696.97	-505.051	0	4.03384
3696.97	-343.434	0	4.22302
3696.97	-181.818	0	4.31713
3696.97	-20.202	0	4.29209
3696.97	141.414	0	4.14222
3696.97	303.03	0	3.88348
3696.97	464.646	0	3.5481
3696.97	626.263	0	3.17373
3696.97	787.879	0	2.79351
3696.97	949.495	0	2.43099
3696.97	1111.11	0	2.0997
3696.97	1272.73	0	1.80526
3696.97	1434.34	0	1.54814
3696.97	1595.96	0	1.32595
3696.97	1757.58	0	1.13503
3696.97	1919.19	0	0.971375
3696.97	2080.81	0	0.831149
3696.97	2242.42	0	0.710913
3696.97	2404.04	0	0.60769
3696.97	2565.66	0	0.590018
3696.97	2727.27	0	0.690345
3696.97	2888.89	0	0.807178
3696.97	3050.51	0	0.943408
3696.97	3212.12	0	1.10239
3696.97	3373.74	0	1.28789
3696.97	3535.35	0	1.50392
3696.97	3696.97	0	1.75425
3696.97	3858.59	0	2.04162
3696.97	4020.2	0	2.36624
3696.97	4181.82	0	2.72365
3696.97	4343.43	0	3.10203
3696.97	4505.05	0	3.47977
3696.97	4666.67	0	3.8253
3696.97	4828.28	0	4.10119
3696.97	4989.9	0	4.27331
3696.97	5151.52	0	4.32197
3696.97	5313.13	0	4.24882
3696.97	5474.75	0	4.07508
3696.97	5636.36	0	3.83277
3696.97	5797.98	0	3.55464
3696.97	5959.6	0	3.26734
3696.97	6121.21	0	2.98912
3696.97	6282.83	0	2.73055
3696.97	6444.44	0	2.49648
3696.97	6606.06	0	2.28804
3696.97	6767.68	0	2.10424
3696.97	6929.29	0	1.943
3696.97	7090.91	0	1.80185
3696.97	7252.53	0	1.6783
3696.97	7414.14	0	1.56999
3696.97	7575.76	0	1.4748
3696.97	7737.37	0	1.39091
3696.97	7898.99	0	1.3167
3696.97	8060.61	0	1.25082
3696.97	8222.22	0	1.19212
3696.97	8383.84	0	1.13961
3696.97	8545.45	0	1.09246
3696.97	8707.07	0	1.04996
3696.97	8868.69	0	1.01152
3696.97	9030.3	0	0.976621
3696.97	9191.92	0	0.94483
3696.97	9353.54	0	0.915773
3696.97	9515.15	0	0.889132
3696.97	9676.77	0	0.864629
3696.97	9838.38	0	0.842028
3696.97	10000	0	0.821122
3858.59	-6000	0	0.738302
3858.59	-5838.38	0	0.753182
3858.59	-5676.77	0	0.769071
3858.59	-5515.15	0	0.786075
3858.59	-5353.54	0	0.804314
3858.59	-5191.92	0	0.823927
3858.59	-5030.3	0	0.845072
3858.59	-4868.69	0	0.867928
3858.59	-4707.07	0	0.892706
3858.59	-4545.45	0	0.919647
3858.59	-4383.84	0	0.949029
3858.59	-4222.22	0	0.98118
3858.59	-4060.61	0	1.01648
3858.59	-3898.99	0	1.05538
3858.59	-3737.37	0	1.0984
3858.59	-3575.76	0	1.14616
3858.59	-3414.14	0	1.19942
3858.59	-3252.53	0	1.25905
3858.59	-3090.91	0	1.32611
3858.59	-2929.29	0	1.40186
3858.59	-2767.68	0	1.48784
3858.59	-2606.06	0	1.58589
3858.59	-2444.44	0	1.69824
3858.59	-2282.83	0	1.82757
3858.59	-2121.21	0	1.97708
3858.59	-1959.6	0	2.1506
3858.59	-1797.98	0	2.35256
3858.59	-1636.36	0	2.58798
3858.59	-1474.75	0	2.86215
3858.59	-1313.13	0	3.18004
3858.59	-1151.52	0	3.54495
3858.59	-989.899	0	3.95609
3858.59	-828.283	0	4.40472
3858.59	-666.667	0	4.8689
3858.59	-505.051	0	5.30832
3858.59	-343.434	0	5.66355
3858.59	-181.818	0	5.86575
3858.59	-20.202	0	5.85927
3858.59	141.414	0	5.62791
3858.59	303.03	0	5.2056
3858.59	464.646	0	4.66154
3858.59	626.263	0	4.07142
3858.59	787.879	0	3.49478
3858.59	949.495	0	2.96743
3858.59	1111.11	0	2.50474
3858.59	1272.73	0	2.10877
3858.59	1434.34	0	1.77456
3858.59	1595.96	0	1.4943
3858.59	1757.58	0	1.25974
3858.59	1919.19	0	1.06324
3858.59	2080.81	0	0.898203
3858.59	2242.42	0	0.759132
3858.59	2404.04	0	0.641536
3858.59	2565.66	0	0.621569
3858.59	2727.27	0	0.735568
3858.59	2888.89	0	0.870297
3858.59	3050.51	0	1.03008
3858.59	3212.12	0	1.22021
3858.59	3373.74	0	1.44708
3858.59	3535.35	0	1.71815
3858.59	3696.97	0	2.04162
3858.59	3858.59	0	2.4255
3858.59	4020.2	0	2.87555
3858.59	4181.82	0	3.39145
3858.59	4343.43	0	3.96087
3858.59	4505.05	0	4.5523
3858.59	4666.67	0	5.1105
3858.59	4828.28	0	5.56151
3858.59	4989.9	0	5.83266
3858.59	5151.52	0	5.88159
3858.59	5313.13	0	5.71515
3858.59	5474.75	0	5.38338
3858.59	5636.36	0	4.95473
3858.59	5797.98	0	4.49151
3858.59	5959.6	0	4.0378
3858.59	6121.21	0	3.61864
3858.59	6282.83	0	3.24483
3858.59	6444.44	0	2.91829
3858.59	6606.06	0	2.63627
3858.59	6767.68	0	2.394
3858.59	6929.29	0	2.18616
3858.59	7090.91	0	2.00766
3858.59	7252.53	0	1.85396
3858.59	7414.14	0	1.72111
3858.59	7575.76	0	1.6058
3858.59	7737.37	0	1.50525
3858.59	7898.99	0	1.41715
3858.59	8060.61	0	1.3396
3858.59	8222.22	0	1.27102
3858.59	8383.84	0	1.21009
3858.59	8545.45	0	1.15571
3858.59	8707.07	0	1.10697
3858.59	8868.69	0	1.06311
3858.59	9030.3	0	1.02348
3858.59	9191.92	0	0.987546
3858.59	9353.54	0	0.954836
3858.59	9515.15	0	0.924961
3858.59	9676.77	0	0.897585
3858.59	9838.38	0	0.872421
3858.59	10000	0	0.849221
4020.2	-6000	0	0.756083
4020.2	-5838.38	0	0.77218
4020.2	-5676.77	0	0.789404
4020.2	-5515.15	0	0.807878
4020.2	-5353.54	0	0.82774
4020.2	-5191.92	0	0.84915
4020.2	-5030.3	0	0.872289
4020.2	-4868.69	0	0.897369
4020.2	-4707.07	0	0.924632
4020.2	-4545.45	0	0.954362
4020.2	-4383.84	0	0.986887
4020.2	-4222.22	0	1.02259
4020.2	-4060.61	0	1.06194
4020.2	-3898.99	0	1.10545
4020.2	-3737.37	0	1.15378
4020.2	-3575.76	0	1.20768
4020.2	-3414.14	0	1.26806
4020.2	-3252.53	0	1.33603
4020.2	-3090.91	0	1.41293
4020.2	-2929.29	0	1.50038
4020.2	-2767.68	0	1.60039
4020.2	-2606.06	0	1.71542
4020.2	-2444.44	0	1.84851
4020.2	-2282.83	0	2.00346
4020.2	-2121.21	0	2.18498
4020.2	-1959.6	0	2.39894
4020.2	-1797.98	0	2.65259
4020.2	-1636.36	0	2.9548
4020.2	-1474.75	0	3.31611
4020.2	-1313.13	0	3.74842
4020.2	-1151.52	0	4.2638
4020.2	-989.899	0	4.87133
4020.2	-828.283	0	5.5707
4020.2	-666.667	0	6.34068
4020.2	-505.051	0	7.12298
4020.2	-343.434	0	7.80898
4020.2	-181.818	0	8.24884
4020.2	-20.202	0	8.30361
4020.2	141.414	0	7.92404
4020.2	303.03	0	7.18899
4020.2	464.646	0	6.25974
4020.2	626.263	0	5.29584
4020.2	787.879	0	4.40308
4020.2	949.495	0	3.6293
4020.2	1111.11	0	2.98319
4020.2	1272.73	0	2.45389
4020.2	1434.34	0	2.02363
4020.2	1595.96	0	1.67425
4020.2	1757.58	0	1.38969
4020.2	1919.19	0	1.15678
4020.2	2080.81	0	0.96499
4020.2	2242.42	0	0.806096
4020.2	2404.04	0	0.673685
4020.2	2565.66	0	0.651382
4020.2	2727.27	0	0.779419
4020.2	2888.89	0	0.932908
4020.2	3050.51	0	1.11796
4020.2	3212.12	0	1.34244
4020.2	3373.74	0	1.61639
4020.2	3535.35	0	1.95248
4020.2	3696.97	0	2.36624
4020.2	3858.59	0	2.87555
4020.2	4020.2	0	3.49859
4020.2	4181.82	0	4.24827
4020.2	4343.43	0	5.12088
4020.2	4505.05	0	6.07759
4020.2	4666.67	0	7.02425
4020.2	4828.28	0	7.80905
4020.2	4989.9	0	8.26485
4020.2	5151.52	0	8.2916
4020.2	5313.13	0	7.915
4020.2	5474.75	0	7.26307
4020.2	5636.36	0	6.48897
4020.2	5797.98	0	5.71084
4020.2	5959.6	0	4.99573
4020.2	6121.21	0	4.37052
4020.2	6282.83	0	3.83839
4020.2	6444.44	0	3.39138
4020.2	6606.06	0	3.0177
4020.2	6767.68	0	2.70526
4020.2	6929.29	0	2.44323
4020.2	7090.91	0	2.22243
4020.2	7252.53	0	2.03531
4020.2	7414.14	0	1.87577
4020.2	7575.76	0	1.73889
4020.2	7737.37	0	1.62073
4020.2	7898.99	0	1.51811
4020.2	8060.61	0	1.42847
4020.2	8222.22	0	1.34973
4020.2	8383.84	0	1.28019
4020.2	8545.45	0	1.21848
4020.2	8707.07	0	1.16344
4020.2	8868.69	0	1.11413
4020.2	9030.3	0	1.06976
4020.2	9191.92	0	1.02968
4020.2	9353.54	0	0.993327
4020.2	9515.15	0	0.960236
4020.2	9676.77	0	0.930009
4020.2	9838.38	0	0.902307
4020.2	10000	0	0.876837
4181.82	-6000	0	0.773428
4181.82	-5838.38	0	0.790709
4181.82	-5676.77	0	0.809234
4181.82	-5515.15	0	0.82914
4181.82	-5353.54	0	0.850584
4181.82	-5191.92	0	0.873744
4181.82	-5030.3	0	0.898829
4181.82	-4868.69	0	0.926078
4181.82	-4707.07	0	0.955768
4181.82	-4545.45	0	0.988224
4181.82	-4383.84	0	1.02382
4181.82	-4222.22	0	1.06302
4181.82	-4060.61	0	1.10633
4181.82	-3898.99	0	1.15439
4181.82	-3737.37	0	1.20795
4181.82	-3575.76	0	1.26791
4181.82	-3414.14	0	1.33537
4181.82	-3252.53	0	1.41165
4181.82	-3090.91	0	1.49841
4181.82	-2929.29	0	1.59765
4181.82	-2767.68	0	1.7119
4181.82	-2606.06	0	1.84432
4181.82	-2444.44	0	1.9989
4181.82	-2282.83	0	2.18075
4181.82	-2121.21	0	2.39641
4181.82	-1959.6	0	2.65435
4181.82	-1797.98	0	2.96559
4181.82	-1636.36	0	3.34442
4181.82	-1474.75	0	3.8094
4181.82	-1313.13	0	4.38408
4181.82	-1151.52	0	5.09727
4181.82	-989.899	0	5.98102
4181.82	-828.283	0	7.06304
4181.82	-666.667	0	8.34692
4181.82	-505.051	0	9.77183
4181.82	-343.434	0	11.154
4181.82	-181.818	0	12.1577
4181.82	-20.202	0	12.4014
4181.82	141.414	0	11.7192
4181.82	303.03	0	10.3203
4181.82	464.646	0	8.62443
4181.82	626.263	0	6.98414
4181.82	787.879	0	5.57432
4181.82	949.495	0	4.43378
4181.82	1111.11	0	3.5363
4181.82	1272.73	0	2.83654
4181.82	1434.34	0	2.2904
4181.82	1595.96	0	1.86146
4181.82	1757.58	0	1.52159
4181.82	1919.19	0	1.24967
4181.82	2080.81	0	1.02999
4181.82	2242.42	0	0.850903
4181.82	2404.04	0	0.703693
4181.82	2565.66	0	0.679081
4181.82	2727.27	0	0.821095
4181.82	2888.89	0	0.993621
4181.82	3050.51	0	1.2049
4181.82	3212.12	0	1.46597
4181.82	3373.74	0	1.79167
4181.82	3535.35	0	2.202
4181.82	3696.97	0	2.72365
4181.82	3858.59	0	3.39145
4181.82	4020.2	0	4.24827
4181.82	4181.82	0	5.34022
4181.82	4343.43	0	6.69968
4181.82	4505.05	0	8.30494
4181.82	4666.67	0	10.0121
4181.82	4828.28	0	11.4999
4181.82	4989.9	0	12.3428
4181.82	5151.52	0	12.2709
4181.82	5313.13	0	11.3832
4181.82	5474.75	0	10.0424
4181.82	5636.36	0	8.60685
4181.82	5797.98	0	7.28903
4181.82	5959.6	0	6.16819
4181.82	6121.21	0	5.24901
4181.82	6282.83	0	4.5063
4181.82	6444.44	0	3.90799
4181.82	6606.06	0	3.42441
4181.82	6767.68	0	3.03097
4181.82	6929.29	0	2.70827
4181.82	7090.91	0	2.44126
4181.82	7252.53	0	2.21838
4181.82	7414.14	0	2.03075
4181.82	7575.76	0	1.87148
4181.82	7737.37	0	1.73524
4181.82	7898.99	0	1.61785
4181.82	8060.61	0	1.516
4181.82	8222.22	0	1.42707
4181.82	8383.84	0	1.34895
4181.82	8545.45	0	1.27995
4181.82	8707.07	0	1.21867
4181.82	8868.69	0	1.16399
4181.82	9030.3	0	1.11496
4181.82	9191.92	0	1.07081
4181.82	9353.54	0	1.03088
4181.82	9515.15	0	0.994647
4181.82	9676.77	0	0.961632
4181.82	9838.38	0	0.93145
4181.82	10000	0	0.903766
4343.43	-6000	0	0.790243
4343.43	-5838.38	0	0.808665
4343.43	-5676.77	0	0.828442
4343.43	-5515.15	0	0.849726
4343.43	-5353.54	0	0.872691
4343.43	-5191.92	0	0.897536
4343.43	-5030.3	0	0.924492
4343.43	-4868.69	0	0.953826
4343.43	-4707.07	0	0.98585
4343.43	-4545.45	0	1.02093
4343.43	-4383.84	0	1.05948
4343.43	-4222.22	0	1.10203
4343.43	-4060.61	0	1.14916
4343.43	-3898.99	0	1.2016
4343.43	-3737.37	0	1.2602
4343.43	-3575.76	0	1.32602
4343.43	-3414.14	0	1.40033
4343.43	-3252.53	0	1.48469
4343.43	-3090.91	0	1.58105
4343.43	-2929.29	0	1.69182
4343.43	-2767.68	0	1.82007
4343.43	-2606.06	0	1.9697
4343.43	-2444.44	0	2.14572
4343.43	-2282.83	0	2.3547
4343.43	-2121.21	0	2.60524
4343.43	-1959.6	0	2.9089
4343.43	-1797.98	0	3.28125
4343.43	-1636.36	0	3.74364
4343.43	-1474.75	0	4.32559
4343.43	-1313.13	0	5.06812
4343.43	-1151.52	0	6.0281
4343.43	-989.899	0	7.28239
4343.43	-828.283	0	8.92761
4343.43	-666.667	0	11.0615
4343.43	-505.051	0	13.7108
4343.43	-343.434	0	16.6501
4343.43	-181.818	0	19.1403
4343.43	-20.202	0	20.0078
4343.43	141.414	0	18.5948
4343.43	303.03	0	15.5774
4343.43	464.646	0	12.2179
4343.43	626.263	0	9.30812
4343.43	787.879	0	7.05359
4343.43	949.495	0	5.38096
4343.43	1111.11	0	4.15231
4343.43	1272.73	0	3.24451
4343.43	1434.34	0	2.56519
4343.43	1595.96	0	2.04908
4343.43	1757.58	0	1.65084
4343.43	1919.19	0	1.33898
4343.43	2080.81	0	1.09145
4343.43	2242.42	0	0.892596
4343.43	2404.04	0	0.731154
4343.43	2565.66	0	0.704343
4343.43	2727.27	0	0.859758
4343.43	2888.89	0	1.05085
4343.43	3050.51	0	1.28822
4343.43	3212.12	0	1.58656
4343.43	3373.74	0	1.96654
4343.43	3535.35	0	2.45759
4343.43	3696.97	0	3.10203
4343.43	3858.59	0	3.96087
4343.43	4020.2	0	5.12088
4343.43	4181.82	0	6.69968
4343.43	4343.43	0	8.83565
4343.43	4505.05	0	11.6256
4343.43	4666.67	0	14.94
4343.43	4828.28	0	18.1127
4343.43	4989.9	0	19.9145
4343.43	5151.52	0	19.4616
4343.43	5313.13	0	17.1837
4343.43	5474.75	0	14.2537
4343.43	5636.36	0	11.5208
4343.43	5797.98	0	9.28801
4343.43	5959.6	0	7.55794
4343.43	6121.21	0	6.23818
4343.43	6282.83	0	5.22953
4343.43	6444.44	0	4.45111
4343.43	6606.06	0	3.84259
4343.43	6767.68	0	3.36033
4343.43	6929.29	0	2.97293
4343.43	7090.91	0	2.65773
4343.43	7252.53	0	2.3982
4343.43	7414.14	0	2.18217
4343.43	7575.76	0	2.00052
4343.43	7737.37	0	1.84636
4343.43	7898.99	0	1.71443
4343.43	8060.61	0	1.60063
4343.43	8222.22	0	1.50178
4343.43	8383.84	0	1.41533
4343.43	8545.45	0	1.33927
4343.43	8707.07	0	1.27196
4343.43	8868.69	0	1.21209
4343.43	9030.3	0	1.15857
4343.43	9191.92	0	1.1105
4343.43	9353.54	0	1.06714
4343.43	9515.15	0	1.02788
4343.43	9676.77	0	0.992182
4343.43	9838.38	0	0.959616
4343.43	10000	0	0.929803
4505.05	-6000	0	0.806437
4505.05	-5838.38	0	0.825944
4505.05	-5676.77	0	0.846912
4505.05	-5515.15	0	0.869505
4505.05	-5353.54	0	0.893913
4505.05	-5191.92	0	0.920355
4505.05	-5030.3	0	0.949082
4505.05	-4868.69	0	0.980389
4505.05	-4707.07	0	1.01462
4505.05	-4545.45	0	1.05217
4505.05	-4383.84	0	1.09352
4505.05	-4222.22	0	1.13922
4505.05	-4060.61	0	1.18995
4505.05	-3898.99	0	1.24651
4505.05	-3737.37	0	1.30986
4505.05	-3575.76	0	1.38119
4505.05	-3414.14	0	1.46194
4505.05	-3252.53	0	1.55389
4505.05	-3090.91	0	1.65929
4505.05	-2929.29	0	1.78093
4505.05	-2767.68	0	1.92242
4505.05	-2606.06	0	2.08838
4505.05	-2444.44	0	2.28485
4505.05	-2282.83	0	2.51986
4505.05	-2121.21	0	2.8042
4505.05	-1959.6	0	3.15268
4505.05	-1797.98	0	3.58595
4505.05	-1636.36	0	4.13348
4505.05	-1474.75	0	4.83815
4505.05	-1313.13	0	5.76391
4505.05	-1151.52	0	7.00808
4505.05	-989.899	0	8.72134
4505.05	-828.283	0	11.1372
4505.05	-666.667	0	14.6032
4505.05	-505.051	0	19.5523
4505.05	-343.434	0	26.1652
4505.05	-181.818	0	33.1702
4505.05	-20.202	0	36.4936
4505.05	141.414	0	32.802
4505.05	303.03	0	25.0319
4505.05	464.646	0	17.7284
4505.05	626.263	0	12.4123
4505.05	787.879	0	8.82972
4505.05	949.495	0	6.43216
4505.05	1111.11	0	4.79785
4505.05	1272.73	0	3.65447
4505.05	1434.34	0	2.83289
4505.05	1595.96	0	2.22764
4505.05	1757.58	0	1.77166
4505.05	1919.19	0	1.4213
4505.05	2080.81	0	1.14745
4505.05	2242.42	0	0.930212
4505.05	2404.04	0	0.755714
4505.05	2565.66	0	0.7269
4505.05	2727.27	0	0.894581
4505.05	2888.89	0	1.10289
4505.05	3050.51	0	1.36483
4505.05	3212.12	0	1.69896
4505.05	3373.74	0	2.13234
4505.05	3535.35	0	2.70536
4505.05	3696.97	0	3.47977
4505.05	3858.59	0	4.5523
4505.05	4020.2	0	6.07759
4505.05	4181.82	0	8.30494
4505.05	4343.43	0	11.6256
4505.05	4505.05	0	16.5764
4505.05	4666.67	0	23.5393
4505.05	4828.28	0	31.4893
4505.05	4989.9	0	36.3367
4505.05	5151.52	0	34.232
4505.05	5313.13	0	27.5317
4505.05	5474.75	0	20.673
4505.05	5636.36	0	15.4053
4505.05	5797.98	0	11.6946
4505.05	5959.6	0	9.11201
4505.05	6121.21	0	7.28788
4505.05	6282.83	0	5.96927
4505.05	6444.44	0	4.99251
4505.05	6606.06	0	4.25205
4505.05	6767.68	0	3.67884
4505.05	6929.29	0	3.22671
4505.05	7090.91	0	2.86413
4505.05	7252.53	0	2.56904
4505.05	7414.14	0	2.3257
4505.05	7575.76	0	2.12268
4505.05	7737.37	0	1.95152
4505.05	7898.99	0	1.80583
4505.05	8060.61	0	1.68076
4505.05	8222.22	0	1.57255
4505.05	8383.84	0	1.47826
4505.05	8545.45	0	1.39556
4505.05	8707.07	0	1.32259
4505.05	8868.69	0	1.25784
4505.05	9030.3	0	1.20009
4505.05	9191.92	0	1.14833
4505.05	9353.54	0	1.10174
4505.05	9515.15	0	1.05962
4505.05	9676.77	0	1.02139
4505.05	9838.38	0	0.986573
4505.05	10000	0	0.954746
4666.67	-6000	0	0.821921
4666.67	-5838.38	0	0.842448
4666.67	-5676.77	0	0.864531
4666.67	-5515.15	0	0.888349
4666.67	-5353.54	0	0.914106
4666.67	-5191.92	0	0.942036
4666.67	-5030.3	0	0.972412
4666.67	-4868.69	0	1.00555
4666.67	-4707.07	0	1.04182
4666.67	-4545.45	0	1.08166
4666.67	-4383.84	0	1.12558
4666.67	-4222.22	0	1.1742
4666.67	-4060.61	0	1.22823
4666.67	-3898.99	0	1.28856
4666.67	-3737.37	0	1.35624
4666.67	-3575.76	0	1.43259
4666.67	-3414.14	0	1.51919
4666.67	-3252.53	0	1.61802
4666.67	-3090.91	0	1.73159
4666.67	-2929.29	0	1.86306
4666.67	-2767.68	0	2.01648
4666.67	-2606.06	0	2.19713
4666.67	-2444.44	0	2.41201
4666.67	-2282.83	0	2.67048
4666.67	-2121.21	0	2.98537
4666.67	-1959.6	0	3.37457
4666.67	-1797.98	0	3.86368
4666.67	-1636.36	0	4.49028
4666.67	-1474.75	0	5.31128
4666.67	-1313.13	0	6.41592
4666.67	-1151.52	0	7.94992
4666.67	-989.899	0	10.1623
4666.67	-828.283	0	13.5002
4666.67	-666.667	0	18.8059
4666.67	-505.051	0	27.6998
4666.67	-343.434	0	42.9901
4666.67	-181.818	0	66.2968
4666.67	-20.202	0	83.1582
4666.67	141.414	0	68.5914
4666.67	303.03	0	42.9381
4666.67	464.646	0	25.7931
4666.67	626.263	0	16.1993
4666.67	787.879	0	10.7516
4666.67	949.495	0	7.48414
4666.67	1111.11	0	5.41166
4666.67	1272.73	0	4.03132
4666.67	1434.34	0	3.07349
4666.67	1595.96	0	2.38573
4666.67	1757.58	0	1.87757
4666.67	1919.19	0	1.49301
4666.67	2080.81	0	1.19607
4666.67	2242.42	0	0.962854
4666.67	2404.04	0	0.777089
4666.67	2565.66	0	0.746555
4666.67	2727.27	0	0.924807
4666.67	2888.89	0	1.14806
4666.67	3050.51	0	1.43151
4666.67	3212.12	0	1.79735
4666.67	3373.74	0	2.27882
4666.67	3535.35	0	2.92732
4666.67	3696.97	0	3.8253
4666.67	3858.59	0	5.1105
4666.67	4020.2	0	7.02425
4666.67	4181.82	0	10.0121
4666.67	4343.43	0	14.94
4666.67	4505.05	0	23.5393
4666.67	4666.67	0	38.9767
4666.67	4828.28	0	63.5894
4666.67	4989.9	0	82.9118
4666.67	5151.52	0	70.8918
4666.67	5313.13	0	46.8179
4666.67	5474.75	0	29.9772
4666.67	5636.36	0	20.1328
4666.67	5797.98	0	14.3099
4666.67	5959.6	0	10.6841
4666.67	6121.21	0	8.30308
4666.67	6282.83	0	6.66513
4666.67	6444.44	0	5.49337
4666.67	6606.06	0	4.62727
4666.67	6767.68	0	3.9693
4666.67	6929.29	0	3.45773
4666.67	7090.91	0	3.05204
4666.67	7252.53	0	2.72477
4666.67	7414.14	0	2.45682
4666.67	7575.76	0	2.23457
4666.67	7737.37	0	2.04809
4666.67	7898.99	0	1.89001
4666.67	8060.61	0	1.75477
4666.67	8222.22	0	1.63811
4666.67	8383.84	0	1.53672
4666.67	8545.45	0	1.44799
4666.67	8707.07	0	1.36985
4666.67	8868.69	0	1.30065
4666.67	9030.3	0	1.23903
4666.67	9191.92	0	1.18389
4666.67	9353.54	0	1.13432
4666.67	9515.15	0	1.08957
4666.67	9676.77	0	1.04901
4666.67	9838.38	0	1.0121
4666.67	10000	0	0.978405
4828.28	-6000	0	0.836613
4828.28	-5838.38	0	0.858083
4828.28	-5676.77	0	0.881196
4828.28	-5515.15	0	0.906142
4828.28	-5353.54	0	0.933136
4828.28	-5191.92	0	0.962429
4828.28	-5030.3	0	0.994308
4828.28	-4868.69	0	1.02911
4828.28	-4707.07	0	1.06723
4828.28	-4545.45	0	1.10914
4828.28	-4383.84	0	1.15537
4828.28	-4222.22	0	1.20658
4828.28	-4060.61	0	1.26355
4828.28	-3898.99	0	1.32722
4828.28	-3737.37	0	1.39873
4828.28	-3575.76	0	1.47946
4828.28	-3414.14	0	1.57115
4828.28	-3252.53	0	1.67594
4828.28	-3090.91	0	1.79653
4828.28	-2929.29	0	1.93636
4828.28	-2767.68	0	2.09988
4828.28	-2606.06	0	2.29288
4828.28	-2444.44	0	2.5231
4828.28	-2282.83	0	2.80098
4828.28	-2121.21	0	3.14095
4828.28	-1959.6	0	3.5634
4828.28	-1797.98	0	4.0979
4828.28	-1636.36	0	4.78869
4828.28	-1474.75	0	5.70442
4828.28	-1313.13	0	6.95625
4828.28	-1151.52	0	8.73397
4828.28	-989.899	0	11.3831
4828.28	-828.283	0	15.5865
4828.28	-666.667	0	22.8422
4828.28	-505.051	0	36.9248
4828.28	-343.434	0	69.1605
4828.28	-181.818	0	158.154
4828.28	-20.202	0	320.827
4828.28	141.414	0	187.799
4828.28	303.03	0	74.1565
4828.28	464.646	0	35.4492
4828.28	626.263	0	19.9167
4828.28	787.879	0	12.4491
4828.28	949.495	0	8.36245
4828.28	1111.11	0	5.90936
4828.28	1272.73	0	4.33266
4828.28	1434.34	0	3.26494
4828.28	1595.96	0	2.51159
4828.28	1757.58	0	1.96224
4828.28	1919.19	0	1.55075
4828.28	2080.81	0	1.2356
4828.28	2242.42	0	0.989772
4828.28	2404.04	0	0.795084
4828.28	2565.66	0	0.763185
4828.28	2727.27	0	0.949813
4828.28	2888.89	0	1.18487
4828.28	3050.51	0	1.48529
4828.28	3212.12	0	1.8761
4828.28	3373.74	0	2.39549
4828.28	3535.35	0	3.10389
4828.28	3696.97	0	4.10119
4828.28	3858.59	0	5.56151
4828.28	4020.2	0	7.80905
4828.28	4181.82	0	11.4999
4828.28	4343.43	0	18.1127
4828.28	4505.05	0	31.4893
4828.28	4666.67	0	63.5894
4828.28	4828.28	0	156.637
4828.28	4989.9	0	322.253
4828.28	5151.52	0	187.536
4828.28	5313.13	0	79.4981
4828.28	5474.75	0	40.9956
4828.28	5636.36	0	24.7795
4828.28	5797.98	0	16.6462
4828.28	5959.6	0	12.0234
4828.28	6121.21	0	9.14996
4828.28	6282.83	0	7.24189
4828.28	6444.44	0	5.90919
4828.28	6606.06	0	4.94063
4828.28	6767.68	0	4.21386
4828.28	6929.29	0	3.65399
4828.28	7090.91	0	3.21313
4828.28	7252.53	0	2.85947
4828.28	7414.14	0	2.5712
4828.28	7575.76	0	2.33294
4828.28	7737.37	0	2.13362
4828.28	7898.99	0	1.96507
4828.28	8060.61	0	1.82117
4828.28	8222.22	0	1.69726
4828.28	8383.84	0	1.58973
4828.28	8545.45	0	1.49576
4828.28	8707.07	0	1.41311
4828.28	8868.69	0	1.33999
4828.28	9030.3	0	1.27495
4828.28	9191.92	0	1.2168
4828.28	9353.54	0	1.16457
4828.28	9515.15	0	1.11746
4828.28	9676.77	0	1.07479
4828.28	9838.38	0	1.03599
4828.28	10000	0	1.0006
4989.9	-6000	0	0.850438
4989.9	-5838.38	0	0.872765
4989.9	-5676.77	0	0.896812
4989.9	-5515.15	0	0.922776
4989.9	-5353.54	0	0.950882
4989.9	-5191.92	0	0.981393
4989.9	-5030.3	0	1.01461
4989.9	-4868.69	0	1.05089
4989.9	-4707.07	0	1.09064
4989.9	-4545.45	0	1.13435
4989.9	-4383.84	0	1.18259
4989.9	-4222.22	0	1.23605
4989.9	-4060.61	0	1.29554
4989.9	-3898.99	0	1.36204
4989.9	-3737.37	0	1.43676
4989.9	-3575.76	0	1.52115
4989.9	-3414.14	0	1.61703
4989.9	-3252.53	0	1.72665
4989.9	-3090.91	0	1.85285
4989.9	-2929.29	0	1.99927
4989.9	-2767.68	0	2.1706
4989.9	-2606.06	0	2.37297
4989.9	-2444.44	0	2.61458
4989.9	-2282.83	0	2.90653
4989.9	-2121.21	0	3.26421
4989.9	-1959.6	0	3.70946
4989.9	-1797.98	0	4.27411
4989.9	-1636.36	0	5.00611
4989.9	-1474.75	0	5.98054
4989.9	-1313.13	0	7.32039
4989.9	-1151.52	0	9.23911
4989.9	-989.899	0	12.1347
4989.9	-828.283	0	16.8223
4989.9	-666.667	0	25.2003
4989.9	-505.051	0	42.6006
4989.9	-343.434	0	89.3303
4989.9	-181.818	0	308.359
4989.9	-20.202	0	19422.7
4989.9	141.414	0	477.312
4989.9	303.03	0	100.946
4989.9	464.646	0	41.5033
4989.9	626.263	0	22.0408
4989.9	787.879	0	13.4085
4989.9	949.495	0	8.86965
4989.9	1111.11	0	6.20655
4989.9	1272.73	0	4.51936
4989.9	1434.34	0	3.38797
4989.9	1595.96	0	2.59537
4989.9	1757.58	0	2.02056
4989.9	1919.19	0	1.59188
4989.9	2080.81	0	1.26478
4989.9	2242.42	0	1.01045
4989.9	2404.04	0	0.809607
4989.9	2565.66	0	0.776754
4989.9	2727.27	0	0.96918
4989.9	2888.89	0	1.21223
4989.9	3050.51	0	1.52385
4989.9	3212.12	0	1.93068
4989.9	3373.74	0	2.47367
4989.9	3535.35	0	3.21813
4989.9	3696.97	0	4.27331
4989.9	3858.59	0	5.83266
4989.9	4020.2	0	8.26485
4989.9	4181.82	0	12.3428
4989.9	4343.43	0	19.9145
4989.9	4505.05	0	36.3367
4989.9	4666.67	0	82.9118
4989.9	4828.28	0	322.253
4989.9	4989.9	0	48267.2
4989.9	5151.52	0	440.852
4989.9	5313.13	0	106.823
4989.9	5474.75	0	47.9374
4989.9	5636.36	0	27.5018
4989.9	5797.98	0	18.0229
4989.9	5959.6	0	12.8412
4989.9	6121.21	0	9.69088
4989.9	6282.83	0	7.6274
4989.9	6444.44	0	6.19908
4989.9	6606.06	0	5.16747
4989.9	6767.68	0	4.3968
4989.9	6929.29	0	3.80505
4989.9	7090.91	0	3.34023
4989.9	7252.53	0	2.96803
4989.9	7414.14	0	2.66509
4989.9	7575.76	0	2.415
4989.9	7737.37	0	2.20596
4989.9	7898.99	0	2.02934
4989.9	8060.61	0	1.87864
4989.9	8222.22	0	1.74895
4989.9	8383.84	0	1.63646
4989.9	8545.45	0	1.53819
4989.9	8707.07	0	1.45179
4989.9	8868.69	0	1.37538
4989.9	9030.3	0	1.30744
4989.9	9191.92	0	1.24672
4989.9	9353.54	0	1.1922
4989.9	9515.15	0	1.14303
4989.9	9676.77	0	1.09852
4989.9	9838.38	0	1.05807
4989.9	10000	0	1.02117
5151.52	-6000	0	0.863327
5151.52	-5838.38	0	0.886419
5151.52	-5676.77	0	0.911294
5151.52	-5515.15	0	0.938155
5151.52	-5353.54	0	0.967236
5151.52	-5191.92	0	0.998809
5151.52	-5030.3	0	1.03319
5151.52	-4868.69	0	1.07073
5151.52	-4707.07	0	1.11187
5151.52	-4545.45	0	1.1571
5151.52	-4383.84	0	1.20702
5151.52	-4222.22	0	1.26232
5151.52	-4060.61	0	1.32386
5151.52	-3898.99	0	1.39263
5151.52	-3737.37	0	1.46988
5151.52	-3575.76	0	1.55709
5151.52	-3414.14	0	1.65614
5151.52	-3252.53	0	1.76933
5151.52	-3090.91	0	1.89956
5151.52	-2929.29	0	2.05055
5151.52	-2767.68	0	2.22708
5151.52	-2606.06	0	2.4354
5151.52	-2444.44	0	2.68383
5151.52	-2282.83	0	2.98363
5151.52	-2121.21	0	3.35035
5151.52	-1959.6	0	3.80598
5151.52	-1797.98	0	4.38244
5151.52	-1636.36	0	5.12755
5151.52	-1474.75	0	6.1156
5151.52	-1313.13	0	7.46725
5151.52	-1151.52	0	9.38911
5151.52	-989.899	0	12.2593
5151.52	-828.283	0	16.8304
5151.52	-666.667	0	24.7756
5151.52	-505.051	0	40.4073
5151.52	-343.434	0	77.3215
5151.52	-181.818	0	188.517
5151.52	-20.202	0	437.733
5151.52	141.414	0	230.405
5151.52	303.03	0	83.3426
5151.52	464.646	0	38.6613
5151.52	626.263	0	21.4361
5151.52	787.879	0	13.2984
5151.52	949.495	0	8.8866
5151.52	1111.11	0	6.25386
5151.52	1272.73	0	4.56882
5151.52	1434.34	0	3.43154
5151.52	1595.96	0	2.63146
5151.52	1757.58	0	2.04963
5151.52	1919.19	0	1.61495
5151.52	2080.81	0	1.28293
5151.52	2242.42	0	1.02465
5151.52	2404.04	0	0.82067
5151.52	2565.66	0	0.787307
5151.52	2727.27	0	0.982736
5151.52	2888.89	0	1.22958
5151.52	3050.51	0	1.54592
5151.52	3212.12	0	1.95854
5151.52	3373.74	0	2.50838
5151.52	3535.35	0	3.26032
5151.52	3696.97	0	4.32197
5151.52	3858.59	0	5.88159
5151.52	4020.2	0	8.2916
5151.52	4181.82	0	12.2709
5151.52	4343.43	0	19.4616
5151.52	4505.05	0	34.232
5151.52	4666.67	0	70.8918
5151.52	4828.28	0	187.536
5151.52	4989.9	0	440.852
5151.52	5151.52	0	228.631
5151.52	5313.13	0	89.5128
5151.52	5474.75	0	44.9802
5151.52	5636.36	0	26.9091
5151.52	5797.98	0	17.9865
5151.52	5959.6	0	12.9541
5151.52	6121.21	0	9.83928
5151.52	6282.83	0	7.77585
5151.52	6444.44	0	6.33662
5151.52	6606.06	0	5.29146
5151.52	6767.68	0	4.50751
5151.52	6929.29	0	3.90368
5151.52	7090.91	0	3.42821
5151.52	7252.53	0	3.04673
5151.52	7414.14	0	2.73573
5151.52	7575.76	0	2.47863
5151.52	7737.37	0	2.2635
5151.52	7898.99	0	2.08154
5151.52	8060.61	0	1.92616
5151.52	8222.22	0	1.79235
5151.52	8383.84	0	1.67621
5151.52	8545.45	0	1.5747
5151.52	8707.07	0	1.48542
5151.52	8868.69	0	1.40643
5151.52	9030.3	0	1.33617
5151.52	9191.92	0	1.27336
5151.52	9353.54	0	1.21695
5151.52	9515.15	0	1.16608
5151.52	9676.77	0	1.12002
5151.52	9838.38	0	1.07816
5151.52	10000	0	1.03997
5313.13	-6000	0	0.875222
5313.13	-5838.38	0	0.898979
5313.13	-5676.77	0	0.924568
5313.13	-5515.15	0	0.952198
5313.13	-5353.54	0	0.982108
5313.13	-5191.92	0	1.01457
5313.13	-5030.3	0	1.04991
5313.13	-4868.69	0	1.0885
5313.13	-4707.07	0	1.13076
5313.13	-4545.45	0	1.17721
5313.13	-4383.84	0	1.22845
5313.13	-4222.22	0	1.28518
5313.13	-4060.61	0	1.34825
5313.13	-3898.99	0	1.4187
5313.13	-3737.37	0	1.49774
5313.13	-3575.76	0	1.5869
5313.13	-3414.14	0	1.68803
5313.13	-3252.53	0	1.80342
5313.13	-3090.91	0	1.93599
5313.13	-2929.29	0	2.08939
5313.13	-2767.68	0	2.26834
5313.13	-2606.06	0	2.47896
5313.13	-2444.44	0	2.72938
5313.13	-2282.83	0	3.03046
5313.13	-2121.21	0	3.3971
5313.13	-1959.6	0	3.85014
5313.13	-1797.98	0	4.41939
5313.13	-1636.36	0	5.14876
5313.13	-1474.75	0	6.10491
5313.13	-1313.13	0	7.39288
5313.13	-1151.52	0	9.18524
5313.13	-989.899	0	11.7796
5313.13	-828.283	0	15.718
5313.13	-666.667	0	22.0446
5313.13	-505.051	0	32.85
5313.13	-343.434	0	52.0682
5313.13	-181.818	0	83.1141
5313.13	-20.202	0	107.15
5313.13	141.414	0	86.4377
5313.13	303.03	0	51.9153
5313.13	464.646	0	30.2905
5313.13	626.263	0	18.6814
5313.13	787.879	0	12.2473
5313.13	949.495	0	8.44626
5313.13	1111.11	0	6.0601
5313.13	1272.73	0	4.48321
5313.13	1434.34	0	3.39599
5313.13	1595.96	0	2.61978
5313.13	1757.58	0	2.04935
5313.13	1919.19	0	1.61993
5313.13	2080.81	0	1.2901
5313.13	2242.42	0	1.03247
5313.13	2404.04	0	0.828395
5313.13	2565.66	0	0.79497
5313.13	2727.27	0	0.990578
5313.13	2888.89	0	1.23695
5313.13	3050.51	0	1.55148
5313.13	3212.12	0	1.95959
5313.13	3373.74	0	2.49952
5313.13	3535.35	0	3.23068
5313.13	3696.97	0	4.24882
5313.13	3858.59	0	5.71515
5313.13	4020.2	0	7.915
5313.13	4181.82	0	11.3832
5313.13	4343.43	0	17.1837
5313.13	4505.05	0	27.5317
5313.13	4666.67	0	46.8179
5313.13	4828.28	0	79.4981
5313.13	4989.9	0	106.823
5313.13	5151.52	0	89.5128
5313.13	5313.13	0	57.0153
5313.13	5474.75	0	35.6595
5313.13	5636.36	0	23.6404
5313.13	5797.98	0	16.6781
5313.13	5959.6	0	12.3933
5313.13	6121.21	0	9.5986
5313.13	6282.83	0	7.68374
5313.13	6444.44	0	6.31709
5313.13	6606.06	0	5.30824
5313.13	6767.68	0	4.54232
5313.13	6929.29	0	3.94693
5313.13	7090.91	0	3.47471
5313.13	7252.53	0	3.09367
5313.13	7414.14	0	2.78158
5313.13	7575.76	0	2.5226
5313.13	7737.37	0	2.3052
5313.13	7898.99	0	2.12083
5313.13	8060.61	0	1.96304
5313.13	8222.22	0	1.82687
5313.13	8383.84	0	1.7085
5313.13	8545.45	0	1.60489
5313.13	8707.07	0	1.51364
5313.13	8868.69	0	1.43282
5313.13	9030.3	0	1.36087
5313.13	9191.92	0	1.29649
5313.13	9353.54	0	1.23864
5313.13	9515.15	0	1.18643
5313.13	9676.77	0	1.13914
5313.13	9838.38	0	1.09613
5313.13	10000	0	1.05689
5474.75	-6000	0	0.886073
5474.75	-5838.38	0	0.91039
5474.75	-5676.77	0	0.936575
5474.75	-5515.15	0	0.964839
5474.75	-5353.54	0	0.995423
5474.75	-5191.92	0	1.02861
5474.75	-5030.3	0	1.06471
5474.75	-4868.69	0	1.1041
5474.75	-4707.07	0	1.14721
5474.75	-4545.45	0	1.19456
5474.75	-4383.84	0	1.24674
5474.75	-4222.22	0	1.30446
5474.75	-4060.61	0	1.36856
5474.75	-3898.99	0	1.44004
5474.75	-3737.37	0	1.52014
5474.75	-3575.76	0	1.61032
5474.75	-3414.14	0	1.71241
5474.75	-3252.53	0	1.82864
5474.75	-3090.91	0	1.96181
5474.75	-2929.29	0	2.11544
5474.75	-2767.68	0	2.29402
5474.75	-2606.06	0	2.50335
5474.75	-2444.44	0	2.751
5474.75	-2282.83	0	3.047
5474.75	-2121.21	0	3.4049
5474.75	-1959.6	0	3.84328
5474.75	-1797.98	0	4.38814
5474.75	-1636.36	0	5.07665
5474.75	-1474.75	0	5.9632
5474.75	-1313.13	0	7.1293
5474.75	-1151.52	0	8.70013
5474.75	-989.899	0	10.8719
5474.75	-828.283	0	13.9545
5474.75	-666.667	0	18.4238
5474.75	-505.051	0	24.9115
5474.75	-343.434	0	33.7922
5474.75	-181.818	0	43.4849
5474.75	-20.202	0	48.172
5474.75	141.414	0	42.8565
5474.75	303.03	0	32.0135
5474.75	464.646	0	22.1902
5474.75	626.263	0	15.2627
5474.75	787.879	0	10.7027
5474.75	949.495	0	7.7029
5474.75	1111.11	0	5.68456
5474.75	1272.73	0	4.28732
5474.75	1434.34	0	3.29243
5474.75	1595.96	0	2.56556
5474.75	1757.58	0	2.0223
5474.75	1919.19	0	1.60815
5474.75	2080.81	0	1.28699
5474.75	2242.42	0	1.03429
5474.75	2404.04	0	0.832998
5474.75	2565.66	0	0.799935
5474.75	2727.27	0	0.993053
5474.75	2888.89	0	1.23499
5474.75	3050.51	0	1.54172
5474.75	3212.12	0	1.9361
5474.75	3373.74	0	2.45168
5474.75	3535.35	0	3.1388
5474.75	3696.97	0	4.07508
5474.75	3858.59	0	5.38338
5474.75	4020.2	0	7.26307
5474.75	4181.82	0	10.0424
5474.75	4343.43	0	14.2537
5474.75	4505.05	0	20.673
5474.75	4666.67	0	29.9772
5474.75	4828.28	0	40.9956
5474.75	4989.9	0	47.9374
5474.75	5151.52	0	44.9802
5474.75	5313.13	0	35.6595
5474.75	5474.75	0	26.399
5474.75	5636.36	0	19.4667
5474.75	5797.98	0	14.6694
5474.75	5959.6	0	11.3687
5474.75	6121.21	0	9.05408
5474.75	6282.83	0	7.38826
5474.75	6444.44	0	6.1575
5474.75	6606.06	0	5.22578
5474.75	6767.68	0	4.50494
5474.75	6929.29	0	3.93639
5474.75	7090.91	0	3.4803
5474.75	7252.53	0	3.10891
5474.75	7414.14	0	2.80246
5474.75	7575.76	0	2.5466
5474.75	7737.37	0	2.33073
5474.75	7898.99	0	2.14687
5474.75	8060.61	0	1.98893
5474.75	8222.22	0	1.85222
5474.75	8383.84	0	1.73305
5474.75	8545.45	0	1.6285
5474.75	8707.07	0	1.53623
5474.75	8868.69	0	1.45437
5474.75	9030.3	0	1.38136
5474.75	9191.92	0	1.31596
5474.75	9353.54	0	1.25712
5474.75	9515.15	0	1.20396
5474.75	9676.77	0	1.15575
5474.75	9838.38	0	1.11188
5474.75	10000	0	1.07183
5636.36	-6000	0	0.895841
5636.36	-5838.38	0	0.92061
5636.36	-5676.77	0	0.947269
5636.36	-5515.15	0	0.976028
5636.36	-5353.54	0	1.00713
5636.36	-5191.92	0	1.04085
5636.36	-5030.3	0	1.0775
5636.36	-4868.69	0	1.11746
5636.36	-4707.07	0	1.16115
5636.36	-4545.45	0	1.20908
5636.36	-4383.84	0	1.26182
5636.36	-4222.22	0	1.32008
5636.36	-4060.61	0	1.38467
5636.36	-3898.99	0	1.45658
5636.36	-3737.37	0	1.53697
5636.36	-3575.76	0	1.62728
5636.36	-3414.14	0	1.72923
5636.36	-3252.53	0	1.84494
5636.36	-3090.91	0	1.97705
5636.36	-2929.29	0	2.12883
5636.36	-2767.68	0	2.30443
5636.36	-2606.06	0	2.50911
5636.36	-2444.44	0	2.74967
5636.36	-2282.83	0	3.03496
5636.36	-2121.21	0	3.37667
5636.36	-1959.6	0	3.79042
5636.36	-1797.98	0	4.2974
5636.36	-1636.36	0	4.92672
5636.36	-1474.75	0	5.71881
5636.36	-1313.13	0	6.73028
5636.36	-1151.52	0	8.04036
5636.36	-989.899	0	9.75772
5636.36	-828.283	0	12.0223
5636.36	-666.667	0	14.983
5636.36	-505.051	0	18.6994
5636.36	-343.434	0	22.8764
5636.36	-181.818	0	26.4494
5636.36	-20.202	0	27.6543
5636.36	141.414	0	25.4982
5636.36	303.03	0	21.0562
5636.36	464.646	0	16.2412
5636.36	626.263	0	12.1725
5636.36	787.879	0	9.08592
5636.36	949.495	0	6.8356
5636.36	1111.11	0	5.20653
5636.36	1272.73	0	4.01798
5636.36	1434.34	0	3.13867
5636.36	1595.96	0	2.47776
5636.36	1757.58	0	1.9731
5636.36	1919.19	0	1.58201
5636.36	2080.81	0	1.27486
5636.36	2242.42	0	1.03075
5636.36	2404.04	0	0.834771
5636.36	2565.66	0	0.802448
5636.36	2727.27	0	0.990715
5636.36	2888.89	0	1.2248
5636.36	3050.51	0	1.51876
5636.36	3212.12	0	1.89216
5636.36	3373.74	0	2.37274
5636.36	3535.35	0	3.00032
5636.36	3696.97	0	3.83277
5636.36	3858.59	0	4.95473
5636.36	4020.2	0	6.48897
5636.36	4181.82	0	8.60685
5636.36	4343.43	0	11.5208
5636.36	4505.05	0	15.4053
5636.36	4666.67	0	20.1328
5636.36	4828.28	0	24.7795
5636.36	4989.9	0	27.5018
5636.36	5151.52	0	26.9091
5636.36	5313.13	0	23.6404
5636.36	5474.75	0	19.4667
5636.36	5636.36	0	15.624
5636.36	5797.98	0	12.5204
5636.36	5959.6	0	10.136
5636.36	6121.21	0	8.32752
5636.36	6282.83	0	6.95034
5636.36	6444.44	0	5.88971
5636.36	6606.06	0	5.06139
5636.36	6767.68	0	4.40504
5636.36	6929.29	0	3.87762
5636.36	7090.91	0	3.44821
5636.36	7252.53	0	3.09432
5636.36	7414.14	0	2.79945
5636.36	7575.76	0	2.55125
5636.36	7737.37	0	2.34041
5636.36	7898.99	0	2.1598
5636.36	8060.61	0	2.0039
5636.36	8222.22	0	1.86837
5636.36	8383.84	0	1.7498
5636.36	8545.45	0	1.64545
5636.36	8707.07	0	1.5531
5636.36	8868.69	0	1.47097
5636.36	9030.3	0	1.39756
5636.36	9191.92	0	1.33168
5636.36	9353.54	0	1.2723
5636.36	9515.15	0	1.21858
5636.36	9676.77	0	1.1698
5636.36	9838.38	0	1.12535
5636.36	10000	0	1.08473
5797.98	-6000	0	0.904499
5797.98	-5838.38	0	0.929609
5797.98	-5676.77	0	0.956617
5797.98	-5515.15	0	0.985731
5797.98	-5353.54	0	1.01719
5797.98	-5191.92	0	1.05126
5797.98	-5030.3	0	1.08826
5797.98	-4868.69	0	1.12854
5797.98	-4707.07	0	1.17253
5797.98	-4545.45	0	1.22071
5797.98	-4383.84	0	1.27365
5797.98	-4222.22	0	1.33201
5797.98	-4060.61	0	1.39659
5797.98	-3898.99	0	1.46831
5797.98	-3737.37	0	1.54828
5797.98	-3575.76	0	1.63784
5797.98	-3414.14	0	1.73861
5797.98	-3252.53	0	1.85255
5797.98	-3090.91	0	1.98206
5797.98	-2929.29	0	2.13011
5797.98	-2767.68	0	2.30039
5797.98	-2606.06	0	2.49753
5797.98	-2444.44	0	2.72738
5797.98	-2282.83	0	2.99739
5797.98	-2121.21	0	3.31715
5797.98	-1959.6	0	3.69908
5797.98	-1797.98	0	4.15932
5797.98	-1636.36	0	4.71894
5797.98	-1474.75	0	5.40535
5797.98	-1313.13	0	6.25363
5797.98	-1151.52	0	7.30706
5797.98	-989.899	0	8.61457
5797.98	-828.283	0	10.2199
5797.98	-666.667	0	12.1323
5797.98	-505.051	0	14.2638
5797.98	-343.434	0	16.3355
5797.98	-181.818	0	17.824
5797.98	-20.202	0	18.1283
5797.98	141.414	0	16.9974
5797.98	303.03	0	14.7888
5797.98	464.646	0	12.1795
5797.98	626.263	0	9.71085
5797.98	787.879	0	7.63063
5797.98	949.495	0	5.97712
5797.98	1111.11	0	4.69637
5797.98	1272.73	0	3.71209
5797.98	1434.34	0	2.95426
5797.98	1595.96	0	2.36684
5797.98	1757.58	0	1.90739
5797.98	1919.19	0	1.54457
5797.98	2080.81	0	1.25531
5797.98	2242.42	0	1.02266
5797.98	2404.04	0	0.834053
5797.98	2565.66	0	0.802791
5797.98	2727.27	0	0.984258
5797.98	2888.89	0	1.20781
5797.98	3050.51	0	1.48531
5797.98	3212.12	0	1.8328
5797.98	3373.74	0	2.27202
5797.98	3535.35	0	2.83259
5797.98	3696.97	0	3.55464
5797.98	3858.59	0	4.49151
5797.98	4020.2	0	5.71084
5797.98	4181.82	0	7.28903
5797.98	4343.43	0	9.28801
5797.98	4505.05	0	11.6946
5797.98	4666.67	0	14.3099
5797.98	4828.28	0	16.6462
5797.98	4989.9	0	18.0229
5797.98	5151.52	0	17.9865
5797.98	5313.13	0	16.6781
5797.98	5474.75	0	14.6694
5797.98	5636.36	0	12.5204
5797.98	5797.98	0	10.5559
5797.98	5959.6	0	8.89187
5797.98	6121.21	0	7.53136
5797.98	6282.83	0	6.43409
5797.98	6444.44	0	5.55088
5797.98	6606.06	0	4.83704
5797.98	6767.68	0	4.25595
5797.98	6929.29	0	3.77885
5797.98	7090.91	0	3.3836
5797.98	7252.53	0	3.05322
5797.98	7414.14	0	2.77469
5797.98	7575.76	0	2.53794
5797.98	7737.37	0	2.33515
5797.98	7898.99	0	2.16022
5797.98	8060.61	0	2.00831
5797.98	8222.22	0	1.87557
5797.98	8383.84	0	1.75891
5797.98	8545.45	0	1.65583
5797.98	8707.07	0	1.5643
5797.98	8868.69	0	1.48263
5797.98	9030.3	0	1.40946
5797.98	9191.92	0	1.34362
5797.98	9353.54	0	1.28416
5797.98	9515.15	0	1.23026
5797.98	9676.77	0	1.18123
5797.98	9838.38	0	1.13649
5797.98	10000	0	1.09555
5959.6	-6000	0	0.912027
5959.6	-5838.38	0	0.93737
5959.6	-5676.77	0	0.964603
5959.6	-5515.15	0	0.993931
5959.6	-5353.54	0	1.02558
5959.6	-5191.92	0	1.05983
5959.6	-5030.3	0	1.09697
5959.6	-4868.69	0	1.13734
5959.6	-4707.07	0	1.18136
5959.6	-4545.45	0	1.22949
5959.6	-4383.84	0	1.28226
5959.6	-4222.22	0	1.34031
5959.6	-4060.61	0	1.40437
5959.6	-3898.99	0	1.47533
5959.6	-3737.37	0	1.55421
5959.6	-3575.76	0	1.64224
5959.6	-3414.14	0	1.74088
5959.6	-3252.53	0	1.85192
5959.6	-3090.91	0	1.97749
5959.6	-2929.29	0	2.12019
5959.6	-2767.68	0	2.28322
5959.6	-2606.06	0	2.47047
5959.6	-2444.44	0	2.68681
5959.6	-2282.83	0	2.93824
5959.6	-2121.21	0	3.23222
5959.6	-1959.6	0	3.57805
5959.6	-1797.98	0	3.98721
5959.6	-1636.36	0	4.47378
5959.6	-1474.75	0	5.0545
5959.6	-1313.13	0	5.74834
5959.6	-1151.52	0	6.57458
5959.6	-989.899	0	7.54784
5959.6	-828.283	0	8.6676
5959.6	-666.667	0	9.89913
5959.6	-505.051	0	11.1463
5959.6	-343.434	0	12.2286
5959.6	-181.818	0	12.8957
5959.6	-20.202	0	12.9183
5959.6	141.414	0	12.2243
5959.6	303.03	0	10.9618
5959.6	464.646	0	9.41166
5959.6	626.263	0	7.83975
5959.6	787.879	0	6.41282
5959.6	949.495	0	5.19866
5959.6	1111.11	0	4.20216
5959.6	1272.73	0	3.39904
5959.6	1434.34	0	2.75648
5959.6	1595.96	0	2.24278
5959.6	1757.58	0	1.83089
5959.6	1919.19	0	1.49901
5959.6	2080.81	0	1.23008
5959.6	2242.42	0	1.01087
5959.6	2404.04	0	0.831211
5959.6	2565.66	0	0.801257
5959.6	2727.27	0	0.974438
5959.6	2888.89	0	1.18553
5959.6	3050.51	0	1.44424
5959.6	3212.12	0	1.76314
5959.6	3373.74	0	2.15852
5959.6	3535.35	0	2.65124
5959.6	3696.97	0	3.26734
5959.6	3858.59	0	4.0378
5959.6	4020.2	0	4.99573
5959.6	4181.82	0	6.16819
5959.6	4343.43	0	7.55794
5959.6	4505.05	0	9.11201
5959.6	4666.67	0	10.6841
5959.6	4828.28	0	12.0234
5959.6	4989.9	0	12.8412
5959.6	5151.52	0	12.9541
5959.6	5313.13	0	12.3933
5959.6	5474.75	0	11.3687
5959.6	5636.36	0	10.136
5959.6	5797.98	0	8.89187
5959.6	5959.6	0	7.74707
5959.6	6121.21	0	6.74559
5959.6	6282.83	0	5.89263
5959.6	6444.44	0	5.17538
5959.6	6606.06	0	4.57495
5959.6	6767.68	0	4.07208
5959.6	6929.29	0	3.64955
5959.6	7090.91	0	3.2928
5959.6	7252.53	0	2.98986
5959.6	7414.14	0	2.73108
5959.6	7575.76	0	2.50866
5959.6	7737.37	0	2.31635
5959.6	7898.99	0	2.14911
5959.6	8060.61	0	2.00286
5959.6	8222.22	0	1.87429
5959.6	8383.84	0	1.7607
5959.6	8545.45	0	1.65987
5959.6	8707.07	0	1.56998
5959.6	8868.69	0	1.48948
5959.6	9030.3	0	1.41713
5959.6	9191.92	0	1.35184
5959.6	9353.54	0	1.29272
5959.6	9515.15	0	1.23901
5959.6	9676.77	0	1.19006
5959.6	9838.38	0	1.14531
5959.6	10000	0	1.10428
6121.21	-6000	0	0.918418
6121.21	-5838.38	0	0.943885
6121.21	-5676.77	0	0.971223
6121.21	-5515.15	0	1.00063
6121.21	-5353.54	0	1.03232
6121.21	-5191.92	0	1.06657
6121.21	-5030.3	0	1.10364
6121.21	-4868.69	0	1.14389
6121.21	-4707.07	0	1.18768
6121.21	-4545.45	0	1.23545
6121.21	-4383.84	0	1.28772
6121.21	-4222.22	0	1.34506
6121.21	-4060.61	0	1.40817
6121.21	-3898.99	0	1.47784
6121.21	-3737.37	0	1.55502
6121.21	-3575.76	0	1.6408
6121.21	-3414.14	0	1.73651
6121.21	-3252.53	0	1.84368
6121.21	-3090.91	0	1.96419
6121.21	-2929.29	0	2.10024
6121.21	-2767.68	0	2.2545
6121.21	-2606.06	0	2.43017
6121.21	-2444.44	0	2.63109
6121.21	-2282.83	0	2.86187
6121.21	-2121.21	0	3.12805
6121.21	-1959.6	0	3.43614
6121.21	-1797.98	0	3.79373
6121.21	-1636.36	0	4.2093
6121.21	-1474.75	0	4.69181
6121.21	-1313.13	0	5.24947
6121.21	-1151.52	0	5.88747
6121.21	-989.899	0	6.60362
6121.21	-828.283	0	7.38143
6121.21	-666.667	0	8.18063
6121.21	-505.051	0	8.92798
6121.21	-343.434	0	9.51615
6121.21	-181.818	0	9.82213
6121.21	-20.202	0	9.74983
6121.21	141.414	0	9.27833
6121.21	303.03	0	8.4791
6121.21	464.646	0	7.48449
6121.21	626.263	0	6.43261
6121.21	787.879	0	5.42701
6121.21	949.495	0	4.52572
6121.21	1111.11	0	3.74999
6121.21	1272.73	0	3.09839
6121.21	1434.34	0	2.55844
6121.21	1595.96	0	2.1139
6121.21	1757.58	0	1.74866
6121.21	1919.19	0	1.44834
6121.21	2080.81	0	1.20085
6121.21	2242.42	0	0.996268
6121.21	2404.04	0	0.826606
6121.21	2565.66	0	0.79814
6121.21	2727.27	0	0.962009
6121.21	2888.89	0	1.15949
6121.21	3050.51	0	1.39824
6121.21	3212.12	0	1.6878
6121.21	3373.74	0	2.03984
6121.21	3535.35	0	2.46832
6121.21	3696.97	0	2.98912
6121.21	3858.59	0	3.61864
6121.21	4020.2	0	4.37052
6121.21	4181.82	0	5.24901
6121.21	4343.43	0	6.23818
6121.21	4505.05	0	7.28788
6121.21	4666.67	0	8.30308
6121.21	4828.28	0	9.14996
6121.21	4989.9	0	9.69088
6121.21	5151.52	0	9.83928
6121.21	5313.13	0	9.5986
6121.21	5474.75	0	9.05408
6121.21	5636.36	0	8.32752
6121.21	5797.98	0	7.53136
6121.21	5959.6	0	6.74559
6121.21	6121.21	0	6.01605
6121.21	6282.83	0	5.36291
6121.21	6444.44	0	4.79043
6121.21	6606.06	0	4.2944
6121.21	6767.68	0	3.86696
6121.21	6929.29	0	3.49917
6121.21	7090.91	0	3.18241
6121.21	7252.53	0	2.9089
6121.21	7414.14	0	2.67193
6121.21	7575.76	0	2.46579
6121.21	7737.37	0	2.2857
6121.21	7898.99	0	2.12769
6121.21	8060.61	0	1.98844
6121.21	8222.22	0	1.8652
6121.21	8383.84	0	1.75568
6121.21	8545.45	0	1.65795
6121.21	8707.07	0	1.57041
6121.21	8868.69	0	1.49171
6121.21	9030.3	0	1.42071
6121.21	9191.92	0	1.35643
6121.21	9353.54	0	1.29806
6121.21	9515.15	0	1.24489
6121.21	9676.77	0	1.19632
6121.21	9838.38	0	1.15181
6121.21	10000	0	1.11094
6282.83	-6000	0	0.923677
6282.83	-5838.38	0	0.949162
6282.83	-5676.77	0	0.976485
6282.83	-5515.15	0	1.00584
6282.83	-5353.54	0	1.03743
6282.83	-5191.92	0	1.0715
6282.83	-5030.3	0	1.10833
6282.83	-4868.69	0	1.14822
6282.83	-4707.07	0	1.19154
6282.83	-4545.45	0	1.23869
6282.83	-4383.84	0	1.29014
6282.83	-4222.22	0	1.34643
6282.83	-4060.61	0	1.40817
6282.83	-3898.99	0	1.4761
6282.83	-3737.37	0	1.55104
6282.83	-3575.76	0	1.63398
6282.83	-3414.14	0	1.72606
6282.83	-3252.53	0	1.8286
6282.83	-3090.91	0	1.94317
6282.83	-2929.29	0	2.0716
6282.83	-2767.68	0	2.21604
6282.83	-2606.06	0	2.37901
6282.83	-2444.44	0	2.56343
6282.83	-2282.83	0	2.77267
6282.83	-2121.21	0	3.01057
6282.83	-1959.6	0	3.28139
6282.83	-1797.98	0	3.58965
6282.83	-1636.36	0	3.93979
6282.83	-1474.75	0	4.3355
6282.83	-1313.13	0	4.77857
6282.83	-1151.52	0	5.26689
6282.83	-989.899	0	5.79156
6282.83	-828.283	0	6.33314
6282.83	-666.667	0	6.8577
6282.83	-505.051	0	7.315
6282.83	-343.434	0	7.64219
6282.83	-181.818	0	7.77627
6282.83	-20.202	0	7.67402
6282.83	141.414	0	7.33062
6282.83	303.03	0	6.7847
6282.83	464.646	0	6.10523
6282.83	626.263	0	5.36851
6282.83	787.879	0	4.63857
6282.83	949.495	0	3.9583
6282.83	1111.11	0	3.35009
6282.83	1272.73	0	2.82102
6282.83	1434.34	0	2.3688
6282.83	1595.96	0	1.98635
6282.83	1757.58	0	1.66478
6282.83	1919.19	0	1.39512
6282.83	2080.81	0	1.16913
6282.83	2242.42	0	0.979648
6282.83	2404.04	0	0.820583
6282.83	2565.66	0	0.793719
6282.83	2727.27	0	0.947672
6282.83	2888.89	0	1.13102
6282.83	3050.51	0	1.34965
6282.83	3212.12	0	1.61052
6282.83	3373.74	0	1.92169
6282.83	3535.35	0	2.29204
6282.83	3696.97	0	2.73055
6282.83	3858.59	0	3.24483
6282.83	4020.2	0	3.83839
6282.83	4181.82	0	4.5063
6282.83	4343.43	0	5.22953
6282.83	4505.05	0	5.96927
6282.83	4666.67	0	6.66513
6282.83	4828.28	0	7.24189
6282.83	4989.9	0	7.6274
6282.83	5151.52	0	7.77585
6282.83	5313.13	0	7.68374
6282.83	5474.75	0	7.38826
6282.83	5636.36	0	6.95034
6282.83	5797.98	0	6.43409
6282.83	5959.6	0	5.89263
6282.83	6121.21	0	5.36291
6282.83	6282.83	0	4.86684
6282.83	6444.44	0	4.41497
6282.83	6606.06	0	4.01042
6282.83	6767.68	0	3.65198
6282.83	6929.29	0	3.3362
6282.83	7090.91	0	3.05871
6282.83	7252.53	0	2.81497
6282.83	7414.14	0	2.60066
6282.83	7575.76	0	2.41186
6282.83	7737.37	0	2.24511
6282.83	7898.99	0	2.09739
6282.83	8060.61	0	1.96613
6282.83	8222.22	0	1.84911
6282.83	8383.84	0	1.74444
6282.83	8545.45	0	1.65051
6282.83	8707.07	0	1.56595
6282.83	8868.69	0	1.48959
6282.83	9030.3	0	1.42041
6282.83	9191.92	0	1.35757
6282.83	9353.54	0	1.30031
6282.83	9515.15	0	1.248
6282.83	9676.77	0	1.20008
6282.83	9838.38	0	1.15607
6282.83	10000	0	1.11557
6444.44	-6000	0	0.927814
6444.44	-5838.38	0	0.953217
6444.44	-5676.77	0	0.980414
6444.44	-5515.15	0	1.00958
6444.44	-5353.54	0	1.04093
6444.44	-5191.92	0	1.07468
6444.44	-5030.3	0	1.11108
6444.44	-4868.69	0	1.15043
6444.44	-4707.07	0	1.19306
6444.44	-4545.45	0	1.23934
6444.44	-4383.84	0	1.28969
6444.44	-4222.22	0	1.3446
6444.44	-4060.61	0	1.40463
6444.44	-3898.99	0	1.47042
6444.44	-3737.37	0	1.54269
6444.44	-3575.76	0	1.62229
6444.44	-3414.14	0	1.71019
6444.44	-3252.53	0	1.80751
6444.44	-3090.91	0	1.91551
6444.44	-2929.29	0	2.03567
6444.44	-2767.68	0	2.16967
6444.44	-2606.06	0	2.31939
6444.44	-2444.44	0	2.48695
6444.44	-2282.83	0	2.67467
6444.44	-2121.21	0	2.88504
6444.44	-1959.6	0	3.12053
6444.44	-1797.98	0	3.38345
6444.44	-1636.36	0	3.6755
6444.44	-1474.75	0	3.99714
6444.44	-1313.13	0	4.34668
6444.44	-1151.52	0	4.71886
6444.44	-989.899	0	5.10324
6444.44	-828.283	0	5.48233
6444.44	-666.667	0	5.83048
6444.44	-505.051	0	6.11442
6444.44	-343.434	0	6.29702
6444.44	-181.818	0	6.34468
6444.44	-20.202	0	6.23694
6444.44	141.414	0	5.97419
6444.44	303.03	0	5.57916
6444.44	464.646	0	5.09082
6444.44	626.263	0	4.55379
6444.44	787.879	0	4.0085
6444.44	949.495	0	3.4853
6444.44	1111.11	0	3.00322
6444.44	1272.73	0	2.57153
6444.44	1434.34	0	2.19255
6444.44	1595.96	0	1.86423
6444.44	1757.58	0	1.58225
6444.44	1919.19	0	1.34135
6444.44	2080.81	0	1.13618
6444.44	2242.42	0	0.961712
6444.44	2404.04	0	0.813455
6444.44	2565.66	0	0.788249
6444.44	2727.27	0	0.932043
6444.44	2888.89	0	1.10127
6444.44	3050.51	0	1.30032
6444.44	3212.12	0	1.53411
6444.44	3373.74	0	1.80798
6444.44	3535.35	0	2.12724
6444.44	3696.97	0	2.49648
6444.44	3858.59	0	2.91829
6444.44	4020.2	0	3.39138
6444.44	4181.82	0	3.90799
6444.44	4343.43	0	4.45111
6444.44	4505.05	0	4.99251
6444.44	4666.67	0	5.49337
6444.44	4828.28	0	5.90919
6444.44	4989.9	0	6.19908
6444.44	5151.52	0	6.33662
6444.44	5313.13	0	6.31709
6444.44	5474.75	0	6.1575
6444.44	5636.36	0	5.88971
6444.44	5797.98	0	5.55088
6444.44	5959.6	0	5.17538
6444.44	6121.21	0	4.79043
6444.44	6282.83	0	4.41497
6444.44	6444.44	0	4.06066
6444.44	6606.06	0	3.73357
6444.44	6767.68	0	3.43596
6444.44	6929.29	0	3.16768
6444.44	7090.91	0	2.9272
6444.44	7252.53	0	2.71232
6444.44	7414.14	0	2.52054
6444.44	7575.76	0	2.34938
6444.44	7737.37	0	2.19648
6444.44	7898.99	0	2.05969
6444.44	8060.61	0	1.93707
6444.44	8222.22	0	1.8269
6444.44	8383.84	0	1.72769
6444.44	8545.45	0	1.63811
6444.44	8707.07	0	1.55703
6444.44	8868.69	0	1.48345
6444.44	9030.3	0	1.41651
6444.44	9191.92	0	1.35545
6444.44	9353.54	0	1.29962
6444.44	9515.15	0	1.24845
6444.44	9676.77	0	1.20145
6444.44	9838.38	0	1.15817
6444.44	10000	0	1.11823
6606.06	-6000	0	0.930853
6606.06	-5838.38	0	0.956076
6606.06	-5676.77	0	0.983041
6606.06	-5515.15	0	1.01191
6606.06	-5353.54	0	1.04288
6606.06	-5191.92	0	1.07616
6606.06	-5030.3	0	1.11198
6606.06	-4868.69	0	1.15061
6606.06	-4707.07	0	1.19235
6606.06	-4545.45	0	1.23753
6606.06	-4383.84	0	1.28655
6606.06	-4222.22	0	1.33982
6606.06	-4060.61	0	1.39784
6606.06	-3898.99	0	1.46116
6606.06	-3737.37	0	1.53041
6606.06	-3575.76	0	1.60629
6606.06	-3414.14	0	1.68962
6606.06	-3252.53	0	1.7813
6606.06	-3090.91	0	1.88234
6606.06	-2929.29	0	1.99387
6606.06	-2767.68	0	2.11716
6606.06	-2606.06	0	2.25354
6606.06	-2444.44	0	2.40447
6606.06	-2282.83	0	2.57143
6606.06	-2121.21	0	2.75581
6606.06	-1959.6	0	2.95885
6606.06	-1797.98	0	3.1813
6606.06	-1636.36	0	3.42314
6606.06	-1474.75	0	3.68305
6606.06	-1313.13	0	3.95772
6606.06	-1151.52	0	4.24104
6606.06	-989.899	0	4.52323
6606.06	-828.283	0	4.79014
6606.06	-666.667	0	5.0232
6606.06	-505.051	0	5.20057
6606.06	-343.434	0	5.29992
6606.06	-181.818	0	5.30269
6606.06	-20.202	0	5.19886
6606.06	141.414	0	4.99039
6606.06	303.03	0	4.69155
6606.06	464.646	0	4.32584
6606.06	626.263	0	3.92074
6606.06	787.879	0	3.50247
6606.06	949.495	0	3.09236
6606.06	1111.11	0	2.70543
6606.06	1272.73	0	2.3506
6606.06	1434.34	0	2.03192
6606.06	1595.96	0	1.74995
6606.06	1757.58	0	1.50308
6606.06	1919.19	0	1.28852
6606.06	2080.81	0	1.10297
6606.06	2242.42	0	0.943038
6606.06	2404.04	0	0.805494
6606.06	2565.66	0	0.781953
6606.06	2727.27	0	0.915636
6606.06	2888.89	0	1.07113
6606.06	3050.51	0	1.25163
6606.06	3212.12	0	1.46049
6606.06	3373.74	0	1.70106
6606.06	3535.35	0	1.97628
6606.06	3696.97	0	2.28804
6606.06	3858.59	0	2.63627
6606.06	4020.2	0	3.0177
6606.06	4181.82	0	3.42441
6606.06	4343.43	0	3.84259
6606.06	4505.05	0	4.25205
6606.06	4666.67	0	4.62727
6606.06	4828.28	0	4.94063
6606.06	4989.9	0	5.16747
6606.06	5151.52	0	5.29146
6606.06	5313.13	0	5.30824
6606.06	5474.75	0	5.22578
6606.06	5636.36	0	5.06139
6606.06	5797.98	0	4.83704
6606.06	5959.6	0	4.57495
6606.06	6121.21	0	4.2944
6606.06	6282.83	0	4.01042
6606.06	6444.44	0	3.73357
6606.06	6606.06	0	3.47057
6606.06	6767.68	0	3.22519
6606.06	6929.29	0	2.99907
6606.06	7090.91	0	2.79243
6606.06	7252.53	0	2.60463
6606.06	7414.14	0	2.43451
6606.06	7575.76	0	2.28069
6606.06	7737.37	0	2.14169
6606.06	7898.99	0	2.01606
6606.06	8060.61	0	1.90242
6606.06	8222.22	0	1.7995
6606.06	8383.84	0	1.70615
6606.06	8545.45	0	1.62132
6606.06	8707.07	0	1.54411
6606.06	8868.69	0	1.47367
6606.06	9030.3	0	1.40929
6606.06	9191.92	0	1.35032
6606.06	9353.54	0	1.2962
6606.06	9515.15	0	1.24642
6606.06	9676.77	0	1.20055
6606.06	9838.38	0	1.15819
6606.06	10000	0	1.119
6767.68	-6000	0	0.932822
6767.68	-5838.38	0	0.957778
6767.68	-5676.77	0	0.984412
6767.68	-5515.15	0	1.01288
6767.68	-5353.54	0	1.04336
6767.68	-5191.92	0	1.07603
6767.68	-5030.3	0	1.11113
6767.68	-4868.69	0	1.14888
6767.68	-4707.07	0	1.18955
6767.68	-4545.45	0	1.23345
6767.68	-4383.84	0	1.28092
6767.68	-4222.22	0	1.33233
6767.68	-4060.61	0	1.3881
6767.68	-3898.99	0	1.4487
6767.68	-3737.37	0	1.51466
6767.68	-3575.76	0	1.58656
6767.68	-3414.14	0	1.66505
6767.68	-3252.53	0	1.75085
6767.68	-3090.91	0	1.84474
6767.68	-2929.29	0	1.94754
6767.68	-2767.68	0	2.06016
6767.68	-2606.06	0	2.1835
6767.68	-2444.44	0	2.31847
6767.68	-2282.83	0	2.46587
6767.68	-2121.21	0	2.62636
6767.68	-1959.6	0	2.80026
6767.68	-1797.98	0	2.98735
6767.68	-1636.36	0	3.18662
6767.68	-1474.75	0	3.39588
6767.68	-1313.13	0	3.61133
6767.68	-1151.52	0	3.8271
6767.68	-989.899	0	4.03486
6767.68	-828.283	0	4.22369
6767.68	-666.667	0	4.3804
6767.68	-505.051	0	4.4906
6767.68	-343.434	0	4.54059
6767.68	-181.818	0	4.5198
6767.68	-20.202	0	4.42328
6767.68	141.414	0	4.25326
6767.68	303.03	0	4.01917
6767.68	464.646	0	3.73598
6767.68	626.263	0	3.42137
6767.68	787.879	0	3.09284
6767.68	949.495	0	2.76551
6767.68	1111.11	0	2.45088
6767.68	1272.73	0	2.15671
6767.68	1434.34	0	1.88738
6767.68	1595.96	0	1.64466
6767.68	1757.58	0	1.42849
6767.68	1919.19	0	1.23765
6767.68	2080.81	0	1.07024
6767.68	2242.42	0	0.924086
6767.68	2404.04	0	0.79693
6767.68	2565.66	0	0.775026
6767.68	2727.27	0	0.898864
6767.68	2888.89	0	1.04129
6767.68	3050.51	0	1.20454
6767.68	3212.12	0	1.39083
6767.68	3373.74	0	1.60213
6767.68	3535.35	0	1.83982
6767.68	3696.97	0	2.10424
6767.68	3858.59	0	2.394
6767.68	4020.2	0	2.70526
6767.68	4181.82	0	3.03097
6767.68	4343.43	0	3.36033
6767.68	4505.05	0	3.67884
6767.68	4666.67	0	3.9693
6767.68	4828.28	0	4.21386
6767.68	4989.9	0	4.3968
6767.68	5151.52	0	4.50751
6767.68	5313.13	0	4.54232
6767.68	5474.75	0	4.50494
6767.68	5636.36	0	4.40504
6767.68	5797.98	0	4.25595
6767.68	5959.6	0	4.07208
6767.68	6121.21	0	3.86696
6767.68	6282.83	0	3.65198
6767.68	6444.44	0	3.43596
6767.68	6606.06	0	3.22519
6767.68	6767.68	0	3.02383
6767.68	6929.29	0	2.83435
6767.68	7090.91	0	2.65794
6767.68	7252.53	0	2.49495
6767.68	7414.14	0	2.34514
6767.68	7575.76	0	2.2079
6767.68	7737.37	0	2.08244
6767.68	7898.99	0	1.96788
6767.68	8060.61	0	1.86331
6767.68	8222.22	0	1.76782
6767.68	8383.84	0	1.68056
6767.68	8545.45	0	1.60075
6767.68	8707.07	0	1.52767
6767.68	8868.69	0	1.46064
6767.68	9030.3	0	1.39908
6767.68	9191.92	0	1.34244
6767.68	9353.54	0	1.29025
6767.68	9515.15	0	1.24207
6767.68	9676.77	0	1.19753
6767.68	9838.38	0	1.15627
6767.68	10000	0	1.11799
6929.29	-6000	0	0.933758
6929.29	-5838.38	0	0.958365
6929.29	-5676.77	0	0.984579
6929.29	-5515.15	0	1.01254
6929.29	-5353.54	0	1.04242
6929.29	-5191.92	0	1.07438
6929.29	-5030.3	0	1.10862
6929.29	-4868.69	0	1.14535
6929.29	-4707.07	0	1.18482
6929.29	-4545.45	0	1.22728
6929.29	-4383.84	0	1.27304
6929.29	-4222.22	0	1.3224
6929.29	-4060.61	0	1.37574
6929.29	-3898.99	0	1.43343
6929.29	-3737.37	0	1.49592
6929.29	-3575.76	0	1.56367
6929.29	-3414.14	0	1.63719
6929.29	-3252.53	0	1.71701
6929.29	-3090.91	0	1.80373
6929.29	-2929.29	0	1.89791
6929.29	-2767.68	0	2.00015
6929.29	-2606.06	0	2.11101
6929.29	-2444.44	0	2.23097
6929.29	-2282.83	0	2.36035
6929.29	-2121.21	0	2.49927
6929.29	-1959.6	0	2.64746
6929.29	-1797.98	0	2.80414
6929.29	-1636.36	0	2.96779
6929.29	-1474.75	0	3.13593
6929.29	-1313.13	0	3.30484
6929.29	-1151.52	0	3.46934
6929.29	-989.899	0	3.62269
6929.29	-828.283	0	3.75664
6929.29	-666.667	0	3.86187
6929.29	-505.051	0	3.92883
6929.29	-343.434	0	3.94893
6929.29	-181.818	0	3.91602
6929.29	-20.202	0	3.82769
6929.29	141.414	0	3.68603
6929.29	303.03	0	3.49752
6929.29	464.646	0	3.27213
6929.29	626.263	0	3.02169
6929.29	787.879	0	2.75821
6929.29	949.495	0	2.49254
6929.29	1111.11	0	2.23345
6929.29	1272.73	0	1.98733
6929.29	1434.34	0	1.75833
6929.29	1595.96	0	1.54867
6929.29	1757.58	0	1.3591
6929.29	1919.19	0	1.18936
6929.29	2080.81	0	1.0385
6929.29	2242.42	0	0.905204
6929.29	2404.04	0	0.787956
6929.29	2565.66	0	0.767632
6929.29	2727.27	0	0.882044
6929.29	2888.89	0	1.01222
6929.29	3050.51	0	1.15967
6929.29	3212.12	0	1.32579
6929.29	3373.74	0	1.51159
6929.29	3535.35	0	1.7175
6929.29	3696.97	0	1.943
6929.29	3858.59	0	2.18616
6929.29	4020.2	0	2.44323
6929.29	4181.82	0	2.70827
6929.29	4343.43	0	2.97293
6929.29	4505.05	0	3.22671
6929.29	4666.67	0	3.45773
6929.29	4828.28	0	3.65399
6929.29	4989.9	0	3.80505
6929.29	5151.52	0	3.90368
6929.29	5313.13	0	3.94693
6929.29	5474.75	0	3.93639
6929.29	5636.36	0	3.87762
6929.29	5797.98	0	3.77885
6929.29	5959.6	0	3.64955
6929.29	6121.21	0	3.49917
6929.29	6282.83	0	3.3362
6929.29	6444.44	0	3.16768
6929.29	6606.06	0	2.99907
6929.29	6767.68	0	2.83435
6929.29	6929.29	0	2.67622
6929.29	7090.91	0	2.52636
6929.29	7252.53	0	2.38567
6929.29	7414.14	0	2.2545
6929.29	7575.76	0	2.1328
6929.29	7737.37	0	2.02027
6929.29	7898.99	0	1.91645
6929.29	8060.61	0	1.8208
6929.29	8222.22	0	1.73273
6929.29	8383.84	0	1.65166
6929.29	8545.45	0	1.577
6929.29	8707.07	0	1.50821
6929.29	8868.69	0	1.44477
6929.29	9030.3	0	1.38621
6929.29	9191.92	0	1.33209
6929.29	9353.54	0	1.28201
6929.29	9515.15	0	1.2356
6929.29	9676.77	0	1.19255
6929.29	9838.38	0	1.15254
6929.29	10000	0	1.11531
7090.91	-6000	0	0.933706
7090.91	-5838.38	0	0.957888
7090.91	-5676.77	0	0.983602
7090.91	-5515.15	0	1.01098
7090.91	-5353.54	0	1.04016
7090.91	-5191.92	0	1.0713
7090.91	-5030.3	0	1.10458
7090.91	-4868.69	0	1.14018
7090.91	-4707.07	0	1.17832
7090.91	-4545.45	0	1.21922
7090.91	-4383.84	0	1.26313
7090.91	-4222.22	0	1.31032
7090.91	-4060.61	0	1.36109
7090.91	-3898.99	0	1.41576
7090.91	-3737.37	0	1.47467
7090.91	-3575.76	0	1.53818
7090.91	-3414.14	0	1.60668
7090.91	-3252.53	0	1.68057
7090.91	-3090.91	0	1.76024
7090.91	-2929.29	0	1.84606
7090.91	-2767.68	0	1.9384
7090.91	-2606.06	0	2.03753
7090.91	-2444.44	0	2.14361
7090.91	-2282.83	0	2.25664
7090.91	-2121.21	0	2.37636
7090.91	-1959.6	0	2.50217
7090.91	-1797.98	0	2.63299
7090.91	-1636.36	0	2.7671
7090.91	-1474.75	0	2.90206
7090.91	-1313.13	0	3.0345
7090.91	-1151.52	0	3.16005
7090.91	-989.899	0	3.2734
7090.91	-828.283	0	3.36837
7090.91	-666.667	0	3.43839
7090.91	-505.051	0	3.47702
7090.91	-343.434	0	3.47881
7090.91	-181.818	0	3.44011
7090.91	-20.202	0	3.35981
7090.91	141.414	0	3.23974
7090.91	303.03	0	3.08452
7090.91	464.646	0	2.90103
7090.91	626.263	0	2.69744
7090.91	787.879	0	2.48224
7090.91	949.495	0	2.26332
7090.91	1111.11	0	2.04737
7090.91	1272.73	0	1.83959
7090.91	1434.34	0	1.64361
7090.91	1595.96	0	1.46174
7090.91	1757.58	0	1.2951
7090.91	1919.19	0	1.14399
7090.91	2080.81	0	1.00808
7090.91	2242.42	0	0.886647
7090.91	2404.04	0	0.778725
7090.91	2565.66	0	0.759908
7090.91	2727.27	0	0.865413
7090.91	2888.89	0	0.984238
7090.91	3050.51	0	1.11737
7090.91	3212.12	0	1.26559
7090.91	3373.74	0	1.42931
7090.91	3535.35	0	1.60839
7090.91	3696.97	0	1.80185
7090.91	3858.59	0	2.00766
7090.91	4020.2	0	2.22243
7090.91	4181.82	0	2.44126
7090.91	4343.43	0	2.65773
7090.91	4505.05	0	2.86413
7090.91	4666.67	0	3.05204
7090.91	4828.28	0	3.21313
7090.91	4989.9	0	3.34023
7090.91	5151.52	0	3.42821
7090.91	5313.13	0	3.47471
7090.91	5474.75	0	3.4803
7090.91	5636.36	0	3.44821
7090.91	5797.98	0	3.3836
7090.91	5959.6	0	3.2928
7090.91	6121.21	0	3.18241
7090.91	6282.83	0	3.05871
7090.91	6444.44	0	2.9272
7090.91	6606.06	0	2.79243
7090.91	6767.68	0	2.65794
7090.91	6929.29	0	2.52636
7090.91	7090.91	0	2.39952
7090.91	7252.53	0	2.27859
7090.91	7414.14	0	2.16428
7090.91	7575.76	0	2.05689
7090.91	7737.37	0	1.95646
7090.91	7898.99	0	1.86287
7090.91	8060.61	0	1.77585
7090.91	8222.22	0	1.69506
7090.91	8383.84	0	1.62012
7090.91	8545.45	0	1.55063
7090.91	8707.07	0	1.48621
7090.91	8868.69	0	1.42647
7090.91	9030.3	0	1.37103
7090.91	9191.92	0	1.31956
7090.91	9353.54	0	1.27172
7090.91	9515.15	0	1.22721
7090.91	9676.77	0	1.18577
7090.91	9838.38	0	1.14713
7090.91	10000	0	1.11107
7252.53	-6000	0	0.932713
7252.53	-5838.38	0	0.956404
7252.53	-5676.77	0	0.981547
7252.53	-5515.15	0	1.00826
7252.53	-5353.54	0	1.03666
7252.53	-5191.92	0	1.0669
7252.53	-5030.3	0	1.09913
7252.53	-4868.69	0	1.13351
7252.53	-4707.07	0	1.17022
7252.53	-4545.45	0	1.20946
7252.53	-4383.84	0	1.25143
7252.53	-4222.22	0	1.29636
7252.53	-4060.61	0	1.34448
7252.53	-3898.99	0	1.39606
7252.53	-3737.37	0	1.45135
7252.53	-3575.76	0	1.51062
7252.53	-3414.14	0	1.57416
7252.53	-3252.53	0	1.64224
7252.53	-3090.91	0	1.71509
7252.53	-2929.29	0	1.79295
7252.53	-2767.68	0	1.87597
7252.53	-2606.06	0	1.96422
7252.53	-2444.44	0	2.05765
7252.53	-2282.83	0	2.15603
7252.53	-2121.21	0	2.25887
7252.53	-1959.6	0	2.36538
7252.53	-1797.98	0	2.47437
7252.53	-1636.36	0	2.58414
7252.53	-1474.75	0	2.69241
7252.53	-1313.13	0	2.79627
7252.53	-1151.52	0	2.89215
7252.53	-989.899	0	2.97588
7252.53	-828.283	0	3.0429
7252.53	-666.667	0	3.08852
7252.53	-505.051	0	3.10837
7252.53	-343.434	0	3.09891
7252.53	-181.818	0	3.05798
7252.53	-20.202	0	2.98515
7252.53	141.414	0	2.88195
7252.53	303.03	0	2.7518
7252.53	464.646	0	2.59957
7252.53	626.263	0	2.4311
7252.53	787.879	0	2.25251
7252.53	949.495	0	2.06964
7252.53	1111.11	0	1.88763
7252.53	1272.73	0	1.71065
7252.53	1434.34	0	1.54184
7252.53	1595.96	0	1.38333
7252.53	1757.58	0	1.23641
7252.53	1919.19	0	1.10167
7252.53	2080.81	0	0.979171
7252.53	2242.42	0	0.868588
7252.53	2404.04	0	0.769361
7252.53	2565.66	0	0.751963
7252.53	2727.27	0	0.849138
7252.53	2888.89	0	0.957543
7252.53	3050.51	0	1.07778
7252.53	3212.12	0	1.21021
7252.53	3373.74	0	1.35487
7252.53	3535.35	0	1.51128
7252.53	3696.97	0	1.6783
7252.53	3858.59	0	1.85396
7252.53	4020.2	0	2.03531
7252.53	4181.82	0	2.21838
7252.53	4343.43	0	2.3982
7252.53	4505.05	0	2.56904
7252.53	4666.67	0	2.72477
7252.53	4828.28	0	2.85947
7252.53	4989.9	0	2.96803
7252.53	5151.52	0	3.04673
7252.53	5313.13	0	3.09367
7252.53	5474.75	0	3.10891
7252.53	5636.36	0	3.09432
7252.53	5797.98	0	3.05322
7252.53	5959.6	0	2.98986
7252.53	6121.21	0	2.9089
7252.53	6282.83	0	2.81497
7252.53	6444.44	0	2.71232
7252.53	6606.06	0	2.60463
7252.53	6767.68	0	2.49495
7252.53	6929.29	0	2.38567
7252.53	7090.91	0	2.27859
7252.53	7252.53	0	2.17499
7252.53	7414.14	0	2.07573
7252.53	7575.76	0	1.98135
7252.53	7737.37	0	1.89212
7252.53	7898.99	0	1.80812
7252.53	8060.61	0	1.7293
7252.53	8222.22	0	1.65552
7252.53	8383.84	0	1.58657
7252.53	8545.45	0	1.5222
7252.53	8707.07	0	1.46215
7252.53	8868.69	0	1.40613
7252.53	9030.3	0	1.35388
7252.53	9191.92	0	1.30513
7252.53	9353.54	0	1.25962
7252.53	9515.15	0	1.21711
7252.53	9676.77	0	1.17738
7252.53	9838.38	0	1.14021
7252.53	10000	0	1.10541
7414.14	-6000	0	0.930832
7414.14	-5838.38	0	0.953975
7414.14	-5676.77	0	0.978484
7414.14	-5515.15	0	1.00446
7414.14	-5353.54	0	1.03203
7414.14	-5191.92	0	1.0613
7414.14	-5030.3	0	1.0924
7414.14	-4868.69	0	1.12549
7414.14	-4707.07	0	1.1607
7414.14	-4545.45	0	1.19821
7414.14	-4383.84	0	1.23817
7414.14	-4222.22	0	1.28078
7414.14	-4060.61	0	1.32622
7414.14	-3898.99	0	1.37469
7414.14	-3737.37	0	1.42638
7414.14	-3575.76	0	1.48148
7414.14	-3414.14	0	1.54018
7414.14	-3252.53	0	1.60264
7414.14	-3090.91	0	1.66901
7414.14	-2929.29	0	1.73936
7414.14	-2767.68	0	1.81372
7414.14	-2606.06	0	1.89201
7414.14	-2444.44	0	1.97403
7414.14	-2282.83	0	2.0594
7414.14	-2121.21	0	2.14751
7414.14	-1959.6	0	2.23751
7414.14	-1797.98	0	2.32818
7414.14	-1636.36	0	2.41794
7414.14	-1474.75	0	2.50477
7414.14	-1313.13	0	2.58622
7414.14	-1151.52	0	2.65939
7414.14	-989.899	0	2.72107
7414.14	-828.283	0	2.76785
7414.14	-666.667	0	2.79638
7414.14	-505.051	0	2.80367
7414.14	-343.434	0	2.78739
7414.14	-181.818	0	2.74624
7414.14	-20.202	0	2.68017
7414.14	141.414	0	2.59046
7414.14	303.03	0	2.47967
7414.14	464.646	0	2.35137
7414.14	626.263	0	2.20982
7414.14	787.879	0	2.05953
7414.14	949.495	0	1.90491
7414.14	1111.11	0	1.74993
7414.14	1272.73	0	1.59793
7414.14	1434.34	0	1.45156
7414.14	1595.96	0	1.31275
7414.14	1757.58	0	1.18278
7414.14	1919.19	0	1.06239
7414.14	2080.81	0	0.951859
7414.14	2242.42	0	0.851144
7414.14	2404.04	0	0.759959
7414.14	2565.66	0	0.743888
7414.14	2727.27	0	0.833332
7414.14	2888.89	0	0.932233
7414.14	3050.51	0	1.04091
7414.14	3212.12	0	1.15947
7414.14	3373.74	0	1.28768
7414.14	3535.35	0	1.42491
7414.14	3696.97	0	1.56999
7414.14	3858.59	0	1.72111
7414.14	4020.2	0	1.87577
7414.14	4181.82	0	2.03075
7414.14	4343.43	0	2.18217
7414.14	4505.05	0	2.3257
7414.14	4666.67	0	2.45682
7414.14	4828.28	0	2.5712
7414.14	4989.9	0	2.66509
7414.14	5151.52	0	2.73573
7414.14	5313.13	0	2.78158
7414.14	5474.75	0	2.80246
7414.14	5636.36	0	2.79945
7414.14	5797.98	0	2.77469
7414.14	5959.6	0	2.73108
7414.14	6121.21	0	2.67193
7414.14	6282.83	0	2.60066
7414.14	6444.44	0	2.52054
7414.14	6606.06	0	2.43451
7414.14	6767.68	0	2.34514
7414.14	6929.29	0	2.2545
7414.14	7090.91	0	2.16428
7414.14	7252.53	0	2.07573
7414.14	7414.14	0	1.9898
7414.14	7575.76	0	1.90712
7414.14	7737.37	0	1.82811
7414.14	7898.99	0	1.753
7414.14	8060.61	0	1.68189
7414.14	8222.22	0	1.61478
7414.14	8383.84	0	1.5516
7414.14	8545.45	0	1.4922
7414.14	8707.07	0	1.43644
7414.14	8868.69	0	1.38413
7414.14	9030.3	0	1.33507
7414.14	9191.92	0	1.28908
7414.14	9353.54	0	1.24596
7414.14	9515.15	0	1.20551
7414.14	9676.77	0	1.16755
7414.14	9838.38	0	1.13192
7414.14	10000	0	1.09845
7575.76	-6000	0	0.928118
7575.76	-5838.38	0	0.950663
7575.76	-5676.77	0	0.974487
7575.76	-5515.15	0	0.999684
7575.76	-5353.54	0	1.02635
7575.76	-5191.92	0	1.05459
7575.76	-5030.3	0	1.08452
7575.76	-4868.69	0	1.11626
7575.76	-4707.07	0	1.14992
7575.76	-4545.45	0	1.18565
7575.76	-4383.84	0	1.22358
7575.76	-4222.22	0	1.26386
7575.76	-4060.61	0	1.30661
7575.76	-3898.99	0	1.352
7575.76	-3737.37	0	1.40014
7575.76	-3575.76	0	1.45118
7575.76	-3414.14	0	1.50522
7575.76	-3252.53	0	1.56233
7575.76	-3090.91	0	1.62258
7575.76	-2929.29	0	1.68594
7575.76	-2767.68	0	1.75234
7575.76	-2606.06	0	1.82159
7575.76	-2444.44	0	1.8934
7575.76	-2282.83	0	1.96731
7575.76	-2121.21	0	2.04266
7575.76	-1959.6	0	2.11859
7575.76	-1797.98	0	2.19394
7575.76	-1636.36	0	2.2673
7575.76	-1474.75	0	2.3369
7575.76	-1313.13	0	2.40072
7575.76	-1151.52	0	2.45644
7575.76	-989.899	0	2.50158
7575.76	-828.283	0	2.5336
7575.76	-666.667	0	2.55007
7575.76	-505.051	0	2.54892
7575.76	-343.434	0	2.52862
7575.76	-181.818	0	2.4884
7575.76	-20.202	0	2.42838
7575.76	141.414	0	2.34964
7575.76	303.03	0	2.25414
7575.76	464.646	0	2.14455
7575.76	626.263	0	2.02405
7575.76	787.879	0	1.89604
7575.76	949.495	0	1.76388
7575.76	1111.11	0	1.63066
7575.76	1272.73	0	1.4991
7575.76	1434.34	0	1.3714
7575.76	1595.96	0	1.24925
7575.76	1757.58	0	1.13387
7575.76	1919.19	0	1.02604
7575.76	2080.81	0	0.926164
7575.76	2242.42	0	0.83438
7575.76	2404.04	0	0.750593
7575.76	2565.66	0	0.735755
7575.76	2727.27	0	0.818067
7575.76	2888.89	0	0.908338
7575.76	3050.51	0	1.0067
7575.76	3212.12	0	1.11306
7575.76	3373.74	0	1.22707
7575.76	3535.35	0	1.34803
7575.76	3696.97	0	1.4748
7575.76	3858.59	0	1.6058
7575.76	4020.2	0	1.73889
7575.76	4181.82	0	1.87148
7575.76	4343.43	0	2.00052
7575.76	4505.05	0	2.12268
7575.76	4666.67	0	2.23457
7575.76	4828.28	0	2.33294
7575.76	4989.9	0	2.415
7575.76	5151.52	0	2.47863
7575.76	5313.13	0	2.5226
7575.76	5474.75	0	2.5466
7575.76	5636.36	0	2.55125
7575.76	5797.98	0	2.53794
7575.76	5959.6	0	2.50866
7575.76	6121.21	0	2.46579
7575.76	6282.83	0	2.41186
7575.76	6444.44	0	2.34938
7575.76	6606.06	0	2.28069
7575.76	6767.68	0	2.2079
7575.76	6929.29	0	2.1328
7575.76	7090.91	0	2.05689
7575.76	7252.53	0	1.98135
7575.76	7414.14	0	1.90712
7575.76	7575.76	0	1.83488
7575.76	7737.37	0	1.76512
7575.76	7898.99	0	1.69817
7575.76	8060.61	0	1.63422
7575.76	8222.22	0	1.57339
7575.76	8383.84	0	1.51569
7575.76	8545.45	0	1.46108
7575.76	8707.07	0	1.40949
7575.76	8868.69	0	1.36081
7575.76	9030.3	0	1.31492
7575.76	9191.92	0	1.27168
7575.76	9353.54	0	1.23095
7575.76	9515.15	0	1.19259
7575.76	9676.77	0	1.15646
7575.76	9838.38	0	1.12242
7575.76	10000	0	1.09033
7737.37	-6000	0	0.92463
7737.37	-5838.38	0	0.946535
7737.37	-5676.77	0	0.969632
7737.37	-5515.15	0	0.994002
7737.37	-5353.54	0	1.01973
7737.37	-5191.92	0	1.0469
7737.37	-5030.3	0	1.07561
7737.37	-4868.69	0	1.10596
7737.37	-4707.07	0	1.13806
7737.37	-4545.45	0	1.17199
7737.37	-4383.84	0	1.20788
7737.37	-4222.22	0	1.24582
7737.37	-4060.61	0	1.28593
7737.37	-3898.99	0	1.32829
7737.37	-3737.37	0	1.37299
7737.37	-3575.76	0	1.42012
7737.37	-3414.14	0	1.46971
7737.37	-3252.53	0	1.52178
7737.37	-3090.91	0	1.57631
7737.37	-2929.29	0	1.63322
7737.37	-2767.68	0	1.69235
7737.37	-2606.06	0	1.75346
7737.37	-2444.44	0	1.8162
7737.37	-2282.83	0	1.88007
7737.37	-2121.21	0	1.94441
7737.37	-1959.6	0	2.00839
7737.37	-1797.98	0	2.07097
7737.37	-1636.36	0	2.13087
7737.37	-1474.75	0	2.18662
7737.37	-1313.13	0	2.23654
7737.37	-1151.52	0	2.27879
7737.37	-989.899	0	2.31145
7737.37	-828.283	0	2.33261
7737.37	-666.667	0	2.34053
7737.37	-505.051	0	2.33373
7737.37	-343.434	0	2.31122
7737.37	-181.818	0	2.27254
7737.37	-20.202	0	2.21792
7737.37	141.414	0	2.14824
7737.37	303.03	0	2.06504
7737.37	464.646	0	1.97036
7737.37	626.263	0	1.86661
7737.37	787.879	0	1.75641
7737.37	949.495	0	1.64234
7737.37	1111.11	0	1.52687
7737.37	1272.73	0	1.41217
7737.37	1434.34	0	1.30009
7737.37	1595.96	0	1.19209
7737.37	1757.58	0	1.08929
7737.37	1919.19	0	0.992449
7737.37	2080.81	0	0.902054
7737.37	2242.42	0	0.818331
7737.37	2404.04	0	0.74132
7737.37	2565.66	0	0.727621
7737.37	2727.27	0	0.803382
7737.37	2888.89	0	0.885844
7737.37	3050.51	0	0.975
7737.37	3212.12	0	1.07066
7737.37	3373.74	0	1.17239
7737.37	3535.35	0	1.27949
7737.37	3696.97	0	1.39091
7737.37	3858.59	0	1.50525
7737.37	4020.2	0	1.62073
7737.37	4181.82	0	1.73524
7737.37	4343.43	0	1.84636
7737.37	4505.05	0	1.95152
7737.37	4666.67	0	2.04809
7737.37	4828.28	0	2.13362
7737.37	4989.9	0	2.20596
7737.37	5151.52	0	2.2635
7737.37	5313.13	0	2.3052
7737.37	5474.75	0	2.33073
7737.37	5636.36	0	2.34041
7737.37	5797.98	0	2.33515
7737.37	5959.6	0	2.31635
7737.37	6121.21	0	2.2857
7737.37	6282.83	0	2.24511
7737.37	6444.44	0	2.19648
7737.37	6606.06	0	2.14169
7737.37	6767.68	0	2.08244
7737.37	6929.29	0	2.02027
7737.37	7090.91	0	1.95646
7737.37	7252.53	0	1.89212
7737.37	7414.14	0	1.82811
7737.37	7575.76	0	1.76512
7737.37	7737.37	0	1.70367
7737.37	7898.99	0	1.64414
7737.37	8060.61	0	1.5868
7737.37	8222.22	0	1.53182
7737.37	8383.84	0	1.47928
7737.37	8545.45	0	1.42923
7737.37	8707.07	0	1.38164
7737.37	8868.69	0	1.33649
7737.37	9030.3	0	1.29369
7737.37	9191.92	0	1.25317
7737.37	9353.54	0	1.21483
7737.37	9515.15	0	1.17857
7737.37	9676.77	0	1.14427
7737.37	9838.38	0	1.11185
7737.37	10000	0	1.08118
7898.99	-6000	0	0.920426
7898.99	-5838.38	0	0.941657
7898.99	-5676.77	0	0.963993
7898.99	-5515.15	0	0.987503
7898.99	-5353.54	0	1.01226
7898.99	-5191.92	0	1.03833
7898.99	-5030.3	0	1.06581
7898.99	-4868.69	0	1.09475
7898.99	-4707.07	0	1.12526
7898.99	-4545.45	0	1.1574
7898.99	-4383.84	0	1.19126
7898.99	-4222.22	0	1.2269
7898.99	-4060.61	0	1.26441
7898.99	-3898.99	0	1.30384
7898.99	-3737.37	0	1.34524
7898.99	-3575.76	0	1.38863
7898.99	-3414.14	0	1.43402
7898.99	-3252.53	0	1.48136
7898.99	-3090.91	0	1.5306
7898.99	-2929.29	0	1.58159
7898.99	-2767.68	0	1.63414
7898.99	-2606.06	0	1.68796
7898.99	-2444.44	0	1.74268
7898.99	-2282.83	0	1.79779
7898.99	-2121.21	0	1.85267
7898.99	-1959.6	0	1.90653
7898.99	-1797.98	0	1.95845
7898.99	-1636.36	0	2.00733
7898.99	-1474.75	0	2.05192
7898.99	-1313.13	0	2.09084
7898.99	-1151.52	0	2.12264
7898.99	-989.899	0	2.14583
7898.99	-828.283	0	2.15898
7898.99	-666.667	0	2.16081
7898.99	-505.051	0	2.15028
7898.99	-343.434	0	2.12673
7898.99	-181.818	0	2.08991
7898.99	-20.202	0	2.04008
7898.99	141.414	0	1.97798
7898.99	303.03	0	1.90483
7898.99	464.646	0	1.82222
7898.99	626.263	0	1.73202
7898.99	787.879	0	1.63626
7898.99	949.495	0	1.53696
7898.99	1111.11	0	1.43609
7898.99	1272.73	0	1.33542
7898.99	1434.34	0	1.23649
7898.99	1595.96	0	1.14057
7898.99	1757.58	0	1.04864
7898.99	1919.19	0	0.961441
7898.99	2080.81	0	0.879466
7898.99	2242.42	0	0.803004
7898.99	2404.04	0	0.73218
7898.99	2565.66	0	0.719529
7898.99	2727.27	0	0.789294
7898.99	2888.89	0	0.864703
7898.99	3050.51	0	0.945662
7898.99	3212.12	0	1.03191
7898.99	3373.74	0	1.123
7898.99	3535.35	0	1.21824
7898.99	3696.97	0	1.3167
7898.99	3858.59	0	1.41715
7898.99	4020.2	0	1.51811
7898.99	4181.82	0	1.61785
7898.99	4343.43	0	1.71443
7898.99	4505.05	0	1.80583
7898.99	4666.67	0	1.89001
7898.99	4828.28	0	1.96507
7898.99	4989.9	0	2.02934
7898.99	5151.52	0	2.08154
7898.99	5313.13	0	2.12083
7898.99	5474.75	0	2.14687
7898.99	5636.36	0	2.1598
7898.99	5797.98	0	2.16022
7898.99	5959.6	0	2.14911
7898.99	6121.21	0	2.12769
7898.99	6282.83	0	2.09739
7898.99	6444.44	0	2.05969
7898.99	6606.06	0	2.01606
7898.99	6767.68	0	1.96788
7898.99	6929.29	0	1.91645
7898.99	7090.91	0	1.86287
7898.99	7252.53	0	1.80812
7898.99	7414.14	0	1.753
7898.99	7575.76	0	1.69817
7898.99	7737.37	0	1.64414
7898.99	7898.99	0	1.59133
7898.99	8060.61	0	1.54003
7898.99	8222.22	0	1.49045
7898.99	8383.84	0	1.44275
7898.99	8545.45	0	1.39699
7898.99	8707.07	0	1.35322
7898.99	8868.69	0	1.31145
7898.99	9030.3	0	1.27166
7898.99	9191.92	0	1.23379
7898.99	9353.54	0	1.1978
7898.99	9515.15	0	1.16361
7898.99	9676.77	0	1.13116
7898.99	9838.38	0	1.10035
7898.99	10000	0	1.07112
8060.61	-6000	0	0.915566
8060.61	-5838.38	0	0.936097
8060.61	-5676.77	0	0.957647
8060.61	-5515.15	0	0.980274
8060.61	-5353.54	0	1.00404
8060.61	-5191.92	0	1.029
8060.61	-5030.3	0	1.05522
8060.61	-4868.69	0	1.08276
8060.61	-4707.07	0	1.11168
8060.61	-4545.45	0	1.14204
8060.61	-4383.84	0	1.1739
8060.61	-4222.22	0	1.20731
8060.61	-4060.61	0	1.2423
8060.61	-3898.99	0	1.27891
8060.61	-3737.37	0	1.31715
8060.61	-3575.76	0	1.357
8060.61	-3414.14	0	1.39845
8060.61	-3252.53	0	1.4414
8060.61	-3090.91	0	1.48576
8060.61	-2929.29	0	1.53136
8060.61	-2767.68	0	1.57797
8060.61	-2606.06	0	1.6253
8060.61	-2444.44	0	1.67296
8060.61	-2282.83	0	1.72046
8060.61	-2121.21	0	1.76722
8060.61	-1959.6	0	1.81253
8060.61	-1797.98	0	1.85557
8060.61	-1636.36	0	1.89539
8060.61	-1474.75	0	1.93096
8060.61	-1313.13	0	1.96116
8060.61	-1151.52	0	1.98483
8060.61	-989.899	0	2.00081
8060.61	-828.283	0	2.00801
8060.61	-666.667	0	2.00551
8060.61	-505.051	0	1.99256
8060.61	-343.434	0	1.96873
8060.61	-181.818	0	1.9339
8060.61	-20.202	0	1.88834
8060.61	141.414	0	1.83266
8060.61	303.03	0	1.76784
8060.61	464.646	0	1.69515
8060.61	626.263	0	1.61605
8060.61	787.879	0	1.53214
8060.61	949.495	0	1.44503
8060.61	1111.11	0	1.3563
8060.61	1272.73	0	1.2674
8060.61	1434.34	0	1.17962
8060.61	1595.96	0	1.09404
8060.61	1757.58	0	1.01155
8060.61	1919.19	0	0.93281
8060.61	2080.81	0	0.858318
8060.61	2242.42	0	0.788391
8060.61	2404.04	0	0.723204
8060.61	2565.66	0	0.711515
8060.61	2727.27	0	0.775804
8060.61	2888.89	0	0.844852
8060.61	3050.51	0	0.918507
8060.61	3212.12	0	0.99648
8060.61	3373.74	0	1.07832
8060.61	3535.35	0	1.16338
8060.61	3696.97	0	1.25082
8060.61	3858.59	0	1.3396
8060.61	4020.2	0	1.42847
8060.61	4181.82	0	1.516
8060.61	4343.43	0	1.60063
8060.61	4505.05	0	1.68076
8060.61	4666.67	0	1.75477
8060.61	4828.28	0	1.82117
8060.61	4989.9	0	1.87864
8060.61	5151.52	0	1.92616
8060.61	5313.13	0	1.96304
8060.61	5474.75	0	1.98893
8060.61	5636.36	0	2.0039
8060.61	5797.98	0	2.00831
8060.61	5959.6	0	2.00286
8060.61	6121.21	0	1.98844
8060.61	6282.83	0	1.96613
8060.61	6444.44	0	1.93707
8060.61	6606.06	0	1.90242
8060.61	6767.68	0	1.86331
8060.61	6929.29	0	1.8208
8060.61	7090.91	0	1.77585
8060.61	7252.53	0	1.7293
8060.61	7414.14	0	1.68189
8060.61	7575.76	0	1.63422
8060.61	7737.37	0	1.5868
8060.61	7898.99	0	1.54003
8060.61	8060.61	0	1.49422
8060.61	8222.22	0	1.44962
8060.61	8383.84	0	1.40639
8060.61	8545.45	0	1.36466
8060.61	8707.07	0	1.3245
8060.61	8868.69	0	1.28596
8060.61	9030.3	0	1.24904
8060.61	9191.92	0	1.21375
8060.61	9353.54	0	1.18005
8060.61	9515.15	0	1.1479
8060.61	9676.77	0	1.11726
8060.61	9838.38	0	1.08807
8060.61	10000	0	1.06028
8222.22	-6000	0	0.910109
8222.22	-5838.38	0	0.92992
8222.22	-5676.77	0	0.950666
8222.22	-5515.15	0	0.972395
8222.22	-5353.54	0	0.995155
8222.22	-5191.92	0	1.01899
8222.22	-5030.3	0	1.04396
8222.22	-4868.69	0	1.0701
8222.22	-4707.07	0	1.09746
8222.22	-4545.45	0	1.12608
8222.22	-4383.84	0	1.15599
8222.22	-4222.22	0	1.18723
8222.22	-4060.61	0	1.2198
8222.22	-3898.99	0	1.25371
8222.22	-3737.37	0	1.28895
8222.22	-3575.76	0	1.32548
8222.22	-3414.14	0	1.36325
8222.22	-3252.53	0	1.40214
8222.22	-3090.91	0	1.44204
8222.22	-2929.29	0	1.48275
8222.22	-2767.68	0	1.52404
8222.22	-2606.06	0	1.5656
8222.22	-2444.44	0	1.60706
8222.22	-2282.83	0	1.64796
8222.22	-2121.21	0	1.68776
8222.22	-1959.6	0	1.72584
8222.22	-1797.98	0	1.76147
8222.22	-1636.36	0	1.79386
8222.22	-1474.75	0	1.82213
8222.22	-1313.13	0	1.84538
8222.22	-1151.52	0	1.86269
8222.22	-989.899	0	1.87316
8222.22	-828.283	0	1.87595
8222.22	-666.667	0	1.87039
8222.22	-505.051	0	1.85595
8222.22	-343.434	0	1.83233
8222.22	-181.818	0	1.79951
8222.22	-20.202	0	1.75774
8222.22	141.414	0	1.70755
8222.22	303.03	0	1.64972
8222.22	464.646	0	1.58528
8222.22	626.263	0	1.51539
8222.22	787.879	0	1.44132
8222.22	949.495	0	1.36437
8222.22	1111.11	0	1.28583
8222.22	1272.73	0	1.20688
8222.22	1434.34	0	1.12861
8222.22	1595.96	0	1.05194
8222.22	1757.58	0	0.977648
8222.22	1919.19	0	0.906354
8222.22	2080.81	0	0.838519
8222.22	2242.42	0	0.77447
8222.22	2404.04	0	0.714412
8222.22	2565.66	0	0.703605
8222.22	2727.27	0	0.762901
8222.22	2888.89	0	0.826214
8222.22	3050.51	0	0.89336
8222.22	3212.12	0	0.964037
8222.22	3373.74	0	1.03781
8222.22	3535.35	0	1.11408
8222.22	3696.97	0	1.19212
8222.22	3858.59	0	1.27102
8222.22	4020.2	0	1.34973
8222.22	4181.82	0	1.42707
8222.22	4343.43	0	1.50178
8222.22	4505.05	0	1.57255
8222.22	4666.67	0	1.63811
8222.22	4828.28	0	1.69726
8222.22	4989.9	0	1.74895
8222.22	5151.52	0	1.79235
8222.22	5313.13	0	1.82687
8222.22	5474.75	0	1.85222
8222.22	5636.36	0	1.86837
8222.22	5797.98	0	1.87557
8222.22	5959.6	0	1.87429
8222.22	6121.21	0	1.8652
8222.22	6282.83	0	1.84911
8222.22	6444.44	0	1.8269
8222.22	6606.06	0	1.7995
8222.22	6767.68	0	1.76782
8222.22	6929.29	0	1.73273
8222.22	7090.91	0	1.69506
8222.22	7252.53	0	1.65552
8222.22	7414.14	0	1.61478
8222.22	7575.76	0	1.57339
8222.22	7737.37	0	1.53182
8222.22	7898.99	0	1.49045
8222.22	8060.61	0	1.44962
8222.22	8222.22	0	1.40955
8222.22	8383.84	0	1.37046
8222.22	8545.45	0	1.33247
8222.22	8707.07	0	1.2957
8222.22	8868.69	0	1.26022
8222.22	9030.3	0	1.22605
8222.22	9191.92	0	1.19323
8222.22	9353.54	0	1.16175
8222.22	9515.15	0	1.13159
8222.22	9676.77	0	1.10273
8222.22	9838.38	0	1.07514
8222.22	10000	0	1.04877
8383.84	-6000	0	0.904114
8383.84	-5838.38	0	0.923192
8383.84	-5676.77	0	0.943124
8383.84	-5515.15	0	0.963948
8383.84	-5353.54	0	0.985702
8383.84	-5191.92	0	1.00842
8383.84	-5030.3	0	1.03215
8383.84	-4868.69	0	1.05691
8383.84	-4707.07	0	1.08273
8383.84	-4545.45	0	1.10965
8383.84	-4383.84	0	1.13768
8383.84	-4222.22	0	1.16682
8383.84	-4060.61	0	1.19707
8383.84	-3898.99	0	1.22843
8383.84	-3737.37	0	1.26085
8383.84	-3575.76	0	1.29427
8383.84	-3414.14	0	1.32862
8383.84	-3252.53	0	1.36379
8383.84	-3090.91	0	1.39961
8383.84	-2929.29	0	1.43591
8383.84	-2767.68	0	1.47243
8383.84	-2606.06	0	1.50889
8383.84	-2444.44	0	1.54492
8383.84	-2282.83	0	1.58011
8383.84	-2121.21	0	1.61396
8383.84	-1959.6	0	1.64592
8383.84	-1797.98	0	1.67537
8383.84	-1636.36	0	1.70164
8383.84	-1474.75	0	1.72399
8383.84	-1313.13	0	1.7417
8383.84	-1151.52	0	1.75402
8383.84	-989.899	0	1.76026
8383.84	-828.283	0	1.75979
8383.84	-666.667	0	1.75208
8383.84	-505.051	0	1.73678
8383.84	-343.434	0	1.71369
8383.84	-181.818	0	1.68284
8383.84	-20.202	0	1.64446
8383.84	141.414	0	1.59899
8383.84	303.03	0	1.5471
8383.84	464.646	0	1.48959
8383.84	626.263	0	1.42742
8383.84	787.879	0	1.36161
8383.84	949.495	0	1.29322
8383.84	1111.11	0	1.22329
8383.84	1272.73	0	1.15281
8383.84	1434.34	0	1.08269
8383.84	1595.96	0	1.01374
8383.84	1757.58	0	0.946613
8383.84	1919.19	0	0.881881
8383.84	2080.81	0	0.819975
8383.84	2242.42	0	0.761215
8383.84	2404.04	0	0.70582
8383.84	2565.66	0	0.695819
8383.84	2727.27	0	0.750567
8383.84	2888.89	0	0.80871
8383.84	3050.51	0	0.870048
8383.84	3212.12	0	0.934279
8383.84	3373.74	0	1.00099
8383.84	3535.35	0	1.06965
8383.84	3696.97	0	1.13961
8383.84	3858.59	0	1.21009
8383.84	4020.2	0	1.28019
8383.84	4181.82	0	1.34895
8383.84	4343.43	0	1.41533
8383.84	4505.05	0	1.47826
8383.84	4666.67	0	1.53672
8383.84	4828.28	0	1.58973
8383.84	4989.9	0	1.63646
8383.84	5151.52	0	1.67621
8383.84	5313.13	0	1.7085
8383.84	5474.75	0	1.73305
8383.84	5636.36	0	1.7498
8383.84	5797.98	0	1.75891
8383.84	5959.6	0	1.7607
8383.84	6121.21	0	1.75568
8383.84	6282.83	0	1.74444
8383.84	6444.44	0	1.72769
8383.84	6606.06	0	1.70615
8383.84	6767.68	0	1.68056
8383.84	6929.29	0	1.65166
8383.84	7090.91	0	1.62012
8383.84	7252.53	0	1.58657
8383.84	7414.14	0	1.5516
8383.84	7575.76	0	1.51569
8383.84	7737.37	0	1.47928
8383.84	7898.99	0	1.44275
8383.84	8060.61	0	1.40639
8383.84	8222.22	0	1.37046
8383.84	8383.84	0	1.33516
8383.84	8545.45	0	1.30064
8383.84	8707.07	0	1.26704
8383.84	8868.69	0	1.23443
8383.84	9030.3	0	1.20287
8383.84	9191.92	0	1.17241
8383.84	9353.54	0	1.14305
8383.84	9515.15	0	1.11482
8383.84	9676.77	0	1.0877
8383.84	9838.38	0	1.06167
8383.84	10000	0	1.03671
8545.45	-6000	0	0.897636
8545.45	-5838.38	0	0.915975
8545.45	-5676.77	0	0.935088
8545.45	-5515.15	0	0.955007
8545.45	-5353.54	0	0.975759
8545.45	-5191.92	0	0.997374
8545.45	-5030.3	0	1.01987
8545.45	-4868.69	0	1.04328
8545.45	-4707.07	0	1.06761
8545.45	-4545.45	0	1.09288
8545.45	-4383.84	0	1.11909
8545.45	-4222.22	0	1.14623
8545.45	-4060.61	0	1.17429
8545.45	-3898.99	0	1.20322
8545.45	-3737.37	0	1.233
8545.45	-3575.76	0	1.26353
8545.45	-3414.14	0	1.29473
8545.45	-3252.53	0	1.32647
8545.45	-3090.91	0	1.3586
8545.45	-2929.29	0	1.39093
8545.45	-2767.68	0	1.4232
8545.45	-2606.06	0	1.45515
8545.45	-2444.44	0	1.48644
8545.45	-2282.83	0	1.51668
8545.45	-2121.21	0	1.54545
8545.45	-1959.6	0	1.57224
8545.45	-1797.98	0	1.59652
8545.45	-1636.36	0	1.61774
8545.45	-1474.75	0	1.63528
8545.45	-1313.13	0	1.64855
8545.45	-1151.52	0	1.65696
8545.45	-989.899	0	1.65995
8545.45	-828.283	0	1.65706
8545.45	-666.667	0	1.64789
8545.45	-505.051	0	1.63218
8545.45	-343.434	0	1.60982
8545.45	-181.818	0	1.58085
8545.45	-20.202	0	1.5455
8545.45	141.414	0	1.50414
8545.45	303.03	0	1.45732
8545.45	464.646	0	1.40571
8545.45	626.263	0	1.35008
8545.45	787.879	0	1.29126
8545.45	949.495	0	1.23013
8545.45	1111.11	0	1.16754
8545.45	1272.73	0	1.10432
8545.45	1434.34	0	1.04124
8545.45	1595.96	0	0.978983
8545.45	1757.58	0	0.91814
8545.45	1919.19	0	0.85921
8545.45	2080.81	0	0.802591
8545.45	2242.42	0	0.748593
8545.45	2404.04	0	0.697435
8545.45	2565.66	0	0.688173
8545.45	2727.27	0	0.738779
8545.45	2888.89	0	0.792259
8545.45	3050.51	0	0.848407
8545.45	3212.12	0	0.906931
8545.45	3373.74	0	0.96745
8545.45	3535.35	0	1.02949
8545.45	3696.97	0	1.09246
8545.45	3858.59	0	1.15571
8545.45	4020.2	0	1.21848
8545.45	4181.82	0	1.27995
8545.45	4343.43	0	1.33927
8545.45	4505.05	0	1.39556
8545.45	4666.67	0	1.44799
8545.45	4828.28	0	1.49576
8545.45	4989.9	0	1.53819
8545.45	5151.52	0	1.5747
8545.45	5313.13	0	1.60489
8545.45	5474.75	0	1.6285
8545.45	5636.36	0	1.64545
8545.45	5797.98	0	1.65583
8545.45	5959.6	0	1.65987
8545.45	6121.21	0	1.65795
8545.45	6282.83	0	1.65051
8545.45	6444.44	0	1.63811
8545.45	6606.06	0	1.62132
8545.45	6767.68	0	1.60075
8545.45	6929.29	0	1.577
8545.45	7090.91	0	1.55063
8545.45	7252.53	0	1.5222
8545.45	7414.14	0	1.4922
8545.45	7575.76	0	1.46108
8545.45	7737.37	0	1.42923
8545.45	7898.99	0	1.39699
8545.45	8060.61	0	1.36466
8545.45	8222.22	0	1.33247
8545.45	8383.84	0	1.30064
8545.45	8545.45	0	1.26933
8545.45	8707.07	0	1.23867
8545.45	8868.69	0	1.20875
8545.45	9030.3	0	1.17965
8545.45	9191.92	0	1.15142
8545.45	9353.54	0	1.12411
8545.45	9515.15	0	1.09773
8545.45	9676.77	0	1.07228
8545.45	9838.38	0	1.04777
8545.45	10000	0	1.02419
8707.07	-6000	0	0.890732
8707.07	-5838.38	0	0.908329
8707.07	-5676.77	0	0.926625
8707.07	-5515.15	0	0.945645
8707.07	-5353.54	0	0.965407
8707.07	-5191.92	0	0.985932
8707.07	-5030.3	0	1.00723
8707.07	-4868.69	0	1.02933
8707.07	-4707.07	0	1.05221
8707.07	-4545.45	0	1.07589
8707.07	-4383.84	0	1.10036
8707.07	-4222.22	0	1.12559
8707.07	-4060.61	0	1.15157
8707.07	-3898.99	0	1.17824
8707.07	-3737.37	0	1.20554
8707.07	-3575.76	0	1.23339
8707.07	-3414.14	0	1.26169
8707.07	-3252.53	0	1.29031
8707.07	-3090.91	0	1.3191
8707.07	-2929.29	0	1.34785
8707.07	-2767.68	0	1.37635
8707.07	-2606.06	0	1.40433
8707.07	-2444.44	0	1.43147
8707.07	-2282.83	0	1.45744
8707.07	-2121.21	0	1.48185
8707.07	-1959.6	0	1.50426
8707.07	-1797.98	0	1.52423
8707.07	-1636.36	0	1.54128
8707.07	-1474.75	0	1.5549
8707.07	-1313.13	0	1.56461
8707.07	-1151.52	0	1.56993
8707.07	-989.899	0	1.57045
8707.07	-828.283	0	1.56577
8707.07	-666.667	0	1.55563
8707.07	-505.051	0	1.53983
8707.07	-343.434	0	1.51831
8707.07	-181.818	0	1.49113
8707.07	-20.202	0	1.45849
8707.07	141.414	0	1.42073
8707.07	303.03	0	1.37829
8707.07	464.646	0	1.33173
8707.07	626.263	0	1.28168
8707.07	787.879	0	1.22883
8707.07	949.495	0	1.17391
8707.07	1111.11	0	1.11762
8707.07	1272.73	0	1.06066
8707.07	1434.34	0	1.00369
8707.07	1595.96	0	0.94728
8707.07	1757.58	0	0.89196
8707.07	1919.19	0	0.838171
8707.07	2080.81	0	0.786278
8707.07	2242.42	0	0.736569
8707.07	2404.04	0	0.689264
8707.07	2565.66	0	0.680675
8707.07	2727.27	0	0.727511
8707.07	2888.89	0	0.776783
8707.07	3050.51	0	0.828287
8707.07	3212.12	0	0.881746
8707.07	3373.74	0	0.93681
8707.07	3535.35	0	0.993051
8707.07	3696.97	0	1.04996
8707.07	3858.59	0	1.10697
8707.07	4020.2	0	1.16344
8707.07	4181.82	0	1.21867
8707.07	4343.43	0	1.27196
8707.07	4505.05	0	1.32259
8707.07	4666.67	0	1.36985
8707.07	4828.28	0	1.41311
8707.07	4989.9	0	1.45179
8707.07	5151.52	0	1.48542
8707.07	5313.13	0	1.51364
8707.07	5474.75	0	1.53623
8707.07	5636.36	0	1.5531
8707.07	5797.98	0	1.5643
8707.07	5959.6	0	1.56998
8707.07	6121.21	0	1.57041
8707.07	6282.83	0	1.56595
8707.07	6444.44	0	1.55703
8707.07	6606.06	0	1.54411
8707.07	6767.68	0	1.52767
8707.07	6929.29	0	1.50821
8707.07	7090.91	0	1.48621
8707.07	7252.53	0	1.46215
8707.07	7414.14	0	1.43644
8707.07	7575.76	0	1.40949
8707.07	7737.37	0	1.38164
8707.07	7898.99	0	1.35322
8707.07	8060.61	0	1.3245
8707.07	8222.22	0	1.2957
8707.07	8383.84	0	1.26704
8707.07	8545.45	0	1.23867
8707.07	8707.07	0	1.21072
8707.07	8868.69	0	1.18331
8707.07	9030.3	0	1.15652
8707.07	9191.92	0	1.13041
8707.07	9353.54	0	1.10503
8707.07	9515.15	0	1.08042
8707.07	9676.77	0	1.05659
8707.07	9838.38	0	1.03356
8707.07	10000	0	1.01132
8868.69	-6000	0	0.883452
8868.69	-5838.38	0	0.900311
8868.69	-5676.77	0	0.917798
8868.69	-5515.15	0	0.935929
8868.69	-5353.54	0	0.954719
8868.69	-5191.92	0	0.974178
8868.69	-5030.3	0	0.994313
8868.69	-4868.69	0	1.01513
8868.69	-4707.07	0	1.03662
8868.69	-4545.45	0	1.05878
8868.69	-4383.84	0	1.08159
8868.69	-4222.22	0	1.10502
8868.69	-4060.61	0	1.12903
8868.69	-3898.99	0	1.15357
8868.69	-3737.37	0	1.17858
8868.69	-3575.76	0	1.20395
8868.69	-3414.14	0	1.2296
8868.69	-3252.53	0	1.25538
8868.69	-3090.91	0	1.28114
8868.69	-2929.29	0	1.3067
8868.69	-2767.68	0	1.33184
8868.69	-2606.06	0	1.35632
8868.69	-2444.44	0	1.37985
8868.69	-2282.83	0	1.40212
8868.69	-2121.21	0	1.4228
8868.69	-1959.6	0	1.44151
8868.69	-1797.98	0	1.45787
8868.69	-1636.36	0	1.47146
8868.69	-1474.75	0	1.48188
8868.69	-1313.13	0	1.48873
8868.69	-1151.52	0	1.49163
8868.69	-989.899	0	1.49024
8868.69	-828.283	0	1.48428
8868.69	-666.667	0	1.47353
8868.69	-505.051	0	1.45786
8868.69	-343.434	0	1.43724
8868.69	-181.818	0	1.41174
8868.69	-20.202	0	1.38155
8868.69	141.414	0	1.34694
8868.69	303.03	0	1.30831
8868.69	464.646	0	1.26611
8868.69	626.263	0	1.22086
8868.69	787.879	0	1.17316
8868.69	949.495	0	1.12358
8868.69	1111.11	0	1.07274
8868.69	1272.73	0	1.02121
8868.69	1434.34	0	0.969556
8868.69	1595.96	0	0.918279
8868.69	1757.58	0	0.867833
8868.69	1919.19	0	0.818612
8868.69	2080.81	0	0.770948
8868.69	2242.42	0	0.72511
8868.69	2404.04	0	0.681308
8868.69	2565.66	0	0.673335
8868.69	2727.27	0	0.716737
8868.69	2888.89	0	0.762208
8868.69	3050.51	0	0.809548
8868.69	3212.12	0	0.8585
8868.69	3373.74	0	0.908744
8868.69	3535.35	0	0.959899
8868.69	3696.97	0	1.01152
8868.69	3858.59	0	1.06311
8868.69	4020.2	0	1.11413
8868.69	4181.82	0	1.16399
8868.69	4343.43	0	1.21209
8868.69	4505.05	0	1.25784
8868.69	4666.67	0	1.30065
8868.69	4828.28	0	1.33999
8868.69	4989.9	0	1.37538
8868.69	5151.52	0	1.40643
8868.69	5313.13	0	1.43282
8868.69	5474.75	0	1.45437
8868.69	5636.36	0	1.47097
8868.69	5797.98	0	1.48263
8868.69	5959.6	0	1.48948
8868.69	6121.21	0	1.49171
8868.69	6282.83	0	1.48959
8868.69	6444.44	0	1.48345
8868.69	6606.06	0	1.47367
8868.69	6767.68	0	1.46064
8868.69	6929.29	0	1.44477
8868.69	7090.91	0	1.42647
8868.69	7252.53	0	1.40613
8868.69	7414.14	0	1.38413
8868.69	7575.76	0	1.36081
8868.69	7737.37	0	1.33649
8868.69	7898.99	0	1.31145
8868.69	8060.61	0	1.28596
8868.69	8222.22	0	1.26022
8868.69	8383.84	0	1.23443
8868.69	8545.45	0	1.20875
8868.69	8707.07	0	1.18331
8868.69	8868.69	0	1.15823
8868.69	9030.3	0	1.13359
8868.69	9191.92	0	1.10948
8868.69	9353.54	0	1.08593
8868.69	9515.15	0	1.06301
8868.69	9676.77	0	1.04072
8868.69	9838.38	0	1.01911
8868.69	10000	0	0.998164
9030.3	-6000	0	0.875848
9030.3	-5838.38	0	0.891975
9030.3	-5676.77	0	0.908663
9030.3	-5515.15	0	0.925922
9030.3	-5353.54	0	0.94376
9030.3	-5191.92	0	0.962182
9030.3	-5030.3	0	0.981188
9030.3	-4868.69	0	1.00077
9030.3	-4707.07	0	1.02093
9030.3	-4545.45	0	1.04163
9030.3	-4383.84	0	1.06287
9030.3	-4222.22	0	1.08459
9030.3	-4060.61	0	1.10676
9030.3	-3898.99	0	1.12933
9030.3	-3737.37	0	1.1522
9030.3	-3575.76	0	1.1753
9030.3	-3414.14	0	1.19851
9030.3	-3252.53	0	1.22172
9030.3	-3090.91	0	1.24476
9030.3	-2929.29	0	1.26746
9030.3	-2767.68	0	1.28962
9030.3	-2606.06	0	1.31101
9030.3	-2444.44	0	1.33139
9030.3	-2282.83	0	1.35047
9030.3	-2121.21	0	1.36796
9030.3	-1959.6	0	1.38353
9030.3	-1797.98	0	1.39685
9030.3	-1636.36	0	1.40759
9030.3	-1474.75	0	1.4154
9030.3	-1313.13	0	1.41995
9030.3	-1151.52	0	1.42094
9030.3	-989.899	0	1.4181
9030.3	-828.283	0	1.41122
9030.3	-666.667	0	1.40012
9030.3	-505.051	0	1.38473
9030.3	-343.434	0	1.36503
9030.3	-181.818	0	1.34111
9030.3	-20.202	0	1.31312
9030.3	141.414	0	1.28131
9030.3	303.03	0	1.24601
9030.3	464.646	0	1.2076
9030.3	626.263	0	1.16652
9030.3	787.879	0	1.12327
9030.3	949.495	0	1.07833
9030.3	1111.11	0	1.03222
9030.3	1272.73	0	0.985431
9030.3	1434.34	0	0.938436
9030.3	1595.96	0	0.891675
9030.3	1757.58	0	0.845544
9030.3	1919.19	0	0.800394
9030.3	2080.81	0	0.756524
9030.3	2242.42	0	0.714182
9030.3	2404.04	0	0.673567
9030.3	2565.66	0	0.666157
9030.3	2727.27	0	0.70643
9030.3	2888.89	0	0.748462
9030.3	3050.51	0	0.792063
9030.3	3212.12	0	0.836994
9030.3	3373.74	0	0.882966
9030.3	3535.35	0	0.929638
9030.3	3696.97	0	0.976621
9030.3	3858.59	0	1.02348
9030.3	4020.2	0	1.06976
9030.3	4181.82	0	1.11496
9030.3	4343.43	0	1.15857
9030.3	4505.05	0	1.20009
9030.3	4666.67	0	1.23903
9030.3	4828.28	0	1.27495
9030.3	4989.9	0	1.30744
9030.3	5151.52	0	1.33617
9030.3	5313.13	0	1.36087
9030.3	5474.75	0	1.38136
9030.3	5636.36	0	1.39756
9030.3	5797.98	0	1.40946
9030.3	5959.6	0	1.41713
9030.3	6121.21	0	1.42071
9030.3	6282.83	0	1.42041
9030.3	6444.44	0	1.41651
9030.3	6606.06	0	1.40929
9030.3	6767.68	0	1.39908
9030.3	6929.29	0	1.38621
9030.3	7090.91	0	1.37103
9030.3	7252.53	0	1.35388
9030.3	7414.14	0	1.33507
9030.3	7575.76	0	1.31492
9030.3	7737.37	0	1.29369
9030.3	7898.99	0	1.27166
9030.3	8060.61	0	1.24904
9030.3	8222.22	0	1.22605
9030.3	8383.84	0	1.20287
9030.3	8545.45	0	1.17965
9030.3	8707.07	0	1.15652
9030.3	8868.69	0	1.13359
9030.3	9030.3	0	1.11097
9030.3	9191.92	0	1.08872
9030.3	9353.54	0	1.0669
9030.3	9515.15	0	1.04558
9030.3	9676.77	0	1.02477
9030.3	9838.38	0	1.00451
9030.3	10000	0	0.984816
9191.92	-6000	0	0.867967
9191.92	-5838.38	0	0.883372
9191.92	-5676.77	0	0.899276
9191.92	-5515.15	0	0.915683
9191.92	-5353.54	0	0.932595
9191.92	-5191.92	0	0.950012
9191.92	-5030.3	0	0.967927
9191.92	-4868.69	0	0.986331
9191.92	-4707.07	0	1.00521
9191.92	-4545.45	0	1.02453
9191.92	-4383.84	0	1.04428
9191.92	-4222.22	0	1.0644
9191.92	-4060.61	0	1.08485
9191.92	-3898.99	0	1.10557
9191.92	-3737.37	0	1.12648
9191.92	-3575.76	0	1.14748
9191.92	-3414.14	0	1.16848
9191.92	-3252.53	0	1.18935
9191.92	-3090.91	0	1.20993
9191.92	-2929.29	0	1.23008
9191.92	-2767.68	0	1.2496
9191.92	-2606.06	0	1.26829
9191.92	-2444.44	0	1.28591
9191.92	-2282.83	0	1.30224
9191.92	-2121.21	0	1.31699
9191.92	-1959.6	0	1.3299
9191.92	-1797.98	0	1.34068
9191.92	-1636.36	0	1.34904
9191.92	-1474.75	0	1.35471
9191.92	-1313.13	0	1.35741
9191.92	-1151.52	0	1.3569
9191.92	-989.899	0	1.35297
9191.92	-828.283	0	1.34545
9191.92	-666.667	0	1.33421
9191.92	-505.051	0	1.3192
9191.92	-343.434	0	1.30043
9191.92	-181.818	0	1.27797
9191.92	-20.202	0	1.25197
9191.92	141.414	0	1.22265
9191.92	303.03	0	1.19027
9191.92	464.646	0	1.15518
9191.92	626.263	0	1.11775
9191.92	787.879	0	1.07837
9191.92	949.495	0	1.03748
9191.92	1111.11	0	0.995503
9191.92	1272.73	0	0.952865
9191.92	1434.34	0	0.909971
9191.92	1595.96	0	0.867201
9191.92	1757.58	0	0.824905
9191.92	1919.19	0	0.783392
9191.92	2080.81	0	0.742931
9191.92	2242.42	0	0.703751
9191.92	2404.04	0	0.666038
9191.92	2565.66	0	0.659143
9191.92	2727.27	0	0.696563
9191.92	2888.89	0	0.735481
9191.92	3050.51	0	0.775717
9191.92	3212.12	0	0.817053
9191.92	3373.74	0	0.859225
9191.92	3535.35	0	0.901931
9191.92	3696.97	0	0.94483
9191.92	3858.59	0	0.987546
9191.92	4020.2	0	1.02968
9191.92	4181.82	0	1.07081
9191.92	4343.43	0	1.1105
9191.92	4505.05	0	1.14833
9191.92	4666.67	0	1.18389
9191.92	4828.28	0	1.2168
9191.92	4989.9	0	1.24672
9191.92	5151.52	0	1.27336
9191.92	5313.13	0	1.29649
9191.92	5474.75	0	1.31596
9191.92	5636.36	0	1.33168
9191.92	5797.98	0	1.34362
9191.92	5959.6	0	1.35184
9191.92	6121.21	0	1.35643
9191.92	6282.83	0	1.35757
9191.92	6444.44	0	1.35545
9191.92	6606.06	0	1.35032
9191.92	6767.68	0	1.34244
9191.92	6929.29	0	1.33209
9191.92	7090.91	0	1.31956
9191.92	7252.53	0	1.30513
9191.92	7414.14	0	1.28908
9191.92	7575.76	0	1.27168
9191.92	7737.37	0	1.25317
9191.92	7898.99	0	1.23379
9191.92	8060.61	0	1.21375
9191.92	8222.22	0	1.19323
9191.92	8383.84	0	1.17241
9191.92	8545.45	0	1.15142
9191.92	8707.07	0	1.13041
9191.92	8868.69	0	1.10948
9191.92	9030.3	0	1.08872
9191.92	9191.92	0	1.06821
9191.92	9353.54	0	1.04802
9191.92	9515.15	0	1.0282
9191.92	9676.77	0	1.0088
9191.92	9838.38	0	0.989834
9191.92	10000	0	0.971341
9353.54	-6000	0	0.859851
9353.54	-5838.38	0	0.87455
9353.54	-5676.77	0	0.889687
9353.54	-5515.15	0	0.905264
9353.54	-5353.54	0	0.921279
9353.54	-5191.92	0	0.937725
9353.54	-5030.3	0	0.954593
9353.54	-4868.69	0	0.971867
9353.54	-4707.07	0	0.989526
9353.54	-4545.45	0	1.00754
9353.54	-4383.84	0	1.02588
9353.54	-4222.22	0	1.0445
9353.54	-4060.61	0	1.06335
9353.54	-3898.99	0	1.08236
9353.54	-3737.37	0	1.10145
9353.54	-3575.76	0	1.12054
9353.54	-3414.14	0	1.13952
9353.54	-3252.53	0	1.15827
9353.54	-3090.91	0	1.17665
9353.54	-2929.29	0	1.19452
9353.54	-2767.68	0	1.2117
9353.54	-2606.06	0	1.22801
9353.54	-2444.44	0	1.24324
9353.54	-2282.83	0	1.25717
9353.54	-2121.21	0	1.26958
9353.54	-1959.6	0	1.28023
9353.54	-1797.98	0	1.28887
9353.54	-1636.36	0	1.29527
9353.54	-1474.75	0	1.29918
9353.54	-1313.13	0	1.3004
9353.54	-1151.52	0	1.29871
9353.54	-989.899	0	1.29396
9353.54	-828.283	0	1.28601
9353.54	-666.667	0	1.27478
9353.54	-505.051	0	1.26022
9353.54	-343.434	0	1.24235
9353.54	-181.818	0	1.22126
9353.54	-20.202	0	1.19706
9353.54	141.414	0	1.16996
9353.54	303.03	0	1.14018
9353.54	464.646	0	1.10801
9353.54	626.263	0	1.07377
9353.54	787.879	0	1.03779
9353.54	949.495	0	1.00045
9353.54	1111.11	0	0.962107
9353.54	1272.73	0	0.923125
9353.54	1434.34	0	0.883854
9353.54	1595.96	0	0.844626
9353.54	1757.58	0	0.805747
9353.54	1919.19	0	0.767491
9353.54	2080.81	0	0.730101
9353.54	2242.42	0	0.693786
9353.54	2404.04	0	0.658718
9353.54	2565.66	0	0.652294
9353.54	2727.27	0	0.687111
9353.54	2888.89	0	0.723204
9353.54	3050.51	0	0.760407
9353.54	3212.12	0	0.798518
9353.54	3373.74	0	0.837301
9353.54	3535.35	0	0.876486
9353.54	3696.97	0	0.915773
9353.54	3858.59	0	0.954836
9353.54	4020.2	0	0.993327
9353.54	4181.82	0	1.03088
9353.54	4343.43	0	1.06714
9353.54	4505.05	0	1.10174
9353.54	4666.67	0	1.13432
9353.54	4828.28	0	1.16457
9353.54	4989.9	0	1.1922
9353.54	5151.52	0	1.21695
9353.54	5313.13	0	1.23864
9353.54	5474.75	0	1.25712
9353.54	5636.36	0	1.2723
9353.54	5797.98	0	1.28416
9353.54	5959.6	0	1.29272
9353.54	6121.21	0	1.29806
9353.54	6282.83	0	1.30031
9353.54	6444.44	0	1.29962
9353.54	6606.06	0	1.2962
9353.54	6767.68	0	1.29025
9353.54	6929.29	0	1.28201
9353.54	7090.91	0	1.27172
9353.54	7252.53	0	1.25962
9353.54	7414.14	0	1.24596
9353.54	7575.76	0	1.23095
9353.54	7737.37	0	1.21483
9353.54	7898.99	0	1.1978
9353.54	8060.61	0	1.18005
9353.54	8222.22	0	1.16175
9353.54	8383.84	0	1.14305
9353.54	8545.45	0	1.12411
9353.54	8707.07	0	1.10503
9353.54	8868.69	0	1.08593
9353.54	9030.3	0	1.0669
9353.54	9191.92	0	1.04802
9353.54	9353.54	0	1.02936
9353.54	9515.15	0	1.01096
9353.54	9676.77	0	0.992878
9353.54	9838.38	0	0.975149
9353.54	10000	0	0.957801
9515.15	-6000	0	0.851543
9515.15	-5838.38	0	0.865551
9515.15	-5676.77	0	0.879942
9515.15	-5515.15	0	0.894715
9515.15	-5353.54	0	0.909863
9515.15	-5191.92	0	0.925376
9515.15	-5030.3	0	0.94124
9515.15	-4868.69	0	0.957437
9515.15	-4707.07	0	0.973942
9515.15	-4545.45	0	0.990724
9515.15	-4383.84	0	1.00774
9515.15	-4222.22	0	1.02496
9515.15	-4060.61	0	1.04231
9515.15	-3898.99	0	1.05974
9515.15	-3737.37	0	1.07716
9515.15	-3575.76	0	1.09449
9515.15	-3414.14	0	1.11164
9515.15	-3252.53	0	1.12848
9515.15	-3090.91	0	1.14488
9515.15	-2929.29	0	1.16072
9515.15	-2767.68	0	1.17583
9515.15	-2606.06	0	1.19004
9515.15	-2444.44	0	1.20318
9515.15	-2282.83	0	1.21505
9515.15	-2121.21	0	1.22544
9515.15	-1959.6	0	1.23417
9515.15	-1797.98	0	1.24101
9515.15	-1636.36	0	1.24578
9515.15	-1474.75	0	1.24826
9515.15	-1313.13	0	1.24828
9515.15	-1151.52	0	1.24568
9515.15	-989.899	0	1.24033
9515.15	-828.283	0	1.23212
9515.15	-666.667	0	1.22099
9515.15	-505.051	0	1.20692
9515.15	-343.434	0	1.18994
9515.15	-181.818	0	1.17011
9515.15	-20.202	0	1.14755
9515.15	141.414	0	1.12244
9515.15	303.03	0	1.09496
9515.15	464.646	0	1.06538
9515.15	626.263	0	1.03395
9515.15	787.879	0	1.00098
9515.15	949.495	0	0.966764
9515.15	1111.11	0	0.931626
9515.15	1272.73	0	0.895878
9515.15	1434.34	0	0.859821
9515.15	1595.96	0	0.823746
9515.15	1757.58	0	0.787921
9515.15	1919.19	0	0.752591
9515.15	2080.81	0	0.717973
9515.15	2242.42	0	0.684257
9515.15	2404.04	0	0.651604
9515.15	2565.66	0	0.645611
9515.15	2727.27	0	0.678049
9515.15	2888.89	0	0.711577
9515.15	3050.51	0	0.74604
9515.15	3212.12	0	0.781252
9515.15	3373.74	0	0.817003
9515.15	3535.35	0	0.85305
9515.15	3696.97	0	0.889132
9515.15	3858.59	0	0.924961
9515.15	4020.2	0	0.960236
9515.15	4181.82	0	0.994647
9515.15	4343.43	0	1.02788
9515.15	4505.05	0	1.05962
9515.15	4666.67	0	1.08957
9515.15	4828.28	0	1.11746
9515.15	4989.9	0	1.14303
9515.15	5151.52	0	1.16608
9515.15	5313.13	0	1.18643
9515.15	5474.75	0	1.20396
9515.15	5636.36	0	1.21858
9515.15	5797.98	0	1.23026
9515.15	5959.6	0	1.23901
9515.15	6121.21	0	1.24489
9515.15	6282.83	0	1.248
9515.15	6444.44	0	1.24845
9515.15	6606.06	0	1.24642
9515.15	6767.68	0	1.24207
9515.15	6929.29	0	1.2356
9515.15	7090.91	0	1.22721
9515.15	7252.53	0	1.21711
9515.15	7414.14	0	1.20551
9515.15	7575.76	0	1.19259
9515.15	7737.37	0	1.17857
9515.15	7898.99	0	1.16361
9515.15	8060.61	0	1.1479
9515.15	8222.22	0	1.13159
9515.15	8383.84	0	1.11482
9515.15	8545.45	0	1.09773
9515.15	8707.07	0	1.08042
9515.15	8868.69	0	1.06301
9515.15	9030.3	0	1.04558
9515.15	9191.92	0	1.0282
9515.15	9353.54	0	1.01096
9515.15	9515.15	0	0.993898
9515.15	9676.77	0	0.977068
9515.15	9838.38	0	0.960509
9515.15	10000	0	0.944253
9676.77	-6000	0	0.843081
9676.77	-5838.38	0	0.856416
9676.77	-5676.77	0	0.870084
9676.77	-5515.15	0	0.88408
9676.77	-5353.54	0	0.898393
9676.77	-5191.92	0	0.913012
9676.77	-5030.3	0	0.927918
9676.77	-4868.69	0	0.943091
9676.77	-4707.07	0	0.958503
9676.77	-4545.45	0	0.97412
9676.77	-4383.84	0	0.989904
9676.77	-4222.22	0	1.00581
9676.77	-4060.61	0	1.02177
9676.77	-3898.99	0	1.03774
9676.77	-3737.37	0	1.05363
9676.77	-3575.76	0	1.06936
9676.77	-3414.14	0	1.08483
9676.77	-3252.53	0	1.09995
9676.77	-3090.91	0	1.11458
9676.77	-2929.29	0	1.12861
9676.77	-2767.68	0	1.14188
9676.77	-2606.06	0	1.15425
9676.77	-2444.44	0	1.16556
9676.77	-2282.83	0	1.17564
9676.77	-2121.21	0	1.18432
9676.77	-1959.6	0	1.19141
9676.77	-1797.98	0	1.19674
9676.77	-1636.36	0	1.20014
9676.77	-1474.75	0	1.20145
9676.77	-1313.13	0	1.20051
9676.77	-1151.52	0	1.19721
9676.77	-989.899	0	1.19142
9676.77	-828.283	0	1.18308
9676.77	-666.667	0	1.17214
9676.77	-505.051	0	1.15858
9676.77	-343.434	0	1.14245
9676.77	-181.818	0	1.12379
9676.77	-20.202	0	1.10273
9676.77	141.414	0	1.0794
9676.77	303.03	0	1.05399
9676.77	464.646	0	1.0267
9676.77	626.263	0	0.997769
9676.77	787.879	0	0.96745
9676.77	949.495	0	0.936008
9676.77	1111.11	0	0.903713
9676.77	1272.73	0	0.870837
9676.77	1434.34	0	0.837643
9676.77	1595.96	0	0.804385
9676.77	1757.58	0	0.771298
9676.77	1919.19	0	0.738601
9676.77	2080.81	0	0.70649
9676.77	2242.42	0	0.675136
9676.77	2404.04	0	0.644689
9676.77	2565.66	0	0.639091
9676.77	2727.27	0	0.669354
9676.77	2888.89	0	0.700549
9676.77	3050.51	0	0.73253
9676.77	3212.12	0	0.765132
9676.77	3373.74	0	0.798161
9676.77	3535.35	0	0.831405
9676.77	3696.97	0	0.864629
9676.77	3858.59	0	0.897585
9676.77	4020.2	0	0.930009
9676.77	4181.82	0	0.961632
9676.77	4343.43	0	0.992182
9676.77	4505.05	0	1.02139
9676.77	4666.67	0	1.04901
9676.77	4828.28	0	1.07479
9676.77	4989.9	0	1.09852
9676.77	5151.52	0	1.12002
9676.77	5313.13	0	1.13914
9676.77	5474.75	0	1.15575
9676.77	5636.36	0	1.1698
9676.77	5797.98	0	1.18123
9676.77	5959.6	0	1.19006
9676.77	6121.21	0	1.19632
9676.77	6282.83	0	1.20008
9676.77	6444.44	0	1.20145
9676.77	6606.06	0	1.20055
9676.77	6767.68	0	1.19753
9676.77	6929.29	0	1.19255
9676.77	7090.91	0	1.18577
9676.77	7252.53	0	1.17738
9676.77	7414.14	0	1.16755
9676.77	7575.76	0	1.15646
9676.77	7737.37	0	1.14427
9676.77	7898.99	0	1.13116
9676.77	8060.61	0	1.11726
9676.77	8222.22	0	1.10273
9676.77	8383.84	0	1.0877
9676.77	8545.45	0	1.07228
9676.77	8707.07	0	1.05659
9676.77	8868.69	0	1.04072
9676.77	9030.3	0	1.02477
9676.77	9191.92	0	1.0088
9676.77	9353.54	0	0.992878
9676.77	9515.15	0	0.977068
9676.77	9676.77	0	0.961416
9676.77	9838.38	0	0.945963
9676.77	10000	0	0.930744
9838.38	-6000	0	0.834499
9838.38	-5838.38	0	0.847181
9838.38	-5676.77	0	0.86015
9838.38	-5515.15	0	0.873397
9838.38	-5353.54	0	0.88691
9838.38	-5191.92	0	0.900674
9838.38	-5030.3	0	0.914669
9838.38	-4868.69	0	0.92887
9838.38	-4707.07	0	0.94325
9838.38	-4545.45	0	0.957773
9838.38	-4383.84	0	0.972399
9838.38	-4222.22	0	0.98708
9838.38	-4060.61	0	1.00176
9838.38	-3898.99	0	1.01638
9838.38	-3737.37	0	1.03086
9838.38	-3575.76	0	1.04513
9838.38	-3414.14	0	1.05909
9838.38	-3252.53	0	1.07265
9838.38	-3090.91	0	1.08569
9838.38	-2929.29	0	1.09811
9838.38	-2767.68	0	1.10976
9838.38	-2606.06	0	1.12051
9838.38	-2444.44	0	1.13023
9838.38	-2282.83	0	1.13876
9838.38	-2121.21	0	1.14595
9838.38	-1959.6	0	1.15165
9838.38	-1797.98	0	1.1557
9838.38	-1636.36	0	1.15798
9838.38	-1474.75	0	1.15833
9838.38	-1313.13	0	1.15663
9838.38	-1151.52	0	1.15278
9838.38	-989.899	0	1.1467
9838.38	-828.283	0	1.13832
9838.38	-666.667	0	1.12762
9838.38	-505.051	0	1.11459
9838.38	-343.434	0	1.09925
9838.38	-181.818	0	1.08169
9838.38	-20.202	0	1.06199
9838.38	141.414	0	1.04028
9838.38	303.03	0	1.01671
9838.38	464.646	0	0.991475
9838.38	626.263	0	0.964769
9838.38	787.879	0	0.936813
9838.38	949.495	0	0.907835
9838.38	1111.11	0	0.87807
9838.38	1272.73	0	0.847755
9838.38	1434.34	0	0.817119
9838.38	1595.96	0	0.786385
9838.38	1757.58	0	0.755761
9838.38	1919.19	0	0.725441
9838.38	2080.81	0	0.695601
9838.38	2242.42	0	0.666398
9838.38	2404.04	0	0.637968
9838.38	2565.66	0	0.632733
9838.38	2727.27	0	0.661005
9838.38	2888.89	0	0.690073
9838.38	3050.51	0	0.719805
9838.38	3212.12	0	0.750047
9838.38	3373.74	0	0.780628
9838.38	3535.35	0	0.811357
9838.38	3696.97	0	0.842028
9838.38	3858.59	0	0.872421
9838.38	4020.2	0	0.902307
9838.38	4181.82	0	0.93145
9838.38	4343.43	0	0.959616
9838.38	4505.05	0	0.986573
9838.38	4666.67	0	1.0121
9838.38	4828.28	0	1.03599
9838.38	4989.9	0	1.05807
9838.38	5151.52	0	1.07816
9838.38	5313.13	0	1.09613
9838.38	5474.75	0	1.11188
9838.38	5636.36	0	1.12535
9838.38	5797.98	0	1.13649
9838.38	5959.6	0	1.14531
9838.38	6121.21	0	1.15181
9838.38	6282.83	0	1.15607
9838.38	6444.44	0	1.15817
9838.38	6606.06	0	1.15819
9838.38	6767.68	0	1.15627
9838.38	6929.29	0	1.15254
9838.38	7090.91	0	1.14713
9838.38	7252.53	0	1.14021
9838.38	7414.14	0	1.13192
9838.38	7575.76	0	1.12242
9838.38	7737.37	0	1.11185
9838.38	7898.99	0	1.10035
9838.38	8060.61	0	1.08807
9838.38	8222.22	0	1.07514
9838.38	8383.84	0	1.06167
9838.38	8545.45	0	1.04777
9838.38	8707.07	0	1.03356
9838.38	8868.69	0	1.01911
9838.38	9030.3	0	1.00451
9838.38	9191.92	0	0.989834
9838.38	9353.54	0	0.975149
9838.38	9515.15	0	0.960509
9838.38	9676.77	0	0.945963
9838.38	9838.38	0	0.931554
9838.38	10000	0	0.917316
10000	-6000	0	0.825831
10000	-5838.38	0	0.837881
10000	-5676.77	0	0.850176
10000	-5515.15	0	0.862704
10000	-5353.54	0	0.875451
10000	-5191.92	0	0.888399
10000	-5030.3	0	0.901528
10000	-4868.69	0	0.914811
10000	-4707.07	0	0.928219
10000	-4545.45	0	0.941715
10000	-4383.84	0	0.95526
10000	-4222.22	0	0.968805
10000	-4060.61	0	0.982297
10000	-3898.99	0	0.995674
10000	-3737.37	0	1.00887
10000	-3575.76	0	1.0218
10000	-3414.14	0	1.03439
10000	-3252.53	0	1.04655
10000	-3090.91	0	1.05817
10000	-2929.29	0	1.06914
10000	-2767.68	0	1.07936
10000	-2606.06	0	1.08869
10000	-2444.44	0	1.09701
10000	-2282.83	0	1.1042
10000	-2121.21	0	1.11012
10000	-1959.6	0	1.11463
10000	-1797.98	0	1.11761
10000	-1636.36	0	1.11895
10000	-1474.75	0	1.11851
10000	-1313.13	0	1.11621
10000	-1151.52	0	1.11196
10000	-989.899	0	1.10568
10000	-828.283	0	1.09734
10000	-666.667	0	1.08692
10000	-505.051	0	1.0744
10000	-343.434	0	1.05984
10000	-181.818	0	1.04329
10000	-20.202	0	1.02483
10000	141.414	0	1.00459
10000	303.03	0	0.982683
10000	464.646	0	0.959286
10000	626.263	0	0.934569
10000	787.879	0	0.908722
10000	949.495	0	0.881945
10000	1111.11	0	0.854442
10000	1272.73	0	0.826418
10000	1434.34	0	0.798076
10000	1595.96	0	0.76961
10000	1757.58	0	0.741206
10000	1919.19	0	0.713037
10000	2080.81	0	0.68526
10000	2242.42	0	0.658018
10000	2404.04	0	0.631436
10000	2565.66	0	0.626534
10000	2727.27	0	0.65298
10000	2888.89	0	0.680108
10000	3050.51	0	0.707795
10000	3212.12	0	0.735902
10000	3373.74	0	0.764274
10000	3535.35	0	0.792742
10000	3696.97	0	0.821122
10000	3858.59	0	0.849221
10000	4020.2	0	0.876837
10000	4181.82	0	0.903766
10000	4343.43	0	0.929803
10000	4505.05	0	0.954746
10000	4666.67	0	0.978405
10000	4828.28	0	1.0006
10000	4989.9	0	1.02117
10000	5151.52	0	1.03997
10000	5313.13	0	1.05689
10000	5474.75	0	1.07183
10000	5636.36	0	1.08473
10000	5797.98	0	1.09555
10000	5959.6	0	1.10428
10000	6121.21	0	1.11094
10000	6282.83	0	1.11557
10000	6444.44	0	1.11823
10000	6606.06	0	1.119
10000	6767.68	0	1.11799
10000	6929.29	0	1.11531
10000	7090.91	0	1.11107
10000	7252.53	0	1.10541
10000	7414.14	0	1.09845
10000	7575.76	0	1.09033
10000	7737.37	0	1.08118
10000	7898.99	0	1.07112
10000	8060.61	0	1.06028
10000	8222.22	0	1.04877
10000	8383.84	0	1.03671
10000	8545.45	0	1.02419
10000	8707.07	0	1.01132
10000	8868.69	0	0.998164
10000	9030.3	0	0.984816
10000	9191.92	0	0.971341
10000	9353.54	0	0.957801
10000	9515.15	0	0.944253
10000	9676.77	0	0.930744
10000	9838.38	0	0.917316
10000	10000	0	0.904007
