0.0382143 3555.48
0.0392143 3555.38
0.0402143 3555.27
0.0412143 3555.16
0.0422143 3555.05
0.0432143 3554.95
0.0442143 3554.84
0.0452143 3554.73
0.0462143 3554.62
0.0472143 3554.52
0.0482143 3554.41
0.0492143 3554.3
0.0502143 3554.19
0.0512143 3554.09
0.0522143 3553.98
0.0532143 3553.87
0.0542143 3553.76
0.0552143 3553.66
0.0562143 3553.55
0.0572143 3553.44
0.0582143 3553.33
0.0592143 3553.23
0.0602143 3553.12
0.0612143 3553.01
0.0622143 3552.91
0.0632143 3552.8
0.0642143 3552.69
0.0652143 3552.58
0.0662143 3552.48
0.0672143 3552.37
0.0682143 3552.26
0.0692143 3552.15
0.0702143 3552.05
0.0712143 3551.94
0.0722143 3551.83
0.0732143 3551.72
0.0742143 3551.62
0.0752143 3551.51
0.0762143 3551.4
0.0772143 3551.3
0.0782143 3551.19
0.0792143 3551.08
0.0802143 3550.97
0.0812143 3550.87
0.0822143 3550.76
0.0832143 3550.65
0.0842143 3550.54
0.0852143 3550.44
0.0862143 3550.33
0.0872143 3550.22
0.0882143 3550.11
0.0892143 3550.01
0.0902143 3549.9
0.0912143 3549.79
0.0922143 3549.69
0.0932143 3549.58
0.0942143 3549.47
0.0952143 3549.36
0.0962143 3549.26
0.0972143 3549.15
0.0982143 3549.04
0.0992143 3548.93
0.100214 3548.83
0.101214 3548.72
0.102214 3548.61
0.103214 3548.51
0.104214 3548.4
0.105214 3548.29
0.106214 3548.18
0.107214 3548.08
0.108214 3547.97
0.109214 3547.86
0.110214 3547.76
0.111214 3547.65
0.112214 3547.54
0.113214 3547.43
0.114214 3547.33
0.115214 3547.22
0.116214 3547.11
0.117214 3547.01
0.118214 3546.9
0.119214 3546.79
0.120214 3546.68
0.121214 3546.58
0.122214 3546.47
0.123214 3546.36
0.124214 3546.26
0.125214 3546.15
0.126214 3546.04
0.127214 3545.93
0.128214 3545.83
0.129214 3545.72
0.130214 3545.61
0.131214 3545.51
0.132214 3545.4
0.133214 3545.29
0.134214 3545.18
0.135214 3545.08
0.136214 3544.97
0.137214 3544.86
0.138214 3544.76
0.139214 3544.65
0.140214 3544.54
0.141214 3544.43
0.142214 3544.33
0.143214 3544.22
0.144214 3544.11
0.145214 3544.01
0.146214 3543.9
0.147214 3543.79
0.148214 3543.68
0.149214 3543.58
0.150214 3543.47
0.151214 3543.36
0.152214 3543.26
0.153214 3543.15
0.154214 3543.04
0.155214 3542.94
0.156214 3542.83
0.157214 3542.72
0.158214 3542.61
0.159214 3542.51
0.160214 3542.4
0.161214 3542.29
0.162214 3542.19
0.163214 3542.08
0.164214 3541.97
0.165214 3541.87
0.166214 3541.76
0.167214 3541.65
0.168214 3541.54
0.169214 3541.44
0.170214 3541.33
0.171214 3541.22
0.172214 3541.12
0.173214 3541.01
0.174214 3540.9
0.175214 3540.8
0.176214 3540.69
0.177214 3540.58
0.178214 3540.47
0.179214 3540.37
0.180214 3540.26
0.181214 3540.15
0.182214 3540.05
0.183214 3539.94
0.184214 3539.83
0.185214 3539.73
0.186214 3539.62
0.187214 3539.51
0.188214 3539.41
0.189214 3539.3
0.190214 3539.19
0.191214 3539.08
0.192214 3538.98
0.193214 3538.87
0.194214 3538.76
0.195214 3538.66
0.196214 3538.55
0.197214 3538.44
0.198214 3538.34
0.199214 3538.23
0.200214 3538.12
0.201214 3538.02
0.202214 3537.91
0.203214 3537.8
0.204214 3537.7
0.205214 3537.59
0.206214 3537.48
0.207214 3537.37
0.208214 3537.27
0.209214 3537.16
0.210214 3537.05
0.211214 3536.95
0.212214 3536.84
0.213214 3536.73
0.214214 3536.63
0.215214 3536.52
0.216214 3536.41
0.217214 3536.31
0.218214 3536.2
0.219214 3536.09
0.220214 3535.99
0.221214 3535.88
0.222214 3535.77
0.223214 3535.67
0.224214 3535.56
0.225214 3535.45
0.226214 3535.35
0.227214 3535.24
0.228214 3535.13
0.229214 3535.03
0.230214 3534.92
0.231214 3534.81
0.232214 3534.7
0.233214 3534.6
0.234214 3534.49
0.235214 3534.38
0.236214 3534.28
0.237214 3534.17
0.238214 3534.06
0.239214 3533.96
0.240214 3533.85
0.241214 3533.74
0.242214 3533.64
0.243214 3533.53
0.244214 3533.42
0.245214 3533.32
0.246214 3533.21
0.247214 3533.1
0.248214 3533
0.249214 3532.89
0.250214 3532.78
0.251214 3532.68
0.252214 3532.57
0.253214 3532.46
0.254214 3532.36
0.255214 3532.25
0.256214 3532.14
0.257214 3532.04
0.258214 3531.93
0.259214 3531.82
0.260214 3531.72
0.261214 3531.61
0.262214 3531.5
0.263214 3531.4
0.264214 3531.29
0.265214 3531.18
0.266214 3531.08
0.267214 3530.97
0.268214 3530.86
0.269214 3530.76
0.270214 3530.65
0.271214 3530.54
0.272214 3530.44
0.273214 3530.33
0.274214 3530.22
0.275214 3530.12
0.276214 3530.01
0.277214 3529.9
0.278214 3529.8
0.279214 3529.69
0.280214 3529.59
0.281214 3529.48
0.282214 3529.37
0.283214 3529.27
0.284214 3529.16
0.285214 3529.05
0.286214 3528.95
0.287214 3528.84
0.288214 3528.73
0.289214 3528.63
0.290214 3528.52
0.291214 3528.41
0.292214 3528.31
0.293214 3528.2
0.294214 3528.09
0.295214 3527.99
0.296214 3527.88
0.297214 3527.77
0.298214 3527.67
0.299214 3527.56
0.300214 3527.45
0.301214 3527.35
0.302214 3527.24
0.303214 3527.13
0.304214 3527.03
0.305214 3526.92
0.306214 3526.82
0.307214 3526.71
0.308214 3526.6
0.309214 3526.5
0.310214 3526.39
0.311214 3526.28
0.312214 3526.18
0.313214 3526.07
0.314214 3525.96
0.315214 3525.86
0.316214 3525.75
0.317214 3525.64
0.318214 3525.54
0.319214 3525.43
0.320214 3525.32
0.321214 3525.22
0.322214 3525.11
0.323214 3525.01
0.324214 3524.9
0.325214 3524.79
0.326214 3524.69
0.327214 3524.58
0.328214 3524.47
0.329214 3524.37
0.330214 3524.26
0.331214 3524.15
0.332214 3524.05
0.333214 3523.94
0.334214 3523.84
0.335214 3523.73
0.336214 3523.62
0.337214 3523.52
0.338214 3523.41
0.339214 3523.3
0.340214 3523.2
0.341214 3523.09
0.342214 3522.98
0.343214 3522.88
0.344214 3522.77
0.345214 3522.67
0.346214 3522.56
0.347214 3522.45
0.348214 3522.35
0.349214 3522.24
0.350214 3522.13
0.351214 3522.03
0.352214 3521.92
0.353214 3521.81
0.354214 3521.71
0.355214 3521.6
0.356214 3521.5
0.357214 3521.39
0.358214 3521.28
0.359214 3521.18
0.360214 3521.07
0.361214 3520.96
0.362214 3520.86
0.363214 3520.75
0.364214 3520.65
0.365214 3520.54
0.366214 3520.43
0.367214 3520.33
0.368214 3520.22
0.369214 3520.11
0.370214 3520.01
0.371214 3519.9
0.372214 3519.8
0.373214 3519.69
0.374214 3519.58
0.375214 3519.48
0.376214 3519.37
0.377214 3519.26
0.378214 3519.16
0.379214 3519.05
0.380214 3518.95
0.381214 3518.84
0.382214 3518.73
0.383214 3518.63
0.384214 3518.52
0.385214 3518.41
0.386214 3518.31
0.387214 3518.2
0.388214 3518.1
0.389214 3517.99
0.390214 3517.88
0.391214 3517.78
0.392214 3517.67
0.393214 3517.57
0.394214 3517.46
0.395214 3517.35
0.396214 3517.25
0.397214 3517.14
0.398214 3517.03
0.399214 3516.93
0.400214 3516.82
0.401214 3516.72
0.402214 3516.61
0.403214 3516.5
0.404214 3516.4
0.405214 3516.29
0.406214 3516.19
0.407214 3516.08
0.408214 3515.97
0.409214 3515.87
0.410214 3515.76
0.411214 3515.65
0.412214 3515.55
0.413214 3515.44
0.414214 3515.34
0.415214 3515.23
0.416214 3515.12
0.417214 3515.02
0.418214 3514.91
0.419214 3514.81
0.420214 3514.7
0.421214 3514.59
0.422214 3514.49
0.423214 3514.38
0.424214 3514.28
0.425214 3514.17
0.426214 3514.06
0.427214 3513.96
0.428214 3513.85
0.429214 3513.75
0.430214 3513.64
0.431214 3513.53
0.432214 3513.43
0.433214 3513.32
0.434214 3513.22
0.435214 3513.11
0.436214 3513
0.437214 3512.9
0.438214 3512.79
0.439214 3512.69
0.440214 3512.58
0.441214 3512.47
0.442214 3512.37
0.443214 3512.26
0.444214 3512.16
0.445214 3512.05
0.446214 3511.94
0.447214 3511.84
0.448214 3511.73
0.449214 3511.63
0.450214 3511.52
0.451214 3511.41
0.452214 3511.31
0.453214 3511.2
0.454214 3511.1
0.455214 3510.99
0.456214 3510.88
0.457214 3510.78
0.458214 3510.67
0.459214 3510.57
0.460214 3510.46
0.461214 3510.35
0.462214 3510.25
0.463214 3510.14
0.464214 3510.04
0.465214 3509.93
0.466214 3509.82
0.467214 3509.72
0.468214 3509.61
0.469214 3509.51
0.470214 3509.4
0.471214 3509.3
0.472214 3509.19
0.473214 3509.08
0.474214 3508.98
0.475214 3508.87
0.476214 3508.77
0.477214 3508.66
0.478214 3508.55
0.479214 3508.45
0.480214 3508.34
0.481214 3508.24
0.482214 3508.13
0.483214 3508.03
0.484214 3507.92
0.485214 3507.81
0.486214 3507.71
0.487214 3507.6
0.488214 3507.5
0.489214 3507.39
0.490214 3507.28
0.491214 3507.18
0.492214 3507.07
0.493214 3506.97
0.494214 3506.86
0.495214 3506.76
0.496214 3506.65
0.497214 3506.54
0.498214 3506.44
0.499214 3506.33
0.500214 3506.23
0.501214 3506.12
0.502214 3506.01
0.503214 3505.91
0.504214 3505.8
0.505214 3505.7
0.506214 3505.59
0.507214 3505.49
0.508214 3505.38
0.509214 3505.27
0.510214 3505.17
0.511214 3505.06
0.512214 3504.96
0.513214 3504.85
0.514214 3504.75
0.515214 3504.64
0.516214 3504.53
0.517214 3504.43
0.518214 3504.32
0.519214 3504.22
0.520214 3504.11
0.521214 3504.01
0.522214 3503.9
0.523214 3503.79
0.524214 3503.69
0.525214 3503.58
0.526214 3503.48
0.527214 3503.37
0.528214 3503.27
0.529214 3503.16
0.530214 3503.05
0.531214 3502.95
0.532214 3502.84
0.533214 3502.74
0.534214 3502.63
0.535214 3502.53
0.536214 3502.42
0.537214 3502.31
0.538214 3502.21
0.539214 3502.1
0.540214 3502
0.541214 3501.89
0.542214 3501.79
0.543214 3501.68
0.544214 3501.58
0.545214 3501.47
0.546214 3501.36
0.547214 3501.26
0.548214 3501.15
0.549214 3501.05
0.550214 3500.94
0.551214 3500.84
0.552214 3500.73
0.553214 3500.63
0.554214 3500.52
0.555214 3500.41
0.556214 3500.31
0.557214 3500.2
0.558214 3500.1
0.559214 3499.99
0.560214 3499.89
0.561214 3499.78
0.562214 3499.68
0.563214 3499.57
0.564214 3499.46
0.565214 3499.36
0.566214 3499.25
0.567214 3499.15
0.568214 3499.04
0.569214 3498.94
0.570214 3498.83
0.571214 3498.73
0.572214 3498.62
0.573214 3498.51
0.574214 3498.41
0.575214 3498.3
0.576214 3498.2
0.577214 3498.09
0.578214 3497.99
0.579214 3497.88
0.580214 3497.78
0.581214 3497.67
0.582214 3497.56
0.583214 3497.46
0.584214 3497.35
0.585214 3497.25
0.586214 3497.14
0.587214 3497.04
0.588214 3496.93
0.589214 3496.83
0.590214 3496.72
0.591214 3496.62
0.592214 3496.51
0.593214 3496.4
0.594214 3496.3
0.595214 3496.19
0.596214 3496.09
0.597214 3495.98
0.598214 3495.88
0.599214 3495.77
0.600214 3495.67
0.601214 3495.56
0.602214 3495.46
0.603214 3495.35
0.604214 3495.24
0.605214 3495.14
0.606214 3495.03
0.607214 3494.93
0.608214 3494.82
0.609214 3494.72
0.610214 3494.61
0.611214 3494.51
0.612214 3494.4
0.613214 3494.3
0.614214 3494.19
0.615214 3494.09
0.616214 3493.98
0.617214 3493.88
0.618214 3493.77
0.619214 3493.66
0.620214 3493.56
0.621214 3493.45
0.622214 3493.35
0.623214 3493.24
0.624214 3493.14
0.625214 3493.03
0.626214 3492.93
0.627214 3492.82
0.628214 3492.72
0.629214 3492.61
0.630214 3492.51
0.631214 3492.4
0.632214 3492.3
0.633214 3492.19
0.634214 3492.08
0.635214 3491.98
0.636214 3491.87
0.637214 3491.77
0.638214 3491.66
0.639214 3491.56
0.640214 3491.45
0.641214 3491.35
0.642214 3491.24
0.643214 3491.14
0.644214 3491.03
0.645214 3490.93
0.646214 3490.82
0.647214 3490.72
0.648214 3490.61
0.649214 3490.51
0.650214 3490.4
0.651214 3490.3
0.652214 3490.19
0.653214 3490.08
0.654214 3489.98
0.655214 3489.87
0.656214 3489.77
0.657214 3489.66
0.658214 3489.56
0.659214 3489.45
0.660214 3489.35
0.661214 3489.24
0.662214 3489.14
0.663214 3489.03
0.664214 3488.93
0.665214 3488.82
0.666214 3488.72
0.667214 3488.61
0.668214 3488.51
0.669214 3488.4
0.670214 3488.3
0.671214 3488.19
0.672214 3488.09
0.673214 3487.98
0.674214 3487.88
0.675214 3487.77
0.676214 3487.67
0.677214 3487.56
0.678214 3487.46
0.679214 3487.35
0.680214 3487.24
0.681214 3487.14
0.682214 3487.03
0.683214 3486.93
0.684214 3486.82
0.685214 3486.72
0.686214 3486.61
0.687214 3486.51
0.688214 3486.4
0.689214 3486.3
0.690214 3486.19
0.691214 3486.09
0.692214 3485.98
0.693214 3485.88
0.694214 3485.77
0.695214 3485.67
0.696214 3485.56
0.697214 3485.46
0.698214 3485.35
0.699214 3485.25
0.700214 3485.14
0.701214 3485.04
0.702214 3484.93
0.703214 3484.83
0.704214 3484.72
0.705214 3484.62
0.706214 3484.51
0.707214 3484.41
0.708214 3484.3
0.709214 3484.2
0.710214 3484.09
0.711214 3483.99
0.712214 3483.88
0.713214 3483.78
0.714214 3483.67
0.715214 3483.57
0.716214 3483.46
0.717214 3483.36
0.718214 3483.25
0.719214 3483.15
0.720214 3483.04
0.721214 3482.94
0.722214 3482.83
0.723214 3482.73
0.724214 3482.62
0.725214 3482.52
0.726214 3482.41
0.727214 3482.31
0.728214 3482.2
0.729214 3482.1
0.730214 3481.99
0.731214 3481.89
0.732214 3481.78
0.733214 3481.68
0.734214 3481.57
0.735214 3481.47
0.736214 3481.36
0.737214 3481.26
0.738214 3481.15
0.739214 3481.05
0.740214 3480.94
0.741214 3480.84
0.742214 3480.73
0.743214 3480.63
0.744214 3480.52
0.745214 3480.42
0.746214 3480.31
0.747214 3480.21
0.748214 3480.1
0.749214 3480
0.750214 3479.89
0.751214 3479.79
0.752214 3479.69
0.753214 3479.58
0.754214 3479.48
0.755214 3479.37
0.756214 3479.27
0.757214 3479.16
0.758214 3479.06
0.759214 3478.95
0.760214 3478.85
0.761214 3478.74
0.762214 3478.64
0.763214 3478.53
0.764214 3478.43
0.765214 3478.32
0.766214 3478.22
0.767214 3478.11
0.768214 3478.01
0.769214 3477.9
0.770214 3477.8
0.771214 3477.69
0.772214 3477.59
0.773214 3477.48
0.774214 3477.38
0.775214 3477.27
0.776214 3477.17
0.777214 3477.06
0.778214 3476.96
0.779214 3476.85
0.780214 3476.75
0.781214 3476.65
0.782214 3476.54
0.783214 3476.44
0.784214 3476.33
0.785214 3476.23
0.786214 3476.12
0.787214 3476.02
0.788214 3475.91
0.789214 3475.81
0.790214 3475.7
0.791214 3475.6
0.792214 3475.49
0.793214 3475.39
0.794214 3475.28
0.795214 3475.18
0.796214 3475.07
0.797214 3474.97
0.798214 3474.86
0.799214 3474.76
0.800214 3474.66
0.801214 3474.55
0.802214 3474.45
0.803214 3474.34
0.804214 3474.24
0.805214 3474.13
0.806214 3474.03
0.807214 3473.92
0.808214 3473.82
0.809214 3473.71
0.810214 3473.61
0.811214 3473.5
0.812214 3473.4
0.813214 3473.29
0.814214 3473.19
0.815214 3473.09
0.816214 3472.98
0.817214 3472.88
0.818214 3472.77
0.819214 3472.67
0.820214 3472.56
0.821214 3472.46
0.822214 3472.35
0.823214 3472.25
0.824214 3472.14
0.825214 3472.04
0.826214 3471.93
0.827214 3471.83
0.828214 3471.73
0.829214 3471.62
0.830214 3471.52
0.831214 3471.41
0.832214 3471.31
0.833214 3471.2
0.834214 3471.1
0.835214 3470.99
0.836214 3470.89
0.837214 3470.78
0.838214 3470.68
0.839214 3470.58
0.840214 3470.47
0.841214 3470.37
0.842214 3470.26
0.843214 3470.16
0.844214 3470.05
0.845214 3469.95
0.846214 3469.84
0.847214 3469.74
0.848214 3469.63
0.849214 3469.53
0.850214 3469.43
0.851214 3469.32
0.852214 3469.22
0.853214 3469.11
0.854214 3469.01
0.855214 3468.9
0.856214 3468.8
0.857214 3468.69
0.858214 3468.59
0.859214 3468.48
0.860214 3468.38
0.861214 3468.28
0.862214 3468.17
0.863214 3468.07
0.864214 3467.96
0.865214 3467.86
0.866214 3467.75
0.867214 3467.65
0.868214 3467.54
0.869214 3467.44
0.870214 3467.34
0.871214 3467.23
0.872214 3467.13
0.873214 3467.02
0.874214 3466.92
0.875214 3466.81
0.876214 3466.71
0.877214 3466.6
0.878214 3466.5
0.879214 3466.4
0.880214 3466.29
0.881214 3466.19
0.882214 3466.08
0.883214 3465.98
0.884214 3465.87
0.885214 3465.77
0.886214 3465.66
0.887214 3465.56
0.888214 3465.46
0.889214 3465.35
0.890214 3465.25
0.891214 3465.14
0.892214 3465.04
0.893214 3464.93
0.894214 3464.83
0.895214 3464.73
0.896214 3464.62
0.897214 3464.52
0.898214 3464.41
0.899214 3464.31
0.900214 3464.2
0.901214 3464.1
0.902214 3464
0.903214 3463.89
0.904214 3463.79
0.905214 3463.68
0.906214 3463.58
0.907214 3463.47
0.908214 3463.37
0.909214 3463.27
0.910214 3463.16
0.911214 3463.06
0.912214 3462.95
0.913214 3462.85
0.914214 3462.74
0.915214 3462.64
0.916214 3462.54
0.917214 3462.43
0.918214 3462.33
0.919214 3462.22
0.920214 3462.12
0.921214 3462.01
0.922214 3461.91
0.923214 3461.81
0.924214 3461.7
0.925214 3461.6
0.926214 3461.49
0.927214 3461.39
0.928214 3461.28
0.929214 3461.18
0.930214 3461.08
0.931214 3460.97
0.932214 3460.87
0.933214 3460.76
0.934214 3460.66
0.935214 3460.55
0.936214 3460.45
0.937214 3460.35
0.938214 3460.24
0.939214 3460.14
0.940214 3460.03
0.941214 3459.93
0.942214 3459.82
0.943214 3459.72
0.944214 3459.62
0.945214 3459.51
0.946214 3459.41
0.947214 3459.3
0.948214 3459.2
0.949214 3459.1
0.950214 3458.99
0.951214 3458.89
0.952214 3458.78
0.953214 3458.68
0.954214 3458.57
0.955214 3458.47
0.956214 3458.37
0.957214 3458.26
0.958214 3458.16
0.959214 3458.05
0.960214 3457.95
0.961214 3457.85
0.962214 3457.74
0.963214 3457.64
0.964214 3457.53
0.965214 3457.43
0.966214 3457.33
0.967214 3457.22
0.968214 3457.12
0.969214 3457.01
0.970214 3456.91
0.971214 3456.81
0.972214 3456.7
0.973214 3456.6
0.974214 3456.49
0.975214 3456.39
0.976214 3456.28
0.977214 3456.18
0.978214 3456.08
0.979214 3455.97
0.980214 3455.87
0.981214 3455.76
0.982214 3455.66
0.983214 3455.56
0.984214 3455.45
0.985214 3455.35
0.986214 3455.24
0.987214 3455.14
0.988214 3455.04
0.989214 3454.93
0.990214 3454.83
0.991214 3454.72
0.992214 3454.62
0.993214 3454.52
0.994214 3454.41
0.995214 3454.31
0.996214 3454.2
0.997214 3454.1
0.998214 3454
0.999214 3453.89
1.00021 3453.79
1.00121 3453.68
1.00221 3453.58
1.00321 3453.48
1.00421 3453.37
1.00521 3453.27
1.00621 3453.16
1.00721 3453.06
1.00821 3452.96
1.00921 3452.85
1.01021 3452.75
1.01121 3452.64
1.01221 3452.54
1.01321 3452.44
1.01421 3452.33
1.01521 3452.23
1.01621 3452.13
1.01721 3452.02
1.01821 3451.92
1.01921 3451.81
1.02021 3451.71
1.02121 3451.61
1.02221 3451.5
1.02321 3451.4
1.02421 3451.29
1.02521 3451.19
1.02621 3451.09
1.02721 3450.98
1.02821 3450.88
1.02921 3450.77
1.03021 3450.67
1.03121 3450.57
1.03221 3450.46
1.03321 3450.36
1.03421 3450.26
1.03521 3450.15
1.03621 3450.05
1.03721 3449.94
1.03821 3449.84
1.03921 3449.74
1.04021 3449.63
1.04121 3449.53
1.04221 3449.42
1.04321 3449.32
1.04421 3449.22
1.04521 3449.11
1.04621 3449.01
1.04721 3448.91
1.04821 3448.8
1.04921 3448.7
1.05021 3448.59
1.05121 3448.49
1.05221 3448.39
1.05321 3448.28
1.05421 3448.18
1.05521 3448.07
1.05621 3447.97
1.05721 3447.87
1.05821 3447.76
1.05921 3447.66
1.06021 3447.56
1.06121 3447.45
1.06221 3447.35
1.06321 3447.24
1.06421 3447.14
1.06521 3447.04
1.06621 3446.93
1.06721 3446.83
1.06821 3446.73
1.06921 3446.62
1.07021 3446.52
1.07121 3446.41
1.07221 3446.31
1.07321 3446.21
1.07421 3446.1
1.07521 3446
1.07621 3445.9
1.07721 3445.79
1.07821 3445.69
1.07921 3445.59
1.08021 3445.48
1.08121 3445.38
1.08221 3445.27
1.08321 3445.17
1.08421 3445.07
1.08521 3444.96
1.08621 3444.86
1.08721 3444.76
1.08821 3444.65
1.08921 3444.55
1.09021 3444.44
1.09121 3444.34
1.09221 3444.24
1.09321 3444.13
1.09421 3444.03
1.09521 3443.93
1.09621 3443.82
1.09721 3443.72
1.09821 3443.62
1.09921 3443.51
1.10021 3443.41
1.10121 3443.3
1.10221 3443.2
1.10321 3443.1
1.10421 3442.99
1.10521 3442.89
1.10621 3442.79
1.10721 3442.68
1.10821 3442.58
1.10921 3442.48
1.11021 3442.37
1.11121 3442.27
1.11221 3442.17
1.11321 3442.06
1.11421 3441.96
1.11521 3441.85
1.11621 3441.75
1.11721 3441.65
1.11821 3441.54
1.11921 3441.44
1.12021 3441.34
1.12121 3441.23
1.12221 3441.13
1.12321 3441.03
1.12421 3440.92
1.12521 3440.82
1.12621 3440.72
1.12721 3440.61
1.12821 3440.51
1.12921 3440.4
1.13021 3440.3
1.13121 3440.2
1.13221 3440.09
1.13321 3439.99
1.13421 3439.89
1.13521 3439.78
1.13621 3439.68
1.13721 3439.58
1.13821 3439.47
1.13921 3439.37
1.14021 3439.27
1.14121 3439.16
1.14221 3439.06
1.14321 3438.96
1.14421 3438.85
1.14521 3438.75
1.14621 3438.65
1.14721 3438.54
1.14821 3438.44
1.14921 3438.34
1.15021 3438.23
1.15121 3438.13
1.15221 3438.02
1.15321 3437.92
1.15421 3437.82
1.15521 3437.71
1.15621 3437.61
1.15721 3437.51
1.15821 3437.4
1.15921 3437.3
1.16021 3437.2
1.16121 3437.09
1.16221 3436.99
1.16321 3436.89
1.16421 3436.78
1.16521 3436.68
1.16621 3436.58
1.16721 3436.47
1.16821 3436.37
1.16921 3436.27
1.17021 3436.16
1.17121 3436.06
1.17221 3435.96
1.17321 3435.85
1.17421 3435.75
1.17521 3435.65
1.17621 3435.54
1.17721 3435.44
1.17821 3435.34
1.17921 3435.23
1.18021 3435.13
1.18121 3435.03
1.18221 3434.92
1.18321 3434.82
1.18421 3434.72
1.18521 3434.61
1.18621 3434.51
1.18721 3434.41
1.18821 3434.3
1.18921 3434.2
1.19021 3434.1
1.19121 3433.99
1.19221 3433.89
1.19321 3433.79
1.19421 3433.68
1.19521 3433.58
1.19621 3433.48
1.19721 3433.37
1.19821 3433.27
1.19921 3433.17
1.20021 3433.06
1.20121 3432.96
1.20221 3432.86
1.20321 3432.75
1.20421 3432.65
1.20521 3432.55
1.20621 3432.44
1.20721 3432.34
1.20821 3432.24
1.20921 3432.13
1.21021 3432.03
1.21121 3431.93
1.21221 3431.83
1.21321 3431.72
1.21421 3431.62
1.21521 3431.52
1.21621 3431.41
1.21721 3431.31
1.21821 3431.21
1.21921 3431.1
1.22021 3431
1.22121 3430.9
1.22221 3430.79
1.22321 3430.69
1.22421 3430.59
1.22521 3430.48
1.22621 3430.38
1.22721 3430.28
1.22821 3430.17
1.22921 3430.07
1.23021 3429.97
1.23121 3429.86
1.23221 3429.76
1.23321 3429.66
1.23421 3429.56
1.23521 3429.45
1.23621 3429.35
1.23721 3429.25
1.23821 3429.14
1.23921 3429.04
1.24021 3428.94
1.24121 3428.83
1.24221 3428.73
1.24321 3428.63
1.24421 3428.52
1.24521 3428.42
1.24621 3428.32
1.24721 3428.21
1.24821 3428.11
1.24921 3428.01
1.25021 3427.91
1.25121 3427.8
1.25221 3427.7
1.25321 3427.6
1.25421 3427.49
1.25521 3427.39
1.25621 3427.29
1.25721 3427.18
1.25821 3427.08
1.25921 3426.98
1.26021 3426.87
1.26121 3426.77
1.26221 3426.67
1.26321 3426.57
1.26421 3426.46
1.26521 3426.36
1.26621 3426.26
1.26721 3426.15
1.26821 3426.05
1.26921 3425.95
1.27021 3425.84
1.27121 3425.74
1.27221 3425.64
1.27321 3425.54
1.27421 3425.43
1.27521 3425.33
1.27621 3425.23
1.27721 3425.12
1.27821 3425.02
1.27921 3424.92
1.28021 3424.81
1.28121 3424.71
1.28221 3424.61
1.28321 3424.51
1.28421 3424.4
1.28521 3424.3
1.28621 3424.2
1.28721 3424.09
1.28821 3423.99
1.28921 3423.89
1.29021 3423.78
1.29121 3423.68
1.29221 3423.58
1.29321 3423.48
1.29421 3423.37
1.29521 3423.27
1.29621 3423.17
1.29721 3423.06
1.29821 3422.96
1.29921 3422.86
1.30021 3422.76
1.30121 3422.65
1.30221 3422.55
1.30321 3422.45
1.30421 3422.34
1.30521 3422.24
1.30621 3422.14
1.30721 3422.04
1.30821 3421.93
1.30921 3421.83
1.31021 3421.73
1.31121 3421.62
1.31221 3421.52
1.31321 3421.42
1.31421 3421.32
1.31521 3421.21
1.31621 3421.11
1.31721 3421.01
1.31821 3420.9
1.31921 3420.8
1.32021 3420.7
1.32121 3420.6
1.32221 3420.49
1.32321 3420.39
1.32421 3420.29
1.32521 3420.18
1.32621 3420.08
1.32721 3419.98
1.32821 3419.88
1.32921 3419.77
1.33021 3419.67
1.33121 3419.57
1.33221 3419.46
1.33321 3419.36
1.33421 3419.26
1.33521 3419.16
1.33621 3419.05
1.33721 3418.95
1.33821 3418.85
1.33921 3418.74
1.34021 3418.64
1.34121 3418.54
1.34221 3418.44
1.34321 3418.33
1.34421 3418.23
1.34521 3418.13
1.34621 3418.03
1.34721 3417.92
1.34821 3417.82
1.34921 3417.72
1.35021 3417.61
1.35121 3417.51
1.35221 3417.41
1.35321 3417.31
1.35421 3417.2
1.35521 3417.1
1.35621 3417
1.35721 3416.9
1.35821 3416.79
1.35921 3416.69
1.36021 3416.59
1.36121 3416.48
1.36221 3416.38
1.36321 3416.28
1.36421 3416.18
1.36521 3416.07
1.36621 3415.97
1.36721 3415.87
1.36821 3415.77
1.36921 3415.66
1.37021 3415.56
1.37121 3415.46
1.37221 3415.36
1.37321 3415.25
1.37421 3415.15
1.37521 3415.05
1.37621 3414.94
1.37721 3414.84
1.37821 3414.74
1.37921 3414.64
1.38021 3414.53
1.38121 3414.43
1.38221 3414.33
1.38321 3414.23
1.38421 3414.12
1.38521 3414.02
1.38621 3413.92
1.38721 3413.82
1.38821 3413.71
1.38921 3413.61
1.39021 3413.51
1.39121 3413.41
1.39221 3413.3
1.39321 3413.2
1.39421 3413.1
1.39521 3413
1.39621 3412.89
1.39721 3412.79
1.39821 3412.69
1.39921 3412.59
1.40021 3412.48
1.40121 3412.38
1.40221 3412.28
1.40321 3412.17
1.40421 3412.07
1.40521 3411.97
1.40621 3411.87
1.40721 3411.76
1.40821 3411.66
1.40921 3411.56
1.41021 3411.46
1.41121 3411.35
1.41221 3411.25
1.41321 3411.15
1.41421 3411.05
1.41521 3410.94
1.41621 3410.84
1.41721 3410.74
1.41821 3410.64
1.41921 3410.53
1.42021 3410.43
1.42121 3410.33
1.42221 3410.23
1.42321 3410.12
1.42421 3410.02
1.42521 3409.92
1.42621 3409.82
1.42721 3409.71
1.42821 3409.61
1.42921 3409.51
1.43021 3409.41
1.43121 3409.31
1.43221 3409.2
1.43321 3409.1
1.43421 3409
1.43521 3408.9
1.43621 3408.79
1.43721 3408.69
1.43821 3408.59
1.43921 3408.49
1.44021 3408.38
1.44121 3408.28
1.44221 3408.18
1.44321 3408.08
1.44421 3407.97
1.44521 3407.87
1.44621 3407.77
1.44721 3407.67
1.44821 3407.56
1.44921 3407.46
1.45021 3407.36
1.45121 3407.26
1.45221 3407.15
1.45321 3407.05
1.45421 3406.95
1.45521 3406.85
1.45621 3406.75
1.45721 3406.64
1.45821 3406.54
1.45921 3406.44
1.46021 3406.34
1.46121 3406.23
1.46221 3406.13
1.46321 3406.03
1.46421 3405.93
1.46521 3405.82
1.46621 3405.72
1.46721 3405.62
1.46821 3405.52
1.46921 3405.41
1.47021 3405.31
1.47121 3405.21
1.47221 3405.11
1.47321 3405.01
1.47421 3404.9
1.47521 3404.8
1.47621 3404.7
1.47721 3404.6
1.47821 3404.49
1.47921 3404.39
1.48021 3404.29
1.48121 3404.19
1.48221 3404.09
1.48321 3403.98
1.48421 3403.88
1.48521 3403.78
1.48621 3403.68
1.48721 3403.57
1.48821 3403.47
1.48921 3403.37
1.49021 3403.27
1.49121 3403.16
1.49221 3403.06
1.49321 3402.96
1.49421 3402.86
1.49521 3402.76
1.49621 3402.65
1.49721 3402.55
1.49821 3402.45
1.49921 3402.35
1.50021 3402.25
1.50121 3402.14
1.50221 3402.04
1.50321 3401.94
1.50421 3401.84
1.50521 3401.73
1.50621 3401.63
1.50721 3401.53
1.50821 3401.43
1.50921 3401.33
1.51021 3401.22
1.51121 3401.12
1.51221 3401.02
1.51321 3400.92
1.51421 3400.81
1.51521 3400.71
1.51621 3400.61
1.51721 3400.51
1.51821 3400.41
1.51921 3400.3
1.52021 3400.2
1.52121 3400.1
1.52221 3400
1.52321 3399.9
1.52421 3399.79
1.52521 3399.69
1.52621 3399.59
1.52721 3399.49
1.52821 3399.38
1.52921 3399.28
1.53021 3399.18
1.53121 3399.08
1.53221 3398.98
1.53321 3398.87
1.53421 3398.77
1.53521 3398.67
1.53621 3398.57
1.53721 3398.47
1.53821 3398.36
1.53921 3398.26
1.54021 3398.16
1.54121 3398.06
1.54221 3397.96
1.54321 3397.85
1.54421 3397.75
1.54521 3397.65
1.54621 3397.55
1.54721 3397.45
1.54821 3397.34
1.54921 3397.24
1.55021 3397.14
1.55121 3397.04
1.55221 3396.94
1.55321 3396.83
1.55421 3396.73
1.55521 3396.63
1.55621 3396.53
1.55721 3396.43
1.55821 3396.32
1.55921 3396.22
1.56021 3396.12
1.56121 3396.02
1.56221 3395.92
1.56321 3395.81
1.56421 3395.71
1.56521 3395.61
1.56621 3395.51
1.56721 3395.41
1.56821 3395.3
1.56921 3395.2
1.57021 3395.1
1.57121 3395
1.57221 3394.9
1.57321 3394.79
1.57421 3394.69
1.57521 3394.59
1.57621 3394.49
1.57721 3394.39
1.57821 3394.28
1.57921 3394.18
1.58021 3394.08
1.58121 3393.98
1.58221 3393.88
1.58321 3393.77
1.58421 3393.67
1.58521 3393.57
1.58621 3393.47
1.58721 3393.37
1.58821 3393.27
1.58921 3393.16
1.59021 3393.06
1.59121 3392.96
1.59221 3392.86
1.59321 3392.76
1.59421 3392.65
1.59521 3392.55
1.59621 3392.45
1.59721 3392.35
1.59821 3392.25
1.59921 3392.14
1.60021 3392.04
1.60121 3391.94
1.60221 3391.84
1.60321 3391.74
1.60421 3391.64
1.60521 3391.53
1.60621 3391.43
1.60721 3391.33
1.60821 3391.23
1.60921 3391.13
1.61021 3391.02
1.61121 3390.92
1.61221 3390.82
1.61321 3390.72
1.61421 3390.62
1.61521 3390.52
1.61621 3390.41
1.61721 3390.31
1.61821 3390.21
1.61921 3390.11
1.62021 3390.01
1.62121 3389.9
1.62221 3389.8
1.62321 3389.7
1.62421 3389.6
1.62521 3389.5
1.62621 3389.4
1.62721 3389.29
1.62821 3389.19
1.62921 3389.09
1.63021 3388.99
1.63121 3388.89
1.63221 3388.79
1.63321 3388.68
1.63421 3388.58
1.63521 3388.48
1.63621 3388.38
1.63721 3388.28
1.63821 3388.18
1.63921 3388.07
1.64021 3387.97
1.64121 3387.87
1.64221 3387.77
1.64321 3387.67
1.64421 3387.57
1.64521 3387.46
1.64621 3387.36
1.64721 3387.26
1.64821 3387.16
1.64921 3387.06
1.65021 3386.96
1.65121 3386.85
1.65221 3386.75
1.65321 3386.65
1.65421 3386.55
1.65521 3386.45
1.65621 3386.35
1.65721 3386.24
1.65821 3386.14
1.65921 3386.04
1.66021 3385.94
1.66121 3385.84
1.66221 3385.74
1.66321 3385.63
1.66421 3385.53
1.66521 3385.43
1.66621 3385.33
1.66721 3385.23
1.66821 3385.13
1.66921 3385.02
1.67021 3384.92
1.67121 3384.82
1.67221 3384.72
1.67321 3384.62
1.67421 3384.52
1.67521 3384.41
1.67621 3384.31
1.67721 3384.21
1.67821 3384.11
1.67921 3384.01
1.68021 3383.91
1.68121 3383.81
1.68221 3383.7
1.68321 3383.6
1.68421 3383.5
1.68521 3383.4
1.68621 3383.3
1.68721 3383.2
1.68821 3383.09
1.68921 3382.99
1.69021 3382.89
1.69121 3382.79
1.69221 3382.69
1.69321 3382.59
1.69421 3382.49
1.69521 3382.38
1.69621 3382.28
1.69721 3382.18
1.69821 3382.08
1.69921 3381.98
1.70021 3381.88
1.70121 3381.77
1.70221 3381.67
1.70321 3381.57
1.70421 3381.47
1.70521 3381.37
1.70621 3381.27
1.70721 3381.17
1.70821 3381.06
1.70921 3380.96
1.71021 3380.86
1.71121 3380.76
1.71221 3380.66
1.71321 3380.56
1.71421 3380.46
1.71521 3380.35
1.71621 3380.25
1.71721 3380.15
1.71821 3380.05
1.71921 3379.95
1.72021 3379.85
1.72121 3379.75
1.72221 3379.64
1.72321 3379.54
1.72421 3379.44
1.72521 3379.34
1.72621 3379.24
1.72721 3379.14
1.72821 3379.04
1.72921 3378.93
1.73021 3378.83
1.73121 3378.73
1.73221 3378.63
1.73321 3378.53
1.73421 3378.43
1.73521 3378.33
1.73621 3378.22
1.73721 3378.12
1.73821 3378.02
1.73921 3377.92
1.74021 3377.82
1.74121 3377.72
1.74221 3377.62
1.74321 3377.52
1.74421 3377.41
1.74521 3377.31
1.74621 3377.21
1.74721 3377.11
1.74821 3377.01
1.74921 3376.91
1.75021 3376.81
1.75121 3376.7
1.75221 3376.6
1.75321 3376.5
1.75421 3376.4
1.75521 3376.3
1.75621 3376.2
1.75721 3376.1
1.75821 3376
1.75921 3375.89
1.76021 3375.79
1.76121 3375.69
1.76221 3375.59
1.76321 3375.49
1.76421 3375.39
1.76521 3375.29
1.76621 3375.19
1.76721 3375.08
1.76821 3374.98
1.76921 3374.88
1.77021 3374.78
1.77121 3374.68
1.77221 3374.58
1.77321 3374.48
1.77421 3374.38
1.77521 3374.27
1.77621 3374.17
1.77721 3374.07
1.77821 3373.97
1.77921 3373.87
1.78021 3373.77
1.78121 3373.67
1.78221 3373.57
1.78321 3373.46
1.78421 3373.36
1.78521 3373.26
1.78621 3373.16
1.78721 3373.06
1.78821 3372.96
1.78921 3372.86
1.79021 3372.76
1.79121 3372.65
1.79221 3372.55
1.79321 3372.45
1.79421 3372.35
1.79521 3372.25
1.79621 3372.15
1.79721 3372.05
1.79821 3371.95
1.79921 3371.85
1.80021 3371.74
1.80121 3371.64
1.80221 3371.54
1.80321 3371.44
1.80421 3371.34
1.80521 3371.24
1.80621 3371.14
1.80721 3371.04
1.80821 3370.94
1.80921 3370.83
1.81021 3370.73
1.81121 3370.63
1.81221 3370.53
1.81321 3370.43
1.81421 3370.33
1.81521 3370.23
1.81621 3370.13
1.81721 3370.03
1.81821 3369.92
1.81921 3369.82
1.82021 3369.72
1.82121 3369.62
1.82221 3369.52
1.82321 3369.42
1.82421 3369.32
1.82521 3369.22
1.82621 3369.12
1.82721 3369.01
1.82821 3368.91
1.82921 3368.81
1.83021 3368.71
1.83121 3368.61
1.83221 3368.51
1.83321 3368.41
1.83421 3368.31
1.83521 3368.21
1.83621 3368.11
1.83721 3368
1.83821 3367.9
1.83921 3367.8
1.84021 3367.7
1.84121 3367.6
1.84221 3367.5
1.84321 3367.4
1.84421 3367.3
1.84521 3367.2
1.84621 3367.1
1.84721 3366.99
1.84821 3366.89
1.84921 3366.79
1.85021 3366.69
1.85121 3366.59
1.85221 3366.49
1.85321 3366.39
1.85421 3366.29
1.85521 3366.19
1.85621 3366.09
1.85721 3365.99
1.85821 3365.88
1.85921 3365.78
1.86021 3365.68
1.86121 3365.58
1.86221 3365.48
1.86321 3365.38
1.86421 3365.28
1.86521 3365.18
1.86621 3365.08
1.86721 3364.98
1.86821 3364.87
1.86921 3364.77
1.87021 3364.67
1.87121 3364.57
1.87221 3364.47
1.87321 3364.37
1.87421 3364.27
1.87521 3364.17
1.87621 3364.07
1.87721 3363.97
1.87821 3363.87
1.87921 3363.77
1.88021 3363.66
1.88121 3363.56
1.88221 3363.46
1.88321 3363.36
1.88421 3363.26
1.88521 3363.16
1.88621 3363.06
1.88721 3362.96
1.88821 3362.86
1.88921 3362.76
1.89021 3362.66
1.89121 3362.56
1.89221 3362.45
1.89321 3362.35
1.89421 3362.25
1.89521 3362.15
1.89621 3362.05
1.89721 3361.95
1.89821 3361.85
1.89921 3361.75
1.90021 3361.65
1.90121 3361.55
1.90221 3361.45
1.90321 3361.35
1.90421 3361.24
1.90521 3361.14
1.90621 3361.04
1.90721 3360.94
1.90821 3360.84
1.90921 3360.74
1.91021 3360.64
1.91121 3360.54
1.91221 3360.44
1.91321 3360.34
1.91421 3360.24
1.91521 3360.14
1.91621 3360.04
1.91721 3359.93
1.91821 3359.83
1.91921 3359.73
1.92021 3359.63
1.92121 3359.53
1.92221 3359.43
1.92321 3359.33
1.92421 3359.23
1.92521 3359.13
1.92621 3359.03
1.92721 3358.93
1.92821 3358.83
1.92921 3358.73
1.93021 3358.63
1.93121 3358.53
1.93221 3358.42
1.93321 3358.32
1.93421 3358.22
1.93521 3358.12
1.93621 3358.02
1.93721 3357.92
1.93821 3357.82
1.93921 3357.72
1.94021 3357.62
1.94121 3357.52
1.94221 3357.42
1.94321 3357.32
1.94421 3357.22
1.94521 3357.12
1.94621 3357.02
1.94721 3356.91
1.94821 3356.81
1.94921 3356.71
1.95021 3356.61
1.95121 3356.51
1.95221 3356.41
1.95321 3356.31
1.95421 3356.21
1.95521 3356.11
1.95621 3356.01
1.95721 3355.91
1.95821 3355.81
1.95921 3355.71
1.96021 3355.61
1.96121 3355.51
1.96221 3355.41
1.96321 3355.31
1.96421 3355.2
1.96521 3355.1
1.96621 3355
1.96721 3354.9
1.96821 3354.8
1.96921 3354.7
1.97021 3354.6
1.97121 3354.5
1.97221 3354.4
1.97321 3354.3
1.97421 3354.2
1.97521 3354.1
1.97621 3354
1.97721 3353.9
1.97821 3353.8
1.97921 3353.7
1.98021 3353.6
1.98121 3353.5
1.98221 3353.39
1.98321 3353.29
1.98421 3353.19
1.98521 3353.09
1.98621 3352.99
1.98721 3352.89
1.98821 3352.79
1.98921 3352.69
1.99021 3352.59
1.99121 3352.49
1.99221 3352.39
1.99321 3352.29
1.99421 3352.19
1.99521 3352.09
1.99621 3351.99
1.99721 3351.89
1.99821 3351.79
1.99921 3351.69
2.00021 3351.59
2.00121 3351.61
2.00221 3351.63
2.00321 3351.65
2.00421 3351.67
2.00521 3351.7
2.00621 3351.72
2.00721 3351.74
2.00821 3351.76
2.00921 3351.78
2.01021 3351.81
2.01121 3351.83
2.01221 3351.85
2.01321 3351.87
2.01421 3351.89
2.01521 3351.92
2.01621 3351.94
2.01721 3351.96
2.01821 3351.98
2.01921 3352
2.02021 3352.03
2.02121 3352.05
2.02221 3352.07
2.02321 3352.09
2.02421 3352.11
2.02521 3352.14
2.02621 3352.16
2.02721 3352.18
2.02821 3352.2
2.02921 3352.22
2.03021 3352.25
2.03121 3352.27
2.03221 3352.29
2.03321 3352.31
2.03421 3352.33
2.03521 3352.35
2.03621 3352.38
2.03721 3352.4
2.03821 3352.42
2.03921 3352.44
2.04021 3352.46
2.04121 3352.49
2.04221 3352.51
2.04321 3352.53
2.04421 3352.55
2.04521 3352.57
2.04621 3352.6
2.04721 3352.62
2.04821 3352.64
2.04921 3352.66
2.05021 3352.68
2.05121 3352.71
2.05221 3352.73
2.05321 3352.75
2.05421 3352.77
2.05521 3352.79
2.05621 3352.81
2.05721 3352.84
2.05821 3352.86
2.05921 3352.88
2.06021 3352.9
2.06121 3352.92
2.06221 3352.95
2.06321 3352.97
2.06421 3352.99
2.06521 3353.01
2.06621 3353.03
2.06721 3353.06
2.06821 3353.08
2.06921 3353.1
2.07021 3353.12
2.07121 3353.14
2.07221 3353.16
2.07321 3353.19
2.07421 3353.21
2.07521 3353.23
2.07621 3353.25
2.07721 3353.27
2.07821 3353.3
2.07921 3353.32
2.08021 3353.34
2.08121 3353.36
2.08221 3353.38
2.08321 3353.4
2.08421 3353.43
2.08521 3353.45
2.08621 3353.47
2.08721 3353.49
2.08821 3353.51
2.08921 3353.54
2.09021 3353.56
2.09121 3353.58
2.09221 3353.6
2.09321 3353.62
2.09421 3353.64
2.09521 3353.67
2.09621 3353.69
2.09721 3353.71
2.09821 3353.73
2.09921 3353.75
2.10021 3353.78
2.10121 3353.8
2.10221 3353.82
2.10321 3353.84
2.10421 3353.86
2.10521 3353.88
2.10621 3353.91
2.10721 3353.93
2.10821 3353.95
2.10921 3353.97
2.11021 3353.99
2.11121 3354.01
2.11221 3354.04
2.11321 3354.06
2.11421 3354.08
2.11521 3354.1
2.11621 3354.12
2.11721 3354.14
2.11821 3354.17
2.11921 3354.19
2.12021 3354.21
2.12121 3354.23
2.12221 3354.25
2.12321 3354.28
2.12421 3354.3
2.12521 3354.32
2.12621 3354.34
2.12721 3354.36
2.12821 3354.38
2.12921 3354.41
2.13021 3354.43
2.13121 3354.45
2.13221 3354.47
2.13321 3354.49
2.13421 3354.51
2.13521 3354.54
2.13621 3354.56
2.13721 3354.58
2.13821 3354.6
2.13921 3354.62
2.14021 3354.64
2.14121 3354.67
2.14221 3354.69
2.14321 3354.71
2.14421 3354.73
2.14521 3354.75
2.14621 3354.77
2.14721 3354.8
2.14821 3354.82
2.14921 3354.84
2.15021 3354.86
2.15121 3354.88
2.15221 3354.9
2.15321 3354.93
2.15421 3354.95
2.15521 3354.97
2.15621 3354.99
2.15721 3355.01
2.15821 3355.03
2.15921 3355.06
2.16021 3355.08
2.16121 3355.1
2.16221 3355.12
2.16321 3355.14
2.16421 3355.16
2.16521 3355.19
2.16621 3355.21
2.16721 3355.23
2.16821 3355.25
2.16921 3355.27
2.17021 3355.29
2.17121 3355.32
2.17221 3355.34
2.17321 3355.36
2.17421 3355.38
2.17521 3355.4
2.17621 3355.42
2.17721 3355.45
2.17821 3355.47
2.17921 3355.49
2.18021 3355.51
2.18121 3355.53
2.18221 3355.55
2.18321 3355.57
2.18421 3355.6
2.18521 3355.62
2.18621 3355.64
2.18721 3355.66
2.18821 3355.68
2.18921 3355.7
2.19021 3355.73
2.19121 3355.75
2.19221 3355.77
2.19321 3355.79
2.19421 3355.81
2.19521 3355.83
2.19621 3355.86
2.19721 3355.88
2.19821 3355.9
2.19921 3355.92
2.20021 3355.94
2.20121 3355.96
2.20221 3355.98
2.20321 3356.01
2.20421 3356.03
2.20521 3356.05
2.20621 3356.07
2.20721 3356.09
2.20821 3356.11
2.20921 3356.14
2.21021 3356.16
2.21121 3356.18
2.21221 3356.2
2.21321 3356.22
2.21421 3356.24
2.21521 3356.26
2.21621 3356.29
2.21721 3356.31
2.21821 3356.33
2.21921 3356.35
2.22021 3356.37
2.22121 3356.39
2.22221 3356.41
2.22321 3356.44
2.22421 3356.46
2.22521 3356.48
2.22621 3356.5
2.22721 3356.52
2.22821 3356.54
2.22921 3356.57
2.23021 3356.59
2.23121 3356.61
2.23221 3356.63
2.23321 3356.65
2.23421 3356.67
2.23521 3356.69
2.23621 3356.72
2.23721 3356.74
2.23821 3356.76
2.23921 3356.78
2.24021 3356.8
2.24121 3356.82
2.24221 3356.84
2.24321 3356.87
2.24421 3356.89
2.24521 3356.91
2.24621 3356.93
2.24721 3356.95
2.24821 3356.97
2.24921 3356.99
2.25021 3357.02
2.25121 3357.04
2.25221 3357.06
2.25321 3357.08
2.25421 3357.1
2.25521 3357.12
2.25621 3357.14
2.25721 3357.17
2.25821 3357.19
2.25921 3357.21
2.26021 3357.23
2.26121 3357.25
2.26221 3357.27
2.26321 3357.29
2.26421 3357.32
2.26521 3357.34
2.26621 3357.36
2.26721 3357.38
2.26821 3357.4
2.26921 3357.42
2.27021 3357.44
2.27121 3357.47
2.27221 3357.49
2.27321 3357.51
2.27421 3357.53
2.27521 3357.55
2.27621 3357.57
2.27721 3357.59
2.27821 3357.62
2.27921 3357.64
2.28021 3357.66
2.28121 3357.68
2.28221 3357.7
2.28321 3357.72
2.28421 3357.74
2.28521 3357.76
2.28621 3357.79
2.28721 3357.81
2.28821 3357.83
2.28921 3357.85
2.29021 3357.87
2.29121 3357.89
2.29221 3357.91
2.29321 3357.94
2.29421 3357.96
2.29521 3357.98
2.29621 3358
2.29721 3358.02
2.29821 3358.04
2.29921 3358.06
2.30021 3358.08
2.30121 3358.11
2.30221 3358.13
2.30321 3358.15
2.30421 3358.17
2.30521 3358.19
2.30621 3358.21
2.30721 3358.23
2.30821 3358.26
2.30921 3358.28
2.31021 3358.3
2.31121 3358.32
2.31221 3358.34
2.31321 3358.36
2.31421 3358.38
2.31521 3358.4
2.31621 3358.43
2.31721 3358.45
2.31821 3358.47
2.31921 3358.49
2.32021 3358.51
2.32121 3358.53
2.32221 3358.55
2.32321 3358.57
2.32421 3358.6
2.32521 3358.62
2.32621 3358.64
2.32721 3358.66
2.32821 3358.68
2.32921 3358.7
2.33021 3358.72
2.33121 3358.74
2.33221 3358.77
2.33321 3358.79
2.33421 3358.81
2.33521 3358.83
2.33621 3358.85
2.33721 3358.87
2.33821 3358.89
2.33921 3358.91
2.34021 3358.94
2.34121 3358.96
2.34221 3358.98
2.34321 3359
2.34421 3359.02
2.34521 3359.04
2.34621 3359.06
2.34721 3359.08
2.34821 3359.11
2.34921 3359.13
2.35021 3359.15
2.35121 3359.17
2.35221 3359.19
2.35321 3359.21
2.35421 3359.23
2.35521 3359.25
2.35621 3359.28
2.35721 3359.3
2.35821 3359.32
2.35921 3359.34
2.36021 3359.36
2.36121 3359.38
2.36221 3359.4
2.36321 3359.42
2.36421 3359.44
2.36521 3359.47
2.36621 3359.49
2.36721 3359.51
2.36821 3359.53
2.36921 3359.55
2.37021 3359.57
2.37121 3359.59
2.37221 3359.61
2.37321 3359.64
2.37421 3359.66
2.37521 3359.68
2.37621 3359.7
2.37721 3359.72
2.37821 3359.74
2.37921 3359.76
2.38021 3359.78
2.38121 3359.8
2.38221 3359.83
2.38321 3359.85
2.38421 3359.87
2.38521 3359.89
2.38621 3359.91
2.38721 3359.93
2.38821 3359.95
2.38921 3359.97
2.39021 3359.99
2.39121 3360.02
2.39221 3360.04
2.39321 3360.06
2.39421 3360.08
2.39521 3360.1
2.39621 3360.12
2.39721 3360.14
2.39821 3360.16
2.39921 3360.18
2.40021 3360.21
2.40121 3360.23
2.40221 3360.25
2.40321 3360.27
2.40421 3360.29
2.40521 3360.31
2.40621 3360.33
2.40721 3360.35
2.40821 3360.37
2.40921 3360.4
2.41021 3360.42
2.41121 3360.44
2.41221 3360.46
2.41321 3360.48
2.41421 3360.5
2.41521 3360.52
2.41621 3360.54
2.41721 3360.56
2.41821 3360.59
2.41921 3360.61
2.42021 3360.63
2.42121 3360.65
2.42221 3360.67
2.42321 3360.69
2.42421 3360.71
2.42521 3360.73
2.42621 3360.75
2.42721 3360.77
2.42821 3360.8
2.42921 3360.82
2.43021 3360.84
2.43121 3360.86
2.43221 3360.88
2.43321 3360.9
2.43421 3360.92
2.43521 3360.94
2.43621 3360.96
2.43721 3360.98
2.43821 3361.01
2.43921 3361.03
2.44021 3361.05
2.44121 3361.07
2.44221 3361.09
2.44321 3361.11
2.44421 3361.13
2.44521 3361.15
2.44621 3361.17
2.44721 3361.19
2.44821 3361.22
2.44921 3361.24
2.45021 3361.26
2.45121 3361.28
2.45221 3361.3
2.45321 3361.32
2.45421 3361.34
2.45521 3361.36
2.45621 3361.38
2.45721 3361.4
2.45821 3361.43
2.45921 3361.45
2.46021 3361.47
2.46121 3361.49
2.46221 3361.51
2.46321 3361.53
2.46421 3361.55
2.46521 3361.57
2.46621 3361.59
2.46721 3361.61
2.46821 3361.64
2.46921 3361.66
2.47021 3361.68
2.47121 3361.7
2.47221 3361.72
2.47321 3361.74
2.47421 3361.76
2.47521 3361.78
2.47621 3361.8
2.47721 3361.82
2.47821 3361.84
2.47921 3361.87
2.48021 3361.89
2.48121 3361.91
2.48221 3361.93
2.48321 3361.95
2.48421 3361.97
2.48521 3361.99
2.48621 3362.01
2.48721 3362.03
2.48821 3362.05
2.48921 3362.07
2.49021 3362.1
2.49121 3362.12
2.49221 3362.14
2.49321 3362.16
2.49421 3362.18
2.49521 3362.2
2.49621 3362.22
2.49721 3362.24
2.49821 3362.26
2.49921 3362.28
2.50021 3362.3
2.50121 3362.33
2.50221 3362.35
2.50321 3362.37
2.50421 3362.39
2.50521 3362.41
2.50621 3362.43
2.50721 3362.45
2.50821 3362.47
2.50921 3362.49
2.51021 3362.51
2.51121 3362.53
2.51221 3362.55
2.51321 3362.58
2.51421 3362.6
2.51521 3362.62
2.51621 3362.64
2.51721 3362.66
2.51821 3362.68
2.51921 3362.7
2.52021 3362.72
2.52121 3362.74
2.52221 3362.76
2.52321 3362.78
2.52421 3362.8
2.52521 3362.83
2.52621 3362.85
2.52721 3362.87
2.52821 3362.89
2.52921 3362.91
2.53021 3362.93
2.53121 3362.95
2.53221 3362.97
2.53321 3362.99
2.53421 3363.01
2.53521 3363.03
2.53621 3363.05
2.53721 3363.07
2.53821 3363.1
2.53921 3363.12
2.54021 3363.14
2.54121 3363.16
2.54221 3363.18
2.54321 3363.2
2.54421 3363.22
2.54521 3363.24
2.54621 3363.26
2.54721 3363.28
2.54821 3363.3
2.54921 3363.32
2.55021 3363.34
2.55121 3363.37
2.55221 3363.39
2.55321 3363.41
2.55421 3363.43
2.55521 3363.45
2.55621 3363.47
2.55721 3363.49
2.55821 3363.51
2.55921 3363.53
2.56021 3363.55
2.56121 3363.57
2.56221 3363.59
2.56321 3363.61
2.56421 3363.64
2.56521 3363.66
2.56621 3363.68
2.56721 3363.7
2.56821 3363.72
2.56921 3363.74
2.57021 3363.76
2.57121 3363.78
2.57221 3363.8
2.57321 3363.82
2.57421 3363.84
2.57521 3363.86
2.57621 3363.88
2.57721 3363.9
2.57821 3363.93
2.57921 3363.95
2.58021 3363.97
2.58121 3363.99
2.58221 3364.01
2.58321 3364.03
2.58421 3364.05
2.58521 3364.07
2.58621 3364.09
2.58721 3364.11
2.58821 3364.13
2.58921 3364.15
2.59021 3364.17
2.59121 3364.19
2.59221 3364.21
2.59321 3364.24
2.59421 3364.26
2.59521 3364.28
2.59621 3364.3
2.59721 3364.32
2.59821 3364.34
2.59921 3364.36
2.60021 3364.38
2.60121 3364.4
2.60221 3364.42
2.60321 3364.44
2.60421 3364.46
2.60521 3364.48
2.60621 3364.5
2.60721 3364.52
2.60821 3364.54
2.60921 3364.57
2.61021 3364.59
2.61121 3364.61
2.61221 3364.63
2.61321 3364.65
2.61421 3364.67
2.61521 3364.69
2.61621 3364.71
2.61721 3364.73
2.61821 3364.75
2.61921 3364.77
2.62021 3364.79
2.62121 3364.81
2.62221 3364.83
2.62321 3364.85
2.62421 3364.87
2.62521 3364.9
2.62621 3364.92
2.62721 3364.94
2.62821 3364.96
2.62921 3364.98
2.63021 3365
2.63121 3365.02
2.63221 3365.04
2.63321 3365.06
2.63421 3365.08
2.63521 3365.1
2.63621 3365.12
2.63721 3365.14
2.63821 3365.16
2.63921 3365.18
2.64021 3365.2
2.64121 3365.22
2.64221 3365.24
2.64321 3365.27
2.64421 3365.29
2.64521 3365.31
2.64621 3365.33
2.64721 3365.35
2.64821 3365.37
2.64921 3365.39
2.65021 3365.41
2.65121 3365.43
2.65221 3365.45
2.65321 3365.47
2.65421 3365.49
2.65521 3365.51
2.65621 3365.53
2.65721 3365.55
2.65821 3365.57
2.65921 3365.59
2.66021 3365.61
2.66121 3365.63
2.66221 3365.66
2.66321 3365.68
2.66421 3365.7
2.66521 3365.72
2.66621 3365.74
2.66721 3365.76
2.66821 3365.78
2.66921 3365.8
2.67021 3365.82
2.67121 3365.84
2.67221 3365.86
2.67321 3365.88
2.67421 3365.9
2.67521 3365.92
2.67621 3365.94
2.67721 3365.96
2.67821 3365.98
2.67921 3366
2.68021 3366.02
2.68121 3366.04
2.68221 3366.06
2.68321 3366.08
2.68421 3366.11
2.68521 3366.13
2.68621 3366.15
2.68721 3366.17
2.68821 3366.19
2.68921 3366.21
2.69021 3366.23
2.69121 3366.25
2.69221 3366.27
2.69321 3366.29
2.69421 3366.31
2.69521 3366.33
2.69621 3366.35
2.69721 3366.37
2.69821 3366.39
2.69921 3366.41
2.70021 3366.43
2.70121 3366.45
2.70221 3366.47
2.70321 3366.49
2.70421 3366.51
2.70521 3366.53
2.70621 3366.55
2.70721 3366.58
2.70821 3366.6
2.70921 3366.62
2.71021 3366.64
2.71121 3366.66
2.71221 3366.68
2.71321 3366.7
2.71421 3366.72
2.71521 3366.74
2.71621 3366.76
2.71721 3366.78
2.71821 3366.8
2.71921 3366.82
2.72021 3366.84
2.72121 3366.86
2.72221 3366.88
2.72321 3366.9
2.72421 3366.92
2.72521 3366.94
2.72621 3366.96
2.72721 3366.98
2.72821 3367
2.72921 3367.02
2.73021 3367.04
2.73121 3367.06
2.73221 3367.08
2.73321 3367.1
2.73421 3367.12
2.73521 3367.15
2.73621 3367.17
2.73721 3367.19
2.73821 3367.21
2.73921 3367.23
2.74021 3367.25
2.74121 3367.27
2.74221 3367.29
2.74321 3367.31
2.74421 3367.33
2.74521 3367.35
2.74621 3367.37
2.74721 3367.39
2.74821 3367.41
2.74921 3367.43
2.75021 3367.45
2.75121 3367.47
2.75221 3367.49
2.75321 3367.51
2.75421 3367.53
2.75521 3367.55
2.75621 3367.57
2.75721 3367.59
2.75821 3367.61
2.75921 3367.63
2.76021 3367.65
2.76121 3367.67
2.76221 3367.69
2.76321 3367.71
2.76421 3367.73
2.76521 3367.75
2.76621 3367.77
2.76721 3367.79
2.76821 3367.81
2.76921 3367.84
2.77021 3367.86
2.77121 3367.88
2.77221 3367.9
2.77321 3367.92
2.77421 3367.94
2.77521 3367.96
2.77621 3367.98
2.77721 3368
2.77821 3368.02
2.77921 3368.04
2.78021 3368.06
2.78121 3368.08
2.78221 3368.1
2.78321 3368.12
2.78421 3368.14
2.78521 3368.16
2.78621 3368.18
2.78721 3368.2
2.78821 3368.22
2.78921 3368.24
2.79021 3368.26
2.79121 3368.28
2.79221 3368.3
2.79321 3368.32
2.79421 3368.34
2.79521 3368.36
2.79621 3368.38
2.79721 3368.4
2.79821 3368.42
2.79921 3368.44
2.80021 3368.46
2.80121 3368.48
2.80221 3368.5
2.80321 3368.52
2.80421 3368.54
2.80521 3368.56
2.80621 3368.58
2.80721 3368.6
2.80821 3368.62
2.80921 3368.64
2.81021 3368.66
2.81121 3368.68
2.81221 3368.7
2.81321 3368.72
2.81421 3368.74
2.81521 3368.76
2.81621 3368.78
2.81721 3368.8
2.81821 3368.82
2.81921 3368.84
2.82021 3368.87
2.82121 3368.89
2.82221 3368.91
2.82321 3368.93
2.82421 3368.95
2.82521 3368.97
2.82621 3368.99
2.82721 3369.01
2.82821 3369.03
2.82921 3369.05
2.83021 3369.07
2.83121 3369.09
2.83221 3369.11
2.83321 3369.13
2.83421 3369.15
2.83521 3369.17
2.83621 3369.19
2.83721 3369.21
2.83821 3369.23
2.83921 3369.25
2.84021 3369.27
2.84121 3369.29
2.84221 3369.31
2.84321 3369.33
2.84421 3369.35
2.84521 3369.37
2.84621 3369.39
2.84721 3369.41
2.84821 3369.43
2.84921 3369.45
2.85021 3369.47
2.85121 3369.49
2.85221 3369.51
2.85321 3369.53
2.85421 3369.55
2.85521 3369.57
2.85621 3369.59
2.85721 3369.61
2.85821 3369.63
2.85921 3369.65
2.86021 3369.67
2.86121 3369.69
2.86221 3369.71
2.86321 3369.73
2.86421 3369.75
2.86521 3369.77
2.86621 3369.79
2.86721 3369.81
2.86821 3369.83
2.86921 3369.85
2.87021 3369.87
2.87121 3369.89
2.87221 3369.91
2.87321 3369.93
2.87421 3369.95
2.87521 3369.97
2.87621 3369.99
2.87721 3370.01
2.87821 3370.03
2.87921 3370.05
2.88021 3370.07
2.88121 3370.09
2.88221 3370.11
2.88321 3370.13
2.88421 3370.15
2.88521 3370.17
2.88621 3370.19
2.88721 3370.21
2.88821 3370.23
2.88921 3370.25
2.89021 3370.27
2.89121 3370.29
2.89221 3370.31
2.89321 3370.33
2.89421 3370.35
2.89521 3370.37
2.89621 3370.39
2.89721 3370.41
2.89821 3370.43
2.89921 3370.45
2.90021 3370.47
2.90121 3370.49
2.90221 3370.51
2.90321 3370.53
2.90421 3370.55
2.90521 3370.57
2.90621 3370.59
2.90721 3370.61
2.90821 3370.63
2.90921 3370.65
2.91021 3370.67
2.91121 3370.69
2.91221 3370.71
2.91321 3370.73
2.91421 3370.75
2.91521 3370.77
2.91621 3370.79
2.91721 3370.81
2.91821 3370.83
2.91921 3370.85
2.92021 3370.87
2.92121 3370.89
2.92221 3370.91
2.92321 3370.93
2.92421 3370.95
2.92521 3370.97
2.92621 3370.99
2.92721 3371.01
2.92821 3371.03
2.92921 3371.05
2.93021 3371.07
2.93121 3371.09
2.93221 3371.11
2.93321 3371.13
2.93421 3371.15
2.93521 3371.17
2.93621 3371.19
2.93721 3371.2
2.93821 3371.22
2.93921 3371.24
2.94021 3371.26
2.94121 3371.28
2.94221 3371.3
2.94321 3371.32
2.94421 3371.34
2.94521 3371.36
2.94621 3371.38
2.94721 3371.4
2.94821 3371.42
2.94921 3371.44
2.95021 3371.46
2.95121 3371.48
2.95221 3371.5
2.95321 3371.52
2.95421 3371.54
2.95521 3371.56
2.95621 3371.58
2.95721 3371.6
2.95821 3371.62
2.95921 3371.64
2.96021 3371.66
2.96121 3371.68
2.96221 3371.7
2.96321 3371.72
2.96421 3371.74
2.96521 3371.76
2.96621 3371.78
2.96721 3371.8
2.96821 3371.82
2.96921 3371.84
2.97021 3371.86
2.97121 3371.88
2.97221 3371.9
2.97321 3371.92
2.97421 3371.94
2.97521 3371.96
2.97621 3371.98
2.97721 3372
2.97821 3372.02
2.97921 3372.04
2.98021 3372.06
2.98121 3372.08
2.98221 3372.1
2.98321 3372.12
2.98421 3372.14
2.98521 3372.16
2.98621 3372.18
2.98721 3372.2
2.98821 3372.21
2.98921 3372.23
2.99021 3372.25
2.99121 3372.27
2.99221 3372.29
2.99321 3372.31
2.99421 3372.33
2.99521 3372.35
2.99621 3372.37
2.99721 3372.39
2.99821 3372.41
2.99921 3372.43
3.00021 3372.45
3.00121 3372.47
3.00221 3372.49
3.00321 3372.51
3.00421 3372.53
3.00521 3372.55
3.00621 3372.57
3.00721 3372.59
3.00821 3372.61
3.00921 3372.63
3.01021 3372.65
3.01121 3372.67
3.01221 3372.69
3.01321 3372.71
3.01421 3372.73
3.01521 3372.75
3.01621 3372.77
3.01721 3372.79
3.01821 3372.81
3.01921 3372.83
3.02021 3372.85
3.02121 3372.87
3.02221 3372.88
3.02321 3372.9
3.02421 3372.92
3.02521 3372.94
3.02621 3372.96
3.02721 3372.98
3.02821 3373
3.02921 3373.02
3.03021 3373.04
3.03121 3373.06
3.03221 3373.08
3.03321 3373.1
3.03421 3373.12
3.03521 3373.14
3.03621 3373.16
3.03721 3373.18
3.03821 3373.2
3.03921 3373.22
3.04021 3373.24
3.04121 3373.26
3.04221 3373.28
3.04321 3373.3
3.04421 3373.32
3.04521 3373.34
3.04621 3373.36
3.04721 3373.38
3.04821 3373.4
3.04921 3373.42
3.05021 3373.43
3.05121 3373.45
3.05221 3373.47
3.05321 3373.49
3.05421 3373.51
3.05521 3373.53
3.05621 3373.55
3.05721 3373.57
3.05821 3373.59
3.05921 3373.61
3.06021 3373.63
3.06121 3373.65
3.06221 3373.67
3.06321 3373.69
3.06421 3373.71
3.06521 3373.73
3.06621 3373.75
3.06721 3373.77
3.06821 3373.79
3.06921 3373.81
3.07021 3373.83
3.07121 3373.85
3.07221 3373.87
3.07321 3373.88
3.07421 3373.9
3.07521 3373.92
3.07621 3373.94
3.07721 3373.96
3.07821 3373.98
3.07921 3374
3.08021 3374.02
3.08121 3374.04
3.08221 3374.06
3.08321 3374.08
3.08421 3374.1
3.08521 3374.12
3.08621 3374.14
3.08721 3374.16
3.08821 3374.18
3.08921 3374.2
3.09021 3374.22
3.09121 3374.24
3.09221 3374.26
3.09321 3374.28
3.09421 3374.29
3.09521 3374.31
3.09621 3374.33
3.09721 3374.35
3.09821 3374.37
3.09921 3374.39
3.10021 3374.41
3.10121 3374.43
3.10221 3374.45
3.10321 3374.47
3.10421 3374.49
3.10521 3374.51
3.10621 3374.53
3.10721 3374.55
3.10821 3374.57
3.10921 3374.59
3.11021 3374.61
3.11121 3374.63
3.11221 3374.65
3.11321 3374.66
3.11421 3374.68
3.11521 3374.7
3.11621 3374.72
3.11721 3374.74
3.11821 3374.76
3.11921 3374.78
3.12021 3374.8
3.12121 3374.82
3.12221 3374.84
3.12321 3374.86
3.12421 3374.88
3.12521 3374.9
3.12621 3374.92
3.12721 3374.94
3.12821 3374.96
3.12921 3374.98
3.13021 3375
3.13121 3375.01
3.13221 3375.03
3.13321 3375.05
3.13421 3375.07
3.13521 3375.09
3.13621 3375.11
3.13721 3375.13
3.13821 3375.15
3.13921 3375.17
3.14021 3375.19
3.14121 3375.21
3.14221 3375.23
3.14321 3375.25
3.14421 3375.27
3.14521 3375.29
3.14621 3375.31
3.14721 3375.32
3.14821 3375.34
3.14921 3375.36
3.15021 3375.38
3.15121 3375.4
3.15221 3375.42
3.15321 3375.44
3.15421 3375.46
3.15521 3375.48
3.15621 3375.5
3.15721 3375.52
3.15821 3375.54
3.15921 3375.56
3.16021 3375.58
3.16121 3375.6
3.16221 3375.62
3.16321 3375.63
3.16421 3375.65
3.16521 3375.67
3.16621 3375.69
3.16721 3375.71
3.16821 3375.73
3.16921 3375.75
3.17021 3375.77
3.17121 3375.79
3.17221 3375.81
3.17321 3375.83
3.17421 3375.85
3.17521 3375.87
3.17621 3375.89
3.17721 3375.91
3.17821 3375.92
3.17921 3375.94
3.18021 3375.96
3.18121 3375.98
3.18221 3376
3.18321 3376.02
3.18421 3376.04
3.18521 3376.06
3.18621 3376.08
3.18721 3376.1
3.18821 3376.12
3.18921 3376.14
3.19021 3376.16
3.19121 3376.18
3.19221 3376.19
3.19321 3376.21
3.19421 3376.23
3.19521 3376.25
3.19621 3376.27
3.19721 3376.29
3.19821 3376.31
3.19921 3376.33
3.20021 3376.35
3.20121 3376.37
3.20221 3376.39
3.20321 3376.41
3.20421 3376.43
3.20521 3376.44
3.20621 3376.46
3.20721 3376.48
3.20821 3376.5
3.20921 3376.52
3.21021 3376.54
3.21121 3376.56
3.21221 3376.58
3.21321 3376.6
3.21421 3376.62
3.21521 3376.64
3.21621 3376.66
3.21721 3376.68
3.21821 3376.69
3.21921 3376.71
3.22021 3376.73
3.22121 3376.75
3.22221 3376.77
3.22321 3376.79
3.22421 3376.81
3.22521 3376.83
3.22621 3376.85
3.22721 3376.87
3.22821 3376.89
3.22921 3376.91
3.23021 3376.92
3.23121 3376.94
3.23221 3376.96
3.23321 3376.98
3.23421 3377
3.23521 3377.02
3.23621 3377.04
3.23721 3377.06
3.23821 3377.08
3.23921 3377.1
3.24021 3377.12
3.24121 3377.14
3.24221 3377.15
3.24321 3377.17
3.24421 3377.19
3.24521 3377.21
3.24621 3377.23
3.24721 3377.25
3.24821 3377.27
3.24921 3377.29
3.25021 3377.31
3.25121 3377.33
3.25221 3377.35
3.25321 3377.37
3.25421 3377.38
3.25521 3377.4
3.25621 3377.42
3.25721 3377.44
3.25821 3377.46
3.25921 3377.48
3.26021 3377.5
3.26121 3377.52
3.26221 3377.54
3.26321 3377.56
3.26421 3377.58
3.26521 3377.59
3.26621 3377.61
3.26721 3377.63
3.26821 3377.65
3.26921 3377.67
3.27021 3377.69
3.27121 3377.71
3.27221 3377.73
3.27321 3377.75
3.27421 3377.77
3.27521 3377.79
3.27621 3377.8
3.27721 3377.82
3.27821 3377.84
3.27921 3377.86
3.28021 3377.88
3.28121 3377.9
3.28221 3377.92
3.28321 3377.94
3.28421 3377.96
3.28521 3377.98
3.28621 3378
3.28721 3378.01
3.28821 3378.03
3.28921 3378.05
3.29021 3378.07
3.29121 3378.09
3.29221 3378.11
3.29321 3378.13
3.29421 3378.15
3.29521 3378.17
3.29621 3378.19
3.29721 3378.2
3.29821 3378.22
3.29921 3378.24
3.30021 3378.26
3.30121 3378.28
3.30221 3378.3
3.30321 3378.32
3.30421 3378.34
3.30521 3378.36
3.30621 3378.38
3.30721 3378.39
3.30821 3378.41
3.30921 3378.43
3.31021 3378.45
3.31121 3378.47
3.31221 3378.49
3.31321 3378.51
3.31421 3378.53
3.31521 3378.55
3.31621 3378.57
3.31721 3378.58
3.31821 3378.6
3.31921 3378.62
3.32021 3378.64
3.32121 3378.66
3.32221 3378.68
3.32321 3378.7
3.32421 3378.72
3.32521 3378.74
3.32621 3378.76
3.32721 3378.77
3.32821 3378.79
3.32921 3378.81
3.33021 3378.83
3.33121 3378.85
3.33221 3378.87
3.33321 3378.89
3.33421 3378.91
3.33521 3378.93
3.33621 3378.94
3.33721 3378.96
3.33821 3378.98
3.33921 3379
3.34021 3379.02
3.34121 3379.04
3.34221 3379.06
3.34321 3379.08
3.34421 3379.1
3.34521 3379.12
3.34621 3379.13
3.34721 3379.15
3.34821 3379.17
3.34921 3379.19
3.35021 3379.21
3.35121 3379.23
3.35221 3379.25
3.35321 3379.27
3.35421 3379.29
3.35521 3379.3
3.35621 3379.32
3.35721 3379.34
3.35821 3379.36
3.35921 3379.38
3.36021 3379.4
3.36121 3379.42
3.36221 3379.44
3.36321 3379.46
3.36421 3379.47
3.36521 3379.49
3.36621 3379.51
3.36721 3379.53
3.36821 3379.55
3.36921 3379.57
3.37021 3379.59
3.37121 3379.61
3.37221 3379.62
3.37321 3379.64
3.37421 3379.66
3.37521 3379.68
3.37621 3379.7
3.37721 3379.72
3.37821 3379.74
3.37921 3379.76
3.38021 3379.78
3.38121 3379.79
3.38221 3379.81
3.38321 3379.83
3.38421 3379.85
3.38521 3379.87
3.38621 3379.89
3.38721 3379.91
3.38821 3379.93
3.38921 3379.94
3.39021 3379.96
3.39121 3379.98
3.39221 3380
3.39321 3380.02
3.39421 3380.04
3.39521 3380.06
3.39621 3380.08
3.39721 3380.1
3.39821 3380.11
3.39921 3380.13
3.40021 3380.15
3.40121 3380.17
3.40221 3380.19
3.40321 3380.21
3.40421 3380.23
3.40521 3380.25
3.40621 3380.26
3.40721 3380.28
3.40821 3380.3
3.40921 3380.32
3.41021 3380.34
3.41121 3380.36
3.41221 3380.38
3.41321 3380.4
3.41421 3380.41
3.41521 3380.43
3.41621 3380.45
3.41721 3380.47
3.41821 3380.49
3.41921 3380.51
3.42021 3380.53
3.42121 3380.55
3.42221 3380.56
3.42321 3380.58
3.42421 3380.6
3.42521 3380.62
3.42621 3380.64
3.42721 3380.66
3.42821 3380.68
3.42921 3380.7
3.43021 3380.71
3.43121 3380.73
3.43221 3380.75
3.43321 3380.77
3.43421 3380.79
3.43521 3380.81
3.43621 3380.83
3.43721 3380.84
3.43821 3380.86
3.43921 3380.88
3.44021 3380.9
3.44121 3380.92
3.44221 3380.94
3.44321 3380.96
3.44421 3380.98
3.44521 3380.99
3.44621 3381.01
3.44721 3381.03
3.44821 3381.05
3.44921 3381.07
3.45021 3381.09
3.45121 3381.11
3.45221 3381.12
3.45321 3381.14
3.45421 3381.16
3.45521 3381.18
3.45621 3381.2
3.45721 3381.22
3.45821 3381.24
3.45921 3381.26
3.46021 3381.27
3.46121 3381.29
3.46221 3381.31
3.46321 3381.33
3.46421 3381.35
3.46521 3381.37
3.46621 3381.39
3.46721 3381.4
3.46821 3381.42
3.46921 3381.44
3.47021 3381.46
3.47121 3381.48
3.47221 3381.5
3.47321 3381.52
3.47421 3381.53
3.47521 3381.55
3.47621 3381.57
3.47721 3381.59
3.47821 3381.61
3.47921 3381.63
3.48021 3381.65
3.48121 3381.67
3.48221 3381.68
3.48321 3381.7
3.48421 3381.72
3.48521 3381.74
3.48621 3381.76
3.48721 3381.78
3.48821 3381.8
3.48921 3381.81
3.49021 3381.83
3.49121 3381.85
3.49221 3381.87
3.49321 3381.89
3.49421 3381.91
3.49521 3381.93
3.49621 3381.94
3.49721 3381.96
3.49821 3381.98
3.49921 3382
3.50021 3382.02
3.50121 3382.04
3.50221 3382.05
3.50321 3382.07
3.50421 3382.09
3.50521 3382.11
3.50621 3382.13
3.50721 3382.15
3.50821 3382.17
3.50921 3382.18
3.51021 3382.2
3.51121 3382.22
3.51221 3382.24
3.51321 3382.26
3.51421 3382.28
3.51521 3382.3
3.51621 3382.31
3.51721 3382.33
3.51821 3382.35
3.51921 3382.37
3.52021 3382.39
3.52121 3382.41
3.52221 3382.43
3.52321 3382.44
3.52421 3382.46
3.52521 3382.48
3.52621 3382.5
3.52721 3382.52
3.52821 3382.54
3.52921 3382.55
3.53021 3382.57
3.53121 3382.59
3.53221 3382.61
3.53321 3382.63
3.53421 3382.65
3.53521 3382.67
3.53621 3382.68
3.53721 3382.7
3.53821 3382.72
3.53921 3382.74
3.54021 3382.76
3.54121 3382.78
3.54221 3382.79
3.54321 3382.81
3.54421 3382.83
3.54521 3382.85
3.54621 3382.87
3.54721 3382.89
3.54821 3382.91
3.54921 3382.92
3.55021 3382.94
3.55121 3382.96
3.55221 3382.98
3.55321 3383
3.55421 3383.02
3.55521 3383.03
3.55621 3383.05
3.55721 3383.07
3.55821 3383.09
3.55921 3383.11
3.56021 3383.13
3.56121 3383.14
3.56221 3383.16
3.56321 3383.18
3.56421 3383.2
3.56521 3383.22
3.56621 3383.24
3.56721 3383.25
3.56821 3383.27
3.56921 3383.29
3.57021 3383.31
3.57121 3383.33
3.57221 3383.35
3.57321 3383.37
3.57421 3383.38
3.57521 3383.4
3.57621 3383.42
3.57721 3383.44
3.57821 3383.46
3.57921 3383.48
3.58021 3383.49
3.58121 3383.51
3.58221 3383.53
3.58321 3383.55
3.58421 3383.57
3.58521 3383.59
3.58621 3383.6
3.58721 3383.62
3.58821 3383.64
3.58921 3383.66
3.59021 3383.68
3.59121 3383.7
3.59221 3383.71
3.59321 3383.73
3.59421 3383.75
3.59521 3383.77
3.59621 3383.79
3.59721 3383.81
3.59821 3383.82
3.59921 3383.84
3.60021 3383.86
3.60121 3383.88
3.60221 3383.9
3.60321 3383.92
3.60421 3383.93
3.60521 3383.95
3.60621 3383.97
3.60721 3383.99
3.60821 3384.01
3.60921 3384.02
3.61021 3384.04
3.61121 3384.06
3.61221 3384.08
3.61321 3384.1
3.61421 3384.12
3.61521 3384.13
3.61621 3384.15
3.61721 3384.17
3.61821 3384.19
3.61921 3384.21
3.62021 3384.23
3.62121 3384.24
3.62221 3384.26
3.62321 3384.28
3.62421 3384.3
3.62521 3384.32
3.62621 3384.34
3.62721 3384.35
3.62821 3384.37
3.62921 3384.39
3.63021 3384.41
3.63121 3384.43
3.63221 3384.44
3.63321 3384.46
3.63421 3384.48
3.63521 3384.5
3.63621 3384.52
3.63721 3384.54
3.63821 3384.55
3.63921 3384.57
3.64021 3384.59
3.64121 3384.61
3.64221 3384.63
3.64321 3384.65
3.64421 3384.66
3.64521 3384.68
3.64621 3384.7
3.64721 3384.72
3.64821 3384.74
3.64921 3384.75
3.65021 3384.77
3.65121 3384.79
3.65221 3384.81
3.65321 3384.83
3.65421 3384.85
3.65521 3384.86
3.65621 3384.88
3.65721 3384.9
3.65821 3384.92
3.65921 3384.94
3.66021 3384.95
3.66121 3384.97
3.66221 3384.99
3.66321 3385.01
3.66421 3385.03
3.66521 3385.05
3.66621 3385.06
3.66721 3385.08
3.66821 3385.1
3.66921 3385.12
3.67021 3385.14
3.67121 3385.15
3.67221 3385.17
3.67321 3385.19
3.67421 3385.21
3.67521 3385.23
3.67621 3385.24
3.67721 3385.26
3.67821 3385.28
3.67921 3385.3
3.68021 3385.32
3.68121 3385.34
3.68221 3385.35
3.68321 3385.37
3.68421 3385.39
3.68521 3385.41
3.68621 3385.43
3.68721 3385.44
3.68821 3385.46
3.68921 3385.48
3.69021 3385.5
3.69121 3385.52
3.69221 3385.53
3.69321 3385.55
3.69421 3385.57
3.69521 3385.59
3.69621 3385.61
3.69721 3385.62
3.69821 3385.64
3.69921 3385.66
3.70021 3385.68
3.70121 3385.7
3.70221 3385.72
3.70321 3385.73
3.70421 3385.75
3.70521 3385.77
3.70621 3385.79
3.70721 3385.81
3.70821 3385.82
3.70921 3385.84
3.71021 3385.86
3.71121 3385.88
3.71221 3385.9
3.71321 3385.91
3.71421 3385.93
3.71521 3385.95
3.71621 3385.97
3.71721 3385.99
3.71821 3386
3.71921 3386.02
3.72021 3386.04
3.72121 3386.06
3.72221 3386.08
3.72321 3386.09
3.72421 3386.11
3.72521 3386.13
3.72621 3386.15
3.72721 3386.17
3.72821 3386.18
3.72921 3386.2
3.73021 3386.22
3.73121 3386.24
3.73221 3386.26
3.73321 3386.27
3.73421 3386.29
3.73521 3386.31
3.73621 3386.33
3.73721 3386.35
3.73821 3386.36
3.73921 3386.38
3.74021 3386.4
3.74121 3386.42
3.74221 3386.44
3.74321 3386.45
3.74421 3386.47
3.74521 3386.49
3.74621 3386.51
3.74721 3386.53
3.74821 3386.54
3.74921 3386.56
3.75021 3386.58
3.75121 3386.6
3.75221 3386.62
3.75321 3386.63
3.75421 3386.65
3.75521 3386.67
3.75621 3386.69
3.75721 3386.71
3.75821 3386.72
3.75921 3386.74
3.76021 3386.76
3.76121 3386.78
3.76221 3386.79
3.76321 3386.81
3.76421 3386.83
3.76521 3386.85
3.76621 3386.87
3.76721 3386.88
3.76821 3386.9
3.76921 3386.92
3.77021 3386.94
3.77121 3386.96
3.77221 3386.97
3.77321 3386.99
3.77421 3387.01
3.77521 3387.03
3.77621 3387.05
3.77721 3387.06
3.77821 3387.08
3.77921 3387.1
3.78021 3387.12
3.78121 3387.13
3.78221 3387.15
3.78321 3387.17
3.78421 3387.19
3.78521 3387.21
3.78621 3387.22
3.78721 3387.24
3.78821 3387.26
3.78921 3387.28
3.79021 3387.3
3.79121 3387.31
3.79221 3387.33
3.79321 3387.35
3.79421 3387.37
3.79521 3387.38
3.79621 3387.4
3.79721 3387.42
3.79821 3387.44
3.79921 3387.46
3.80021 3387.47
3.80121 3387.49
3.80221 3387.51
3.80321 3387.53
3.80421 3387.55
3.80521 3387.56
3.80621 3387.58
3.80721 3387.6
3.80821 3387.62
3.80921 3387.63
3.81021 3387.65
3.81121 3387.67
3.81221 3387.69
3.81321 3387.71
3.81421 3387.72
3.81521 3387.74
3.81621 3387.76
3.81721 3387.78
3.81821 3387.79
3.81921 3387.81
3.82021 3387.83
3.82121 3387.85
3.82221 3387.87
3.82321 3387.88
3.82421 3387.9
3.82521 3387.92
3.82621 3387.94
3.82721 3387.95
3.82821 3387.97
3.82921 3387.99
3.83021 3388.01
3.83121 3388.03
3.83221 3388.04
3.83321 3388.06
3.83421 3388.08
3.83521 3388.1
3.83621 3388.11
3.83721 3388.13
3.83821 3388.15
3.83921 3388.17
3.84021 3388.19
3.84121 3388.2
3.84221 3388.22
3.84321 3388.24
3.84421 3388.26
3.84521 3388.27
3.84621 3388.29
3.84721 3388.31
3.84821 3388.33
3.84921 3388.34
3.85021 3388.36
3.85121 3388.38
3.85221 3388.4
3.85321 3388.42
3.85421 3388.43
3.85521 3388.45
3.85621 3388.47
3.85721 3388.49
3.85821 3388.5
3.85921 3388.52
3.86021 3388.54
3.86121 3388.56
3.86221 3388.57
3.86321 3388.59
3.86421 3388.61
3.86521 3388.63
3.86621 3388.65
3.86721 3388.66
3.86821 3388.68
3.86921 3388.7
3.87021 3388.72
3.87121 3388.73
3.87221 3388.75
3.87321 3388.77
3.87421 3388.79
3.87521 3388.8
3.87621 3388.82
3.87721 3388.84
3.87821 3388.86
3.87921 3388.88
3.88021 3388.89
3.88121 3388.91
3.88221 3388.93
3.88321 3388.95
3.88421 3388.96
3.88521 3388.98
3.88621 3389
3.88721 3389.02
3.88821 3389.03
3.88921 3389.05
3.89021 3389.07
3.89121 3389.09
3.89221 3389.1
3.89321 3389.12
3.89421 3389.14
3.89521 3389.16
3.89621 3389.17
3.89721 3389.19
3.89821 3389.21
3.89921 3389.23
3.90021 3389.25
3.90121 3389.26
3.90221 3389.28
3.90321 3389.3
3.90421 3389.32
3.90521 3389.33
3.90621 3389.35
3.90721 3389.37
3.90821 3389.39
3.90921 3389.4
3.91021 3389.42
3.91121 3389.44
3.91221 3389.46
3.91321 3389.47
3.91421 3389.49
3.91521 3389.51
3.91621 3389.53
3.91721 3389.54
3.91821 3389.56
3.91921 3389.58
3.92021 3389.6
3.92121 3389.61
3.92221 3389.63
3.92321 3389.65
3.92421 3389.67
3.92521 3389.68
3.92621 3389.7
3.92721 3389.72
3.92821 3389.74
3.92921 3389.75
3.93021 3389.77
3.93121 3389.79
3.93221 3389.81
3.93321 3389.82
3.93421 3389.84
3.93521 3389.86
3.93621 3389.88
3.93721 3389.89
3.93821 3389.91
3.93921 3389.93
3.94021 3389.95
3.94121 3389.96
3.94221 3389.98
3.94321 3390
3.94421 3390.02
3.94521 3390.03
3.94621 3390.05
3.94721 3390.07
3.94821 3390.09
3.94921 3390.1
3.95021 3390.12
3.95121 3390.14
3.95221 3390.16
3.95321 3390.17
3.95421 3390.19
3.95521 3390.21
3.95621 3390.23
3.95721 3390.24
3.95821 3390.26
3.95921 3390.28
3.96021 3390.3
3.96121 3390.31
3.96221 3390.33
3.96321 3390.35
3.96421 3390.37
3.96521 3390.38
3.96621 3390.4
3.96721 3390.42
3.96821 3390.44
3.96921 3390.45
3.97021 3390.47
3.97121 3390.49
3.97221 3390.51
3.97321 3390.52
3.97421 3390.54
3.97521 3390.56
3.97621 3390.58
3.97721 3390.59
3.97821 3390.61
3.97921 3390.63
3.98021 3390.64
3.98121 3390.66
3.98221 3390.68
3.98321 3390.7
3.98421 3390.71
3.98521 3390.73
3.98621 3390.75
3.98721 3390.77
3.98821 3390.78
3.98921 3390.8
3.99021 3390.82
3.99121 3390.84
3.99221 3390.85
3.99321 3390.87
3.99421 3390.89
3.99521 3390.91
3.99621 3390.92
3.99721 3390.94
3.99821 3390.96
3.99921 3390.97
4.00021 3390.99
4.00121 3390.88
4.00221 3390.78
4.00321 3390.67
4.00421 3390.56
4.00521 3390.45
4.00621 3390.35
4.00721 3390.24
4.00821 3390.13
4.00921 3390.02
4.01021 3389.92
4.01121 3389.81
4.01221 3389.7
4.01321 3389.59
4.01421 3389.49
4.01521 3389.38
4.01621 3389.27
4.01721 3389.16
4.01821 3389.06
4.01921 3388.95
4.02021 3388.84
4.02121 3388.73
4.02221 3388.62
4.02321 3388.52
4.02421 3388.41
4.02521 3388.3
4.02621 3388.19
4.02721 3388.09
4.02821 3387.98
4.02921 3387.87
4.03021 3387.76
4.03121 3387.66
4.03221 3387.55
4.03321 3387.44
4.03421 3387.33
4.03521 3387.23
4.03621 3387.12
4.03721 3387.01
4.03821 3386.9
4.03921 3386.8
4.04021 3386.69
4.04121 3386.58
4.04221 3386.47
4.04321 3386.37
4.04421 3386.26
4.04521 3386.15
4.04621 3386.04
4.04721 3385.94
4.04821 3385.83
4.04921 3385.72
4.05021 3385.62
4.05121 3385.51
4.05221 3385.4
4.05321 3385.29
4.05421 3385.19
4.05521 3385.08
4.05621 3384.97
4.05721 3384.86
4.05821 3384.76
4.05921 3384.65
4.06021 3384.54
4.06121 3384.43
4.06221 3384.33
4.06321 3384.22
4.06421 3384.11
4.06521 3384
4.06621 3383.9
4.06721 3383.79
4.06821 3383.68
4.06921 3383.57
4.07021 3383.47
4.07121 3383.36
4.07221 3383.25
4.07321 3383.15
4.07421 3383.04
4.07521 3382.93
4.07621 3382.82
4.07721 3382.72
4.07821 3382.61
4.07921 3382.5
4.08021 3382.39
4.08121 3382.29
4.08221 3382.18
4.08321 3382.07
4.08421 3381.96
4.08521 3381.86
4.08621 3381.75
4.08721 3381.64
4.08821 3381.54
4.08921 3381.43
4.09021 3381.32
4.09121 3381.21
4.09221 3381.11
4.09321 3381
4.09421 3380.89
4.09521 3380.78
4.09621 3380.68
4.09721 3380.57
4.09821 3380.46
4.09921 3380.36
4.10021 3380.25
4.10121 3380.14
4.10221 3380.03
4.10321 3379.93
4.10421 3379.82
4.10521 3379.71
4.10621 3379.61
4.10721 3379.5
4.10821 3379.39
4.10921 3379.28
4.11021 3379.18
4.11121 3379.07
4.11221 3378.96
4.11321 3378.86
4.11421 3378.75
4.11521 3378.64
4.11621 3378.53
4.11721 3378.43
4.11821 3378.32
4.11921 3378.21
4.12021 3378.11
4.12121 3378
4.12221 3377.89
4.12321 3377.78
4.12421 3377.68
4.12521 3377.57
4.12621 3377.46
4.12721 3377.36
4.12821 3377.25
4.12921 3377.14
4.13021 3377.03
4.13121 3376.93
4.13221 3376.82
4.13321 3376.71
4.13421 3376.61
4.13521 3376.5
4.13621 3376.39
4.13721 3376.28
4.13821 3376.18
4.13921 3376.07
4.14021 3375.96
4.14121 3375.86
4.14221 3375.75
4.14321 3375.64
4.14421 3375.54
4.14521 3375.43
4.14621 3375.32
4.14721 3375.21
4.14821 3375.11
4.14921 3375
4.15021 3374.89
4.15121 3374.79
4.15221 3374.68
4.15321 3374.57
4.15421 3374.47
4.15521 3374.36
4.15621 3374.25
4.15721 3374.14
4.15821 3374.04
4.15921 3373.93
4.16021 3373.82
4.16121 3373.72
4.16221 3373.61
4.16321 3373.5
4.16421 3373.4
4.16521 3373.29
4.16621 3373.18
4.16721 3373.07
4.16821 3372.97
4.16921 3372.86
4.17021 3372.75
4.17121 3372.65
4.17221 3372.54
4.17321 3372.43
4.17421 3372.33
4.17521 3372.22
4.17621 3372.11
4.17721 3372.01
4.17821 3371.9
4.17921 3371.79
4.18021 3371.68
4.18121 3371.58
4.18221 3371.47
4.18321 3371.36
4.18421 3371.26
4.18521 3371.15
4.18621 3371.04
4.18721 3370.94
4.18821 3370.83
4.18921 3370.72
4.19021 3370.62
4.19121 3370.51
4.19221 3370.4
4.19321 3370.3
4.19421 3370.19
4.19521 3370.08
4.19621 3369.98
4.19721 3369.87
4.19821 3369.76
4.19921 3369.65
4.20021 3369.55
4.20121 3369.44
4.20221 3369.33
4.20321 3369.23
4.20421 3369.12
4.20521 3369.01
4.20621 3368.91
4.20721 3368.8
4.20821 3368.69
4.20921 3368.59
4.21021 3368.48
4.21121 3368.37
4.21221 3368.27
4.21321 3368.16
4.21421 3368.05
4.21521 3367.95
4.21621 3367.84
4.21721 3367.73
4.21821 3367.63
4.21921 3367.52
4.22021 3367.41
4.22121 3367.31
4.22221 3367.2
4.22321 3367.09
4.22421 3366.99
4.22521 3366.88
4.22621 3366.77
4.22721 3366.67
4.22821 3366.56
4.22921 3366.45
4.23021 3366.35
4.23121 3366.24
4.23221 3366.13
4.23321 3366.03
4.23421 3365.92
4.23521 3365.81
4.23621 3365.71
4.23721 3365.6
4.23821 3365.49
4.23921 3365.39
4.24021 3365.28
4.24121 3365.17
4.24221 3365.07
4.24321 3364.96
4.24421 3364.85
4.24521 3364.75
4.24621 3364.64
4.24721 3364.53
4.24821 3364.43
4.24921 3364.32
4.25021 3364.21
4.25121 3364.11
4.25221 3364
4.25321 3363.89
4.25421 3363.79
4.25521 3363.68
4.25621 3363.57
4.25721 3363.47
4.25821 3363.36
4.25921 3363.25
4.26021 3363.15
4.26121 3363.04
4.26221 3362.93
4.26321 3362.83
4.26421 3362.72
4.26521 3362.61
4.26621 3362.51
4.26721 3362.4
4.26821 3362.3
4.26921 3362.19
4.27021 3362.08
4.27121 3361.98
4.27221 3361.87
4.27321 3361.76
4.27421 3361.66
4.27521 3361.55
4.27621 3361.44
4.27721 3361.34
4.27821 3361.23
4.27921 3361.12
4.28021 3361.02
4.28121 3360.91
4.28221 3360.8
4.28321 3360.7
4.28421 3360.59
4.28521 3360.49
4.28621 3360.38
4.28721 3360.27
4.28821 3360.17
4.28921 3360.06
4.29021 3359.95
4.29121 3359.85
4.29221 3359.74
4.29321 3359.63
4.29421 3359.53
4.29521 3359.42
4.29621 3359.31
4.29721 3359.21
4.29821 3359.1
4.29921 3359
4.30021 3358.89
4.30121 3358.78
4.30221 3358.68
4.30321 3358.57
4.30421 3358.46
4.30521 3358.36
4.30621 3358.25
4.30721 3358.14
4.30821 3358.04
4.30921 3357.93
4.31021 3357.83
4.31121 3357.72
4.31221 3357.61
4.31321 3357.51
4.31421 3357.4
4.31521 3357.29
4.31621 3357.19
4.31721 3357.08
4.31821 3356.97
4.31921 3356.87
4.32021 3356.76
4.32121 3356.66
4.32221 3356.55
4.32321 3356.44
4.32421 3356.34
4.32521 3356.23
4.32621 3356.12
4.32721 3356.02
4.32821 3355.91
4.32921 3355.81
4.33021 3355.7
4.33121 3355.59
4.33221 3355.49
4.33321 3355.38
4.33421 3355.27
4.33521 3355.17
4.33621 3355.06
4.33721 3354.96
4.33821 3354.85
4.33921 3354.74
4.34021 3354.64
4.34121 3354.53
4.34221 3354.42
4.34321 3354.32
4.34421 3354.21
4.34521 3354.11
4.34621 3354
4.34721 3353.89
4.34821 3353.79
4.34921 3353.68
4.35021 3353.58
4.35121 3353.47
4.35221 3353.36
4.35321 3353.26
4.35421 3353.15
4.35521 3353.04
4.35621 3352.94
4.35721 3352.83
4.35821 3352.73
4.35921 3352.62
4.36021 3352.51
4.36121 3352.41
4.36221 3352.3
4.36321 3352.2
4.36421 3352.09
4.36521 3351.98
4.36621 3351.88
4.36721 3351.77
4.36821 3351.67
4.36921 3351.56
4.37021 3351.45
4.37121 3351.35
4.37221 3351.24
4.37321 3351.13
4.37421 3351.03
4.37521 3350.92
4.37621 3350.82
4.37721 3350.71
4.37821 3350.6
4.37921 3350.5
4.38021 3350.39
4.38121 3350.29
4.38221 3350.18
4.38321 3350.07
4.38421 3349.97
4.38521 3349.86
4.38621 3349.76
4.38721 3349.65
4.38821 3349.54
4.38921 3349.44
4.39021 3349.33
4.39121 3349.23
4.39221 3349.12
4.39321 3349.01
4.39421 3348.91
4.39521 3348.8
4.39621 3348.7
4.39721 3348.59
4.39821 3348.48
4.39921 3348.38
4.40021 3348.27
4.40121 3348.17
4.40221 3348.06
4.40321 3347.95
4.40421 3347.85
4.40521 3347.74
4.40621 3347.64
4.40721 3347.53
4.40821 3347.42
4.40921 3347.32
4.41021 3347.21
4.41121 3347.11
4.41221 3347
4.41321 3346.9
4.41421 3346.79
4.41521 3346.68
4.41621 3346.58
4.41721 3346.47
4.41821 3346.37
4.41921 3346.26
4.42021 3346.15
4.42121 3346.05
4.42221 3345.94
4.42321 3345.84
4.42421 3345.73
4.42521 3345.62
4.42621 3345.52
4.42721 3345.41
4.42821 3345.31
4.42921 3345.2
4.43021 3345.1
4.43121 3344.99
4.43221 3344.88
4.43321 3344.78
4.43421 3344.67
4.43521 3344.57
4.43621 3344.46
4.43721 3344.35
4.43821 3344.25
4.43921 3344.14
4.44021 3344.04
4.44121 3343.93
4.44221 3343.83
4.44321 3343.72
4.44421 3343.61
4.44521 3343.51
4.44621 3343.4
4.44721 3343.3
4.44821 3343.19
4.44921 3343.09
4.45021 3342.98
4.45121 3342.87
4.45221 3342.77
4.45321 3342.66
4.45421 3342.56
4.45521 3342.45
4.45621 3342.35
4.45721 3342.24
4.45821 3342.13
4.45921 3342.03
4.46021 3341.92
4.46121 3341.82
4.46221 3341.71
4.46321 3341.61
4.46421 3341.5
4.46521 3341.39
4.46621 3341.29
4.46721 3341.18
4.46821 3341.08
4.46921 3340.97
4.47021 3340.87
4.47121 3340.76
4.47221 3340.65
4.47321 3340.55
4.47421 3340.44
4.47521 3340.34
4.47621 3340.23
4.47721 3340.13
4.47821 3340.02
4.47921 3339.91
4.48021 3339.81
4.48121 3339.7
4.48221 3339.6
4.48321 3339.49
4.48421 3339.39
4.48521 3339.28
4.48621 3339.18
4.48721 3339.07
4.48821 3338.96
4.48921 3338.86
4.49021 3338.75
4.49121 3338.65
4.49221 3338.54
4.49321 3338.44
4.49421 3338.33
4.49521 3338.23
4.49621 3338.12
4.49721 3338.01
4.49821 3337.91
4.49921 3337.8
4.50021 3337.7
4.50121 3337.59
4.50221 3337.49
4.50321 3337.38
4.50421 3337.28
4.50521 3337.17
4.50621 3337.06
4.50721 3336.96
4.50821 3336.85
4.50921 3336.75
4.51021 3336.64
4.51121 3336.54
4.51221 3336.43
4.51321 3336.33
4.51421 3336.22
4.51521 3336.11
4.51621 3336.01
4.51721 3335.9
4.51821 3335.8
4.51921 3335.69
4.52021 3335.59
4.52121 3335.48
4.52221 3335.38
4.52321 3335.27
4.52421 3335.17
4.52521 3335.06
4.52621 3334.95
4.52721 3334.85
4.52821 3334.74
4.52921 3334.64
4.53021 3334.53
4.53121 3334.43
4.53221 3334.32
4.53321 3334.22
4.53421 3334.11
4.53521 3334.01
4.53621 3333.9
4.53721 3333.8
4.53821 3333.69
4.53921 3333.58
4.54021 3333.48
4.54121 3333.37
4.54221 3333.27
4.54321 3333.16
4.54421 3333.06
4.54521 3332.95
4.54621 3332.85
4.54721 3332.74
4.54821 3332.64
4.54921 3332.53
4.55021 3332.43
4.55121 3332.32
4.55221 3332.21
4.55321 3332.11
4.55421 3332
4.55521 3331.9
4.55621 3331.79
4.55721 3331.69
4.55821 3331.58
4.55921 3331.48
4.56021 3331.37
4.56121 3331.27
4.56221 3331.16
4.56321 3331.06
4.56421 3330.95
4.56521 3330.85
4.56621 3330.74
4.56721 3330.64
4.56821 3330.53
4.56921 3330.43
4.57021 3330.32
4.57121 3330.21
4.57221 3330.11
4.57321 3330
4.57421 3329.9
4.57521 3329.79
4.57621 3329.69
4.57721 3329.58
4.57821 3329.48
4.57921 3329.37
4.58021 3329.27
4.58121 3329.16
4.58221 3329.06
4.58321 3328.95
4.58421 3328.85
4.58521 3328.74
4.58621 3328.64
4.58721 3328.53
4.58821 3328.43
4.58921 3328.32
4.59021 3328.22
4.59121 3328.11
4.59221 3328.01
4.59321 3327.9
4.59421 3327.8
4.59521 3327.69
4.59621 3327.58
4.59721 3327.48
4.59821 3327.37
4.59921 3327.27
4.60021 3327.16
4.60121 3327.06
4.60221 3326.95
4.60321 3326.85
4.60421 3326.74
4.60521 3326.64
4.60621 3326.53
4.60721 3326.43
4.60821 3326.32
4.60921 3326.22
4.61021 3326.11
4.61121 3326.01
4.61221 3325.9
4.61321 3325.8
4.61421 3325.69
4.61521 3325.59
4.61621 3325.48
4.61721 3325.38
4.61821 3325.27
4.61921 3325.17
4.62021 3325.06
4.62121 3324.96
4.62221 3324.85
4.62321 3324.75
4.62421 3324.64
4.62521 3324.54
4.62621 3324.43
4.62721 3324.33
4.62821 3324.22
4.62921 3324.12
4.63021 3324.01
4.63121 3323.91
4.63221 3323.8
4.63321 3323.7
4.63421 3323.59
4.63521 3323.49
4.63621 3323.38
4.63721 3323.28
4.63821 3323.17
4.63921 3323.07
4.64021 3322.96
4.64121 3322.86
4.64221 3322.75
4.64321 3322.65
4.64421 3322.54
4.64521 3322.44
4.64621 3322.33
4.64721 3322.23
4.64821 3322.12
4.64921 3322.02
4.65021 3321.91
4.65121 3321.81
4.65221 3321.7
4.65321 3321.6
4.65421 3321.49
4.65521 3321.39
4.65621 3321.28
4.65721 3321.18
4.65821 3321.07
4.65921 3320.97
4.66021 3320.86
4.66121 3320.76
4.66221 3320.65
4.66321 3320.55
4.66421 3320.44
4.66521 3320.34
4.66621 3320.24
4.66721 3320.13
4.66821 3320.03
4.66921 3319.92
4.67021 3319.82
4.67121 3319.71
4.67221 3319.61
4.67321 3319.5
4.67421 3319.4
4.67521 3319.29
4.67621 3319.19
4.67721 3319.08
4.67821 3318.98
4.67921 3318.87
4.68021 3318.77
4.68121 3318.66
4.68221 3318.56
4.68321 3318.45
4.68421 3318.35
4.68521 3318.24
4.68621 3318.14
4.68721 3318.03
4.68821 3317.93
4.68921 3317.82
4.69021 3317.72
4.69121 3317.62
4.69221 3317.51
4.69321 3317.41
4.69421 3317.3
4.69521 3317.2
4.69621 3317.09
4.69721 3316.99
4.69821 3316.88
4.69921 3316.78
4.70021 3316.67
4.70121 3316.57
4.70221 3316.46
4.70321 3316.36
4.70421 3316.25
4.70521 3316.15
4.70621 3316.04
4.70721 3315.94
4.70821 3315.84
4.70921 3315.73
4.71021 3315.63
4.71121 3315.52
4.71221 3315.42
4.71321 3315.31
4.71421 3315.21
4.71521 3315.1
4.71621 3315
4.71721 3314.89
4.71821 3314.79
4.71921 3314.68
4.72021 3314.58
4.72121 3314.47
4.72221 3314.37
4.72321 3314.27
4.72421 3314.16
4.72521 3314.06
4.72621 3313.95
4.72721 3313.85
4.72821 3313.74
4.72921 3313.64
4.73021 3313.53
4.73121 3313.43
4.73221 3313.32
4.73321 3313.22
4.73421 3313.11
4.73521 3313.01
4.73621 3312.91
4.73721 3312.8
4.73821 3312.7
4.73921 3312.59
4.74021 3312.49
4.74121 3312.38
4.74221 3312.28
4.74321 3312.17
4.74421 3312.07
4.74521 3311.96
4.74621 3311.86
4.74721 3311.76
4.74821 3311.65
4.74921 3311.55
4.75021 3311.44
4.75121 3311.34
4.75221 3311.23
4.75321 3311.13
4.75421 3311.02
4.75521 3310.92
4.75621 3310.82
4.75721 3310.71
4.75821 3310.61
4.75921 3310.5
4.76021 3310.4
4.76121 3310.29
4.76221 3310.19
4.76321 3310.08
4.76421 3309.98
4.76521 3309.88
4.76621 3309.77
4.76721 3309.67
4.76821 3309.56
4.76921 3309.46
4.77021 3309.35
4.77121 3309.25
4.77221 3309.14
4.77321 3309.04
4.77421 3308.94
4.77521 3308.83
4.77621 3308.73
4.77721 3308.62
4.77821 3308.52
4.77921 3308.41
4.78021 3308.31
4.78121 3308.2
4.78221 3308.1
4.78321 3308
4.78421 3307.89
4.78521 3307.79
4.78621 3307.68
4.78721 3307.58
4.78821 3307.47
4.78921 3307.37
4.79021 3307.27
4.79121 3307.16
4.79221 3307.06
4.79321 3306.95
4.79421 3306.85
4.79521 3306.74
4.79621 3306.64
4.79721 3306.54
4.79821 3306.43
4.79921 3306.33
4.80021 3306.22
4.80121 3306.12
4.80221 3306.01
4.80321 3305.91
4.80421 3305.81
4.80521 3305.7
4.80621 3305.6
4.80721 3305.49
4.80821 3305.39
4.80921 3305.28
4.81021 3305.18
4.81121 3305.08
4.81221 3304.97
4.81321 3304.87
4.81421 3304.76
4.81521 3304.66
4.81621 3304.55
4.81721 3304.45
4.81821 3304.35
4.81921 3304.24
4.82021 3304.14
4.82121 3304.03
4.82221 3303.93
4.82321 3303.82
4.82421 3303.72
4.82521 3303.62
4.82621 3303.51
4.82721 3303.41
4.82821 3303.3
4.82921 3303.2
4.83021 3303.1
4.83121 3302.99
4.83221 3302.89
4.83321 3302.78
4.83421 3302.68
4.83521 3302.57
4.83621 3302.47
4.83721 3302.37
4.83821 3302.26
4.83921 3302.16
4.84021 3302.05
4.84121 3301.95
4.84221 3301.85
4.84321 3301.74
4.84421 3301.64
4.84521 3301.53
4.84621 3301.43
4.84721 3301.32
4.84821 3301.22
4.84921 3301.12
4.85021 3301.01
4.85121 3300.91
4.85221 3300.8
4.85321 3300.7
4.85421 3300.6
4.85521 3300.49
4.85621 3300.39
4.85721 3300.28
4.85821 3300.18
4.85921 3300.08
4.86021 3299.97
4.86121 3299.87
4.86221 3299.76
4.86321 3299.66
4.86421 3299.56
4.86521 3299.45
4.86621 3299.35
4.86721 3299.24
4.86821 3299.14
4.86921 3299.04
4.87021 3298.93
4.87121 3298.83
4.87221 3298.72
4.87321 3298.62
4.87421 3298.52
4.87521 3298.41
4.87621 3298.31
4.87721 3298.2
4.87821 3298.1
4.87921 3298
4.88021 3297.89
4.88121 3297.79
4.88221 3297.68
4.88321 3297.58
4.88421 3297.48
4.88521 3297.37
4.88621 3297.27
4.88721 3297.16
4.88821 3297.06
4.88921 3296.96
4.89021 3296.85
4.89121 3296.75
4.89221 3296.64
4.89321 3296.54
4.89421 3296.44
4.89521 3296.33
4.89621 3296.23
4.89721 3296.13
4.89821 3296.02
4.89921 3295.92
4.90021 3295.81
4.90121 3295.71
4.90221 3295.61
4.90321 3295.5
4.90421 3295.4
4.90521 3295.29
4.90621 3295.19
4.90721 3295.09
4.90821 3294.98
4.90921 3294.88
4.91021 3294.77
4.91121 3294.67
4.91221 3294.57
4.91321 3294.46
4.91421 3294.36
4.91521 3294.26
4.91621 3294.15
4.91721 3294.05
4.91821 3293.94
4.91921 3293.84
4.92021 3293.74
4.92121 3293.63
4.92221 3293.53
4.92321 3293.43
4.92421 3293.32
4.92521 3293.22
4.92621 3293.11
4.92721 3293.01
4.92821 3292.91
4.92921 3292.8
4.93021 3292.7
4.93121 3292.59
4.93221 3292.49
4.93321 3292.39
4.93421 3292.28
4.93521 3292.18
4.93621 3292.08
4.93721 3291.97
4.93821 3291.87
4.93921 3291.76
4.94021 3291.66
4.94121 3291.56
4.94221 3291.45
4.94321 3291.35
4.94421 3291.25
4.94521 3291.14
4.94621 3291.04
4.94721 3290.94
4.94821 3290.83
4.94921 3290.73
4.95021 3290.62
4.95121 3290.52
4.95221 3290.42
4.95321 3290.31
4.95421 3290.21
4.95521 3290.11
4.95621 3290
4.95721 3289.9
4.95821 3289.79
4.95921 3289.69
4.96021 3289.59
4.96121 3289.48
4.96221 3289.38
4.96321 3289.28
4.96421 3289.17
4.96521 3289.07
4.96621 3288.97
4.96721 3288.86
4.96821 3288.76
4.96921 3288.66
4.97021 3288.55
4.97121 3288.45
4.97221 3288.34
4.97321 3288.24
4.97421 3288.14
4.97521 3288.03
4.97621 3287.93
4.97721 3287.83
4.97821 3287.72
4.97921 3287.62
4.98021 3287.52
4.98121 3287.41
4.98221 3287.31
4.98321 3287.21
4.98421 3287.1
4.98521 3287
4.98621 3286.89
4.98721 3286.79
4.98821 3286.69
4.98921 3286.58
4.99021 3286.48
4.99121 3286.38
4.99221 3286.27
4.99321 3286.17
4.99421 3286.07
4.99521 3285.96
4.99621 3285.86
4.99721 3285.76
4.99821 3285.65
4.99921 3285.55
5.00021 3285.45
5.00121 3285.34
5.00221 3285.24
5.00321 3285.14
5.00421 3285.03
5.00521 3284.93
5.00621 3284.82
5.00721 3284.72
5.00821 3284.62
5.00921 3284.51
5.01021 3284.41
5.01121 3284.31
5.01221 3284.2
5.01321 3284.1
5.01421 3284
5.01521 3283.89
5.01621 3283.79
5.01721 3283.69
5.01821 3283.58
5.01921 3283.48
5.02021 3283.38
5.02121 3283.27
5.02221 3283.17
5.02321 3283.07
5.02421 3282.96
5.02521 3282.86
5.02621 3282.76
5.02721 3282.65
5.02821 3282.55
5.02921 3282.45
5.03021 3282.34
5.03121 3282.24
5.03221 3282.14
5.03321 3282.03
5.03421 3281.93
5.03521 3281.83
5.03621 3281.72
5.03721 3281.62
5.03821 3281.52
5.03921 3281.41
5.04021 3281.31
5.04121 3281.21
5.04221 3281.1
5.04321 3281
5.04421 3280.9
5.04521 3280.79
5.04621 3280.69
5.04721 3280.59
5.04821 3280.48
5.04921 3280.38
5.05021 3280.28
5.05121 3280.17
5.05221 3280.07
5.05321 3279.97
5.05421 3279.86
5.05521 3279.76
5.05621 3279.66
5.05721 3279.55
5.05821 3279.45
5.05921 3279.35
5.06021 3279.24
5.06121 3279.14
5.06221 3279.04
5.06321 3278.93
5.06421 3278.83
5.06521 3278.73
5.06621 3278.63
5.06721 3278.52
5.06821 3278.42
5.06921 3278.32
5.07021 3278.21
5.07121 3278.11
5.07221 3278.01
5.07321 3277.9
5.07421 3277.8
5.07521 3277.7
5.07621 3277.59
5.07721 3277.49
5.07821 3277.39
5.07921 3277.28
5.08021 3277.18
5.08121 3277.08
5.08221 3276.97
5.08321 3276.87
5.08421 3276.77
5.08521 3276.66
5.08621 3276.56
5.08721 3276.46
5.08821 3276.36
5.08921 3276.25
5.09021 3276.15
5.09121 3276.05
5.09221 3275.94
5.09321 3275.84
5.09421 3275.74
5.09521 3275.63
5.09621 3275.53
5.09721 3275.43
5.09821 3275.32
5.09921 3275.22
5.10021 3275.12
5.10121 3275.02
5.10221 3274.91
5.10321 3274.81
5.10421 3274.71
5.10521 3274.6
5.10621 3274.5
5.10721 3274.4
5.10821 3274.29
5.10921 3274.19
5.11021 3274.09
5.11121 3273.98
5.11221 3273.88
5.11321 3273.78
5.11421 3273.68
5.11521 3273.57
5.11621 3273.47
5.11721 3273.37
5.11821 3273.26
5.11921 3273.16
5.12021 3273.06
5.12121 3272.95
5.12221 3272.85
5.12321 3272.75
5.12421 3272.65
5.12521 3272.54
5.12621 3272.44
5.12721 3272.34
5.12821 3272.23
5.12921 3272.13
5.13021 3272.03
5.13121 3271.93
5.13221 3271.82
5.13321 3271.72
5.13421 3271.62
5.13521 3271.51
5.13621 3271.41
5.13721 3271.31
5.13821 3271.2
5.13921 3271.1
5.14021 3271
5.14121 3270.9
5.14221 3270.79
5.14321 3270.69
5.14421 3270.59
5.14521 3270.48
5.14621 3270.38
5.14721 3270.28
5.14821 3270.18
5.14921 3270.07
5.15021 3269.97
5.15121 3269.87
5.15221 3269.76
5.15321 3269.66
5.15421 3269.56
5.15521 3269.46
5.15621 3269.35
5.15721 3269.25
5.15821 3269.15
5.15921 3269.04
5.16021 3268.94
5.16121 3268.84
5.16221 3268.74
5.16321 3268.63
5.16421 3268.53
5.16521 3268.43
5.16621 3268.32
5.16721 3268.22
5.16821 3268.12
5.16921 3268.02
5.17021 3267.91
5.17121 3267.81
5.17221 3267.71
5.17321 3267.61
5.17421 3267.5
5.17521 3267.4
5.17621 3267.3
5.17721 3267.19
5.17821 3267.09
5.17921 3266.99
5.18021 3266.89
5.18121 3266.78
5.18221 3266.68
5.18321 3266.58
5.18421 3266.48
5.18521 3266.37
5.18621 3266.27
5.18721 3266.17
5.18821 3266.06
5.18921 3265.96
5.19021 3265.86
5.19121 3265.76
5.19221 3265.65
5.19321 3265.55
5.19421 3265.45
5.19521 3265.35
5.19621 3265.24
5.19721 3265.14
5.19821 3265.04
5.19921 3264.93
5.20021 3264.83
5.20121 3264.73
5.20221 3264.63
5.20321 3264.52
5.20421 3264.42
5.20521 3264.32
5.20621 3264.22
5.20721 3264.11
5.20821 3264.01
5.20921 3263.91
5.21021 3263.81
5.21121 3263.7
5.21221 3263.6
5.21321 3263.5
5.21421 3263.4
5.21521 3263.29
5.21621 3263.19
5.21721 3263.09
5.21821 3262.98
5.21921 3262.88
5.22021 3262.78
5.22121 3262.68
5.22221 3262.57
5.22321 3262.47
5.22421 3262.37
5.22521 3262.27
5.22621 3262.16
5.22721 3262.06
5.22821 3261.96
5.22921 3261.86
5.23021 3261.75
5.23121 3261.65
5.23221 3261.55
5.23321 3261.45
5.23421 3261.34
5.23521 3261.24
5.23621 3261.14
5.23721 3261.04
5.23821 3260.93
5.23921 3260.83
5.24021 3260.73
5.24121 3260.63
5.24221 3260.52
5.24321 3260.42
5.24421 3260.32
5.24521 3260.22
5.24621 3260.11
5.24721 3260.01
5.24821 3259.91
5.24921 3259.81
5.25021 3259.7
5.25121 3259.6
5.25221 3259.5
5.25321 3259.4
5.25421 3259.29
5.25521 3259.19
5.25621 3259.09
5.25721 3258.99
5.25821 3258.88
5.25921 3258.78
5.26021 3258.68
5.26121 3258.58
5.26221 3258.48
5.26321 3258.37
5.26421 3258.27
5.26521 3258.17
5.26621 3258.07
5.26721 3257.96
5.26821 3257.86
5.26921 3257.76
5.27021 3257.66
5.27121 3257.55
5.27221 3257.45
5.27321 3257.35
5.27421 3257.25
5.27521 3257.14
5.27621 3257.04
5.27721 3256.94
5.27821 3256.84
5.27921 3256.73
5.28021 3256.63
5.28121 3256.53
5.28221 3256.43
5.28321 3256.33
5.28421 3256.22
5.28521 3256.12
5.28621 3256.02
5.28721 3255.92
5.28821 3255.81
5.28921 3255.71
5.29021 3255.61
5.29121 3255.51
5.29221 3255.4
5.29321 3255.3
5.29421 3255.2
5.29521 3255.1
5.29621 3255
5.29721 3254.89
5.29821 3254.79
5.29921 3254.69
5.30021 3254.59
5.30121 3254.48
5.30221 3254.38
5.30321 3254.28
5.30421 3254.18
5.30521 3254.08
5.30621 3253.97
5.30721 3253.87
5.30821 3253.77
5.30921 3253.67
5.31021 3253.56
5.31121 3253.46
5.31221 3253.36
5.31321 3253.26
5.31421 3253.16
5.31521 3253.05
5.31621 3252.95
5.31721 3252.85
5.31821 3252.75
5.31921 3252.64
5.32021 3252.54
5.32121 3252.44
5.32221 3252.34
5.32321 3252.24
5.32421 3252.13
5.32521 3252.03
5.32621 3251.93
5.32721 3251.83
5.32821 3251.72
5.32921 3251.62
5.33021 3251.52
5.33121 3251.42
5.33221 3251.32
5.33321 3251.21
5.33421 3251.11
5.33521 3251.01
5.33621 3250.91
5.33721 3250.81
5.33821 3250.7
5.33921 3250.6
5.34021 3250.5
5.34121 3250.4
5.34221 3250.3
5.34321 3250.19
5.34421 3250.09
5.34521 3249.99
5.34621 3249.89
5.34721 3249.79
5.34821 3249.68
5.34921 3249.58
5.35021 3249.48
5.35121 3249.38
5.35221 3249.27
5.35321 3249.17
5.35421 3249.07
5.35521 3248.97
5.35621 3248.87
5.35721 3248.76
5.35821 3248.66
5.35921 3248.56
5.36021 3248.46
5.36121 3248.36
5.36221 3248.25
5.36321 3248.15
5.36421 3248.05
5.36521 3247.95
5.36621 3247.85
5.36721 3247.74
5.36821 3247.64
5.36921 3247.54
5.37021 3247.44
5.37121 3247.34
5.37221 3247.23
5.37321 3247.13
5.37421 3247.03
5.37521 3246.93
5.37621 3246.83
5.37721 3246.72
5.37821 3246.62
5.37921 3246.52
5.38021 3246.42
5.38121 3246.32
5.38221 3246.22
5.38321 3246.11
5.38421 3246.01
5.38521 3245.91
5.38621 3245.81
5.38721 3245.71
5.38821 3245.6
5.38921 3245.5
5.39021 3245.4
5.39121 3245.3
5.39221 3245.2
5.39321 3245.09
5.39421 3244.99
5.39521 3244.89
5.39621 3244.79
5.39721 3244.69
5.39821 3244.59
5.39921 3244.48
5.40021 3244.38
5.40121 3244.28
5.40221 3244.18
5.40321 3244.08
5.40421 3243.97
5.40521 3243.87
5.40621 3243.77
5.40721 3243.67
5.40821 3243.57
5.40921 3243.46
5.41021 3243.36
5.41121 3243.26
5.41221 3243.16
5.41321 3243.06
5.41421 3242.96
5.41521 3242.85
5.41621 3242.75
5.41721 3242.65
5.41821 3242.55
5.41921 3242.45
5.42021 3242.35
5.42121 3242.24
5.42221 3242.14
5.42321 3242.04
5.42421 3241.94
5.42521 3241.84
5.42621 3241.73
5.42721 3241.63
5.42821 3241.53
5.42921 3241.43
5.43021 3241.33
5.43121 3241.23
5.43221 3241.12
5.43321 3241.02
5.43421 3240.92
5.43521 3240.82
5.43621 3240.72
5.43721 3240.62
5.43821 3240.51
5.43921 3240.41
5.44021 3240.31
5.44121 3240.21
5.44221 3240.11
5.44321 3240.01
5.44421 3239.9
5.44521 3239.8
5.44621 3239.7
5.44721 3239.6
5.44821 3239.5
5.44921 3239.4
5.45021 3239.29
5.45121 3239.19
5.45221 3239.09
5.45321 3238.99
5.45421 3238.89
5.45521 3238.79
5.45621 3238.68
5.45721 3238.58
5.45821 3238.48
5.45921 3238.38
5.46021 3238.28
5.46121 3238.18
5.46221 3238.07
5.46321 3237.97
5.46421 3237.87
5.46521 3237.77
5.46621 3237.67
5.46721 3237.57
5.46821 3237.46
5.46921 3237.36
5.47021 3237.26
5.47121 3237.16
5.47221 3237.06
5.47321 3236.96
5.47421 3236.86
5.47521 3236.75
5.47621 3236.65
5.47721 3236.55
5.47821 3236.45
5.47921 3236.35
5.48021 3236.25
5.48121 3236.14
5.48221 3236.04
5.48321 3235.94
5.48421 3235.84
5.48521 3235.74
5.48621 3235.64
5.48721 3235.54
5.48821 3235.43
5.48921 3235.33
5.49021 3235.23
5.49121 3235.13
5.49221 3235.03
5.49321 3234.93
5.49421 3234.83
5.49521 3234.72
5.49621 3234.62
5.49721 3234.52
5.49821 3234.42
5.49921 3234.32
5.50021 3234.22
5.50121 3234.11
5.50221 3234.01
5.50321 3233.91
5.50421 3233.81
5.50521 3233.71
5.50621 3233.61
5.50721 3233.51
5.50821 3233.4
5.50921 3233.3
5.51021 3233.2
5.51121 3233.1
5.51221 3233
5.51321 3232.9
5.51421 3232.8
5.51521 3232.7
5.51621 3232.59
5.51721 3232.49
5.51821 3232.39
5.51921 3232.29
5.52021 3232.19
5.52121 3232.09
5.52221 3231.99
5.52321 3231.88
5.52421 3231.78
5.52521 3231.68
5.52621 3231.58
5.52721 3231.48
5.52821 3231.38
5.52921 3231.28
5.53021 3231.17
5.53121 3231.07
5.53221 3230.97
5.53321 3230.87
5.53421 3230.77
5.53521 3230.67
5.53621 3230.57
5.53721 3230.47
5.53821 3230.36
5.53921 3230.26
5.54021 3230.16
5.54121 3230.06
5.54221 3229.96
5.54321 3229.86
5.54421 3229.76
5.54521 3229.66
5.54621 3229.55
5.54721 3229.45
5.54821 3229.35
5.54921 3229.25
5.55021 3229.15
5.55121 3229.05
5.55221 3228.95
5.55321 3228.85
5.55421 3228.74
5.55521 3228.64
5.55621 3228.54
5.55721 3228.44
5.55821 3228.34
5.55921 3228.24
5.56021 3228.14
5.56121 3228.04
5.56221 3227.93
5.56321 3227.83
5.56421 3227.73
5.56521 3227.63
5.56621 3227.53
5.56721 3227.43
5.56821 3227.33
5.56921 3227.23
5.57021 3227.12
5.57121 3227.02
5.57221 3226.92
5.57321 3226.82
5.57421 3226.72
5.57521 3226.62
5.57621 3226.52
5.57721 3226.42
5.57821 3226.32
5.57921 3226.21
5.58021 3226.11
5.58121 3226.01
5.58221 3225.91
5.58321 3225.81
5.58421 3225.71
5.58521 3225.61
5.58621 3225.51
5.58721 3225.41
5.58821 3225.3
5.58921 3225.2
5.59021 3225.1
5.59121 3225
5.59221 3224.9
5.59321 3224.8
5.59421 3224.7
5.59521 3224.6
5.59621 3224.5
5.59721 3224.39
5.59821 3224.29
5.59921 3224.19
5.60021 3224.09
5.60121 3223.99
5.60221 3223.89
5.60321 3223.79
5.60421 3223.69
5.60521 3223.59
5.60621 3223.49
5.60721 3223.38
5.60821 3223.28
5.60921 3223.18
5.61021 3223.08
5.61121 3222.98
5.61221 3222.88
5.61321 3222.78
5.61421 3222.68
5.61521 3222.58
5.61621 3222.48
5.61721 3222.37
5.61821 3222.27
5.61921 3222.17
5.62021 3222.07
5.62121 3221.97
5.62221 3221.87
5.62321 3221.77
5.62421 3221.67
5.62521 3221.57
5.62621 3221.47
5.62721 3221.36
5.62821 3221.26
5.62921 3221.16
5.63021 3221.06
5.63121 3220.96
5.63221 3220.86
5.63321 3220.76
5.63421 3220.66
5.63521 3220.56
5.63621 3220.46
5.63721 3220.36
5.63821 3220.25
5.63921 3220.15
5.64021 3220.05
5.64121 3219.95
5.64221 3219.85
5.64321 3219.75
5.64421 3219.65
5.64521 3219.55
5.64621 3219.45
5.64721 3219.35
5.64821 3219.25
5.64921 3219.15
5.65021 3219.04
5.65121 3218.94
5.65221 3218.84
5.65321 3218.74
5.65421 3218.64
5.65521 3218.54
5.65621 3218.44
5.65721 3218.34
5.65821 3218.24
5.65921 3218.14
5.66021 3218.04
5.66121 3217.94
5.66221 3217.83
5.66321 3217.73
5.66421 3217.63
5.66521 3217.53
5.66621 3217.43
5.66721 3217.33
5.66821 3217.23
5.66921 3217.13
5.67021 3217.03
5.67121 3216.93
5.67221 3216.83
5.67321 3216.73
5.67421 3216.63
5.67521 3216.52
5.67621 3216.42
5.67721 3216.32
5.67821 3216.22
5.67921 3216.12
5.68021 3216.02
5.68121 3215.92
5.68221 3215.82
5.68321 3215.72
5.68421 3215.62
5.68521 3215.52
5.68621 3215.42
5.68721 3215.32
5.68821 3215.21
5.68921 3215.11
5.69021 3215.01
5.69121 3214.91
5.69221 3214.81
5.69321 3214.71
5.69421 3214.61
5.69521 3214.51
5.69621 3214.41
5.69721 3214.31
5.69821 3214.21
5.69921 3214.11
5.70021 3214.01
5.70121 3213.91
5.70221 3213.81
5.70321 3213.7
5.70421 3213.6
5.70521 3213.5
5.70621 3213.4
5.70721 3213.3
5.70821 3213.2
5.70921 3213.1
5.71021 3213
5.71121 3212.9
5.71221 3212.8
5.71321 3212.7
5.71421 3212.6
5.71521 3212.5
5.71621 3212.4
5.71721 3212.3
5.71821 3212.2
5.71921 3212.1
5.72021 3211.99
5.72121 3211.89
5.72221 3211.79
5.72321 3211.69
5.72421 3211.59
5.72521 3211.49
5.72621 3211.39
5.72721 3211.29
5.72821 3211.19
5.72921 3211.09
5.73021 3210.99
5.73121 3210.89
5.73221 3210.79
5.73321 3210.69
5.73421 3210.59
5.73521 3210.49
5.73621 3210.39
5.73721 3210.29
5.73821 3210.19
5.73921 3210.08
5.74021 3209.98
5.74121 3209.88
5.74221 3209.78
5.74321 3209.68
5.74421 3209.58
5.74521 3209.48
5.74621 3209.38
5.74721 3209.28
5.74821 3209.18
5.74921 3209.08
5.75021 3208.98
5.75121 3208.88
5.75221 3208.78
5.75321 3208.68
5.75421 3208.58
5.75521 3208.48
5.75621 3208.38
5.75721 3208.28
5.75821 3208.18
5.75921 3208.08
5.76021 3207.98
5.76121 3207.87
5.76221 3207.77
5.76321 3207.67
5.76421 3207.57
5.76521 3207.47
5.76621 3207.37
5.76721 3207.27
5.76821 3207.17
5.76921 3207.07
5.77021 3206.97
5.77121 3206.87
5.77221 3206.77
5.77321 3206.67
5.77421 3206.57
5.77521 3206.47
5.77621 3206.37
5.77721 3206.27
5.77821 3206.17
5.77921 3206.07
5.78021 3205.97
5.78121 3205.87
5.78221 3205.77
5.78321 3205.67
5.78421 3205.57
5.78521 3205.47
5.78621 3205.37
5.78721 3205.27
5.78821 3205.17
5.78921 3205.06
5.79021 3204.96
5.79121 3204.86
5.79221 3204.76
5.79321 3204.66
5.79421 3204.56
5.79521 3204.46
5.79621 3204.36
5.79721 3204.26
5.79821 3204.16
5.79921 3204.06
5.80021 3203.96
5.80121 3203.86
5.80221 3203.76
5.80321 3203.66
5.80421 3203.56
5.80521 3203.46
5.80621 3203.36
5.80721 3203.26
5.80821 3203.16
5.80921 3203.06
5.81021 3202.96
5.81121 3202.86
5.81221 3202.76
5.81321 3202.66
5.81421 3202.56
5.81521 3202.46
5.81621 3202.36
5.81721 3202.26
5.81821 3202.16
5.81921 3202.06
5.82021 3201.96
5.82121 3201.86
5.82221 3201.76
5.82321 3201.66
5.82421 3201.56
5.82521 3201.46
5.82621 3201.36
5.82721 3201.26
5.82821 3201.16
5.82921 3201.06
5.83021 3200.96
5.83121 3200.86
5.83221 3200.76
5.83321 3200.66
5.83421 3200.56
5.83521 3200.46
5.83621 3200.36
5.83721 3200.26
5.83821 3200.16
5.83921 3200.06
5.84021 3199.95
5.84121 3199.85
5.84221 3199.75
5.84321 3199.65
5.84421 3199.55
5.84521 3199.45
5.84621 3199.35
5.84721 3199.25
5.84821 3199.15
5.84921 3199.05
5.85021 3198.95
5.85121 3198.85
5.85221 3198.75
5.85321 3198.65
5.85421 3198.55
5.85521 3198.45
5.85621 3198.35
5.85721 3198.25
5.85821 3198.15
5.85921 3198.05
5.86021 3197.95
5.86121 3197.85
5.86221 3197.75
5.86321 3197.65
5.86421 3197.55
5.86521 3197.45
5.86621 3197.35
5.86721 3197.25
5.86821 3197.15
5.86921 3197.05
5.87021 3196.95
5.87121 3196.85
5.87221 3196.75
5.87321 3196.65
5.87421 3196.55
5.87521 3196.45
5.87621 3196.35
5.87721 3196.25
5.87821 3196.15
5.87921 3196.05
5.88021 3195.95
5.88121 3195.85
5.88221 3195.75
5.88321 3195.65
5.88421 3195.55
5.88521 3195.45
5.88621 3195.35
5.88721 3195.25
5.88821 3195.16
5.88921 3195.06
5.89021 3194.96
5.89121 3194.86
5.89221 3194.76
5.89321 3194.66
5.89421 3194.56
5.89521 3194.46
5.89621 3194.36
5.89721 3194.26
5.89821 3194.16
5.89921 3194.06
5.90021 3193.96
5.90121 3193.86
5.90221 3193.76
5.90321 3193.66
5.90421 3193.56
5.90521 3193.46
5.90621 3193.36
5.90721 3193.26
5.90821 3193.16
5.90921 3193.06
5.91021 3192.96
5.91121 3192.86
5.91221 3192.76
5.91321 3192.66
5.91421 3192.56
5.91521 3192.46
5.91621 3192.36
5.91721 3192.26
5.91821 3192.16
5.91921 3192.06
5.92021 3191.96
5.92121 3191.86
5.92221 3191.76
5.92321 3191.66
5.92421 3191.56
5.92521 3191.46
5.92621 3191.36
5.92721 3191.26
5.92821 3191.16
5.92921 3191.06
5.93021 3190.96
5.93121 3190.86
5.93221 3190.76
5.93321 3190.66
5.93421 3190.56
5.93521 3190.46
5.93621 3190.36
5.93721 3190.26
5.93821 3190.16
5.93921 3190.07
5.94021 3189.97
5.94121 3189.87
5.94221 3189.77
5.94321 3189.67
5.94421 3189.57
5.94521 3189.47
5.94621 3189.37
5.94721 3189.27
5.94821 3189.17
5.94921 3189.07
5.95021 3188.97
5.95121 3188.87
5.95221 3188.77
5.95321 3188.67
5.95421 3188.57
5.95521 3188.47
5.95621 3188.37
5.95721 3188.27
5.95821 3188.17
5.95921 3188.07
5.96021 3187.97
5.96121 3187.87
5.96221 3187.77
5.96321 3187.67
5.96421 3187.57
5.96521 3187.47
5.96621 3187.37
5.96721 3187.28
5.96821 3187.18
5.96921 3187.08
5.97021 3186.98
5.97121 3186.88
5.97221 3186.78
5.97321 3186.68
5.97421 3186.58
5.97521 3186.48
5.97621 3186.38
5.97721 3186.28
5.97821 3186.18
5.97921 3186.08
5.98021 3185.98
5.98121 3185.88
5.98221 3185.78
5.98321 3185.68
5.98421 3185.58
5.98521 3185.48
5.98621 3185.38
5.98721 3185.28
5.98821 3185.18
5.98921 3185.09
5.99021 3184.99
5.99121 3184.89
5.99221 3184.79
5.99321 3184.69
5.99421 3184.59
5.99521 3184.49
5.99621 3184.39
5.99721 3184.29
5.99821 3184.19
5.99921 3184.09
6.00021 3183.99
6.00121 3184.09
6.00221 3184.2
6.00321 3184.3
6.00421 3184.4
6.00521 3184.5
6.00621 3184.6
6.00721 3184.71
6.00821 3184.81
6.00921 3184.91
6.01021 3185.01
6.01121 3185.12
6.01221 3185.22
6.01321 3185.32
6.01421 3185.42
6.01521 3185.53
6.01621 3185.63
6.01721 3185.73
6.01821 3185.83
6.01921 3185.94
6.02021 3186.04
6.02121 3186.14
6.02221 3186.24
6.02321 3186.34
6.02421 3186.45
6.02521 3186.55
6.02621 3186.65
6.02721 3186.75
6.02821 3186.86
6.02921 3186.96
6.03021 3187.06
6.03121 3187.16
6.03221 3187.27
6.03321 3187.37
6.03421 3187.47
6.03521 3187.57
6.03621 3187.68
6.03721 3187.78
6.03821 3187.88
6.03921 3187.98
6.04021 3188.09
6.04121 3188.19
6.04221 3188.29
6.04321 3188.39
6.04421 3188.5
6.04521 3188.6
6.04621 3188.7
6.04721 3188.8
6.04821 3188.91
6.04921 3189.01
6.05021 3189.11
6.05121 3189.21
6.05221 3189.32
6.05321 3189.42
6.05421 3189.52
6.05521 3189.62
6.05621 3189.73
6.05721 3189.83
6.05821 3189.93
6.05921 3190.03
6.06021 3190.14
6.06121 3190.24
6.06221 3190.34
6.06321 3190.44
6.06421 3190.55
6.06521 3190.65
6.06621 3190.75
6.06721 3190.85
6.06821 3190.96
6.06921 3191.06
6.07021 3191.16
6.07121 3191.27
6.07221 3191.37
6.07321 3191.47
6.07421 3191.57
6.07521 3191.68
6.07621 3191.78
6.07721 3191.88
6.07821 3191.98
6.07921 3192.09
6.08021 3192.19
6.08121 3192.29
6.08221 3192.39
6.08321 3192.5
6.08421 3192.6
6.08521 3192.7
6.08621 3192.8
6.08721 3192.91
6.08821 3193.01
6.08921 3193.11
6.09021 3193.22
6.09121 3193.32
6.09221 3193.42
6.09321 3193.52
6.09421 3193.63
6.09521 3193.73
6.09621 3193.83
6.09721 3193.93
6.09821 3194.04
6.09921 3194.14
6.10021 3194.24
6.10121 3194.35
6.10221 3194.45
6.10321 3194.55
6.10421 3194.65
6.10521 3194.76
6.10621 3194.86
6.10721 3194.96
6.10821 3195.06
6.10921 3195.17
6.11021 3195.27
6.11121 3195.37
6.11221 3195.48
6.11321 3195.58
6.11421 3195.68
6.11521 3195.78
6.11621 3195.89
6.11721 3195.99
6.11821 3196.09
6.11921 3196.2
6.12021 3196.3
6.12121 3196.4
6.12221 3196.5
6.12321 3196.61
6.12421 3196.71
6.12521 3196.81
6.12621 3196.92
6.12721 3197.02
6.12821 3197.12
6.12921 3197.22
6.13021 3197.33
6.13121 3197.43
6.13221 3197.53
6.13321 3197.64
6.13421 3197.74
6.13521 3197.84
6.13621 3197.94
6.13721 3198.05
6.13821 3198.15
6.13921 3198.25
6.14021 3198.36
6.14121 3198.46
6.14221 3198.56
6.14321 3198.66
6.14421 3198.77
6.14521 3198.87
6.14621 3198.97
6.14721 3199.08
6.14821 3199.18
6.14921 3199.28
6.15021 3199.39
6.15121 3199.49
6.15221 3199.59
6.15321 3199.69
6.15421 3199.8
6.15521 3199.9
6.15621 3200
6.15721 3200.11
6.15821 3200.21
6.15921 3200.31
6.16021 3200.41
6.16121 3200.52
6.16221 3200.62
6.16321 3200.72
6.16421 3200.83
6.16521 3200.93
6.16621 3201.03
6.16721 3201.14
6.16821 3201.24
6.16921 3201.34
6.17021 3201.45
6.17121 3201.55
6.17221 3201.65
6.17321 3201.75
6.17421 3201.86
6.17521 3201.96
6.17621 3202.06
6.17721 3202.17
6.17821 3202.27
6.17921 3202.37
6.18021 3202.48
6.18121 3202.58
6.18221 3202.68
6.18321 3202.78
6.18421 3202.89
6.18521 3202.99
6.18621 3203.09
6.18721 3203.2
6.18821 3203.3
6.18921 3203.4
6.19021 3203.51
6.19121 3203.61
6.19221 3203.71
6.19321 3203.82
6.19421 3203.92
6.19521 3204.02
6.19621 3204.13
6.19721 3204.23
6.19821 3204.33
6.19921 3204.44
6.20021 3204.54
6.20121 3204.64
6.20221 3204.74
6.20321 3204.85
6.20421 3204.95
6.20521 3205.05
6.20621 3205.16
6.20721 3205.26
6.20821 3205.36
6.20921 3205.47
6.21021 3205.57
6.21121 3205.67
6.21221 3205.78
6.21321 3205.88
6.21421 3205.98
6.21521 3206.09
6.21621 3206.19
6.21721 3206.29
6.21821 3206.4
6.21921 3206.5
6.22021 3206.6
6.22121 3206.71
6.22221 3206.81
6.22321 3206.91
6.22421 3207.02
6.22521 3207.12
6.22621 3207.22
6.22721 3207.33
6.22821 3207.43
6.22921 3207.53
6.23021 3207.64
6.23121 3207.74
6.23221 3207.84
6.23321 3207.95
6.23421 3208.05
6.23521 3208.15
6.23621 3208.26
6.23721 3208.36
6.23821 3208.46
6.23921 3208.57
6.24021 3208.67
6.24121 3208.77
6.24221 3208.88
6.24321 3208.98
6.24421 3209.08
6.24521 3209.19
6.24621 3209.29
6.24721 3209.39
6.24821 3209.5
6.24921 3209.6
6.25021 3209.7
6.25121 3209.81
6.25221 3209.91
6.25321 3210.01
6.25421 3210.12
6.25521 3210.22
6.25621 3210.32
6.25721 3210.43
6.25821 3210.53
6.25921 3210.63
6.26021 3210.74
6.26121 3210.84
6.26221 3210.94
6.26321 3211.05
6.26421 3211.15
6.26521 3211.25
6.26621 3211.36
6.26721 3211.46
6.26821 3211.56
6.26921 3211.67
6.27021 3211.77
6.27121 3211.87
6.27221 3211.98
6.27321 3212.08
6.27421 3212.18
6.27521 3212.29
6.27621 3212.39
6.27721 3212.5
6.27821 3212.6
6.27921 3212.7
6.28021 3212.81
6.28121 3212.91
6.28221 3213.01
6.28321 3213.12
6.28421 3213.22
6.28521 3213.32
6.28621 3213.43
6.28721 3213.53
6.28821 3213.63
6.28921 3213.74
6.29021 3213.84
6.29121 3213.94
6.29221 3214.05
6.29321 3214.15
6.29421 3214.26
6.29521 3214.36
6.29621 3214.46
6.29721 3214.57
6.29821 3214.67
6.29921 3214.77
6.30021 3214.88
6.30121 3214.98
6.30221 3215.08
6.30321 3215.19
6.30421 3215.29
6.30521 3215.39
6.30621 3215.5
6.30721 3215.6
6.30821 3215.71
6.30921 3215.81
6.31021 3215.91
6.31121 3216.02
6.31221 3216.12
6.31321 3216.22
6.31421 3216.33
6.31521 3216.43
6.31621 3216.54
6.31721 3216.64
6.31821 3216.74
6.31921 3216.85
6.32021 3216.95
6.32121 3217.05
6.32221 3217.16
6.32321 3217.26
6.32421 3217.36
6.32521 3217.47
6.32621 3217.57
6.32721 3217.68
6.32821 3217.78
6.32921 3217.88
6.33021 3217.99
6.33121 3218.09
6.33221 3218.19
6.33321 3218.3
6.33421 3218.4
6.33521 3218.51
6.33621 3218.61
6.33721 3218.71
6.33821 3218.82
6.33921 3218.92
6.34021 3219.02
6.34121 3219.13
6.34221 3219.23
6.34321 3219.34
6.34421 3219.44
6.34521 3219.54
6.34621 3219.65
6.34721 3219.75
6.34821 3219.85
6.34921 3219.96
6.35021 3220.06
6.35121 3220.17
6.35221 3220.27
6.35321 3220.37
6.35421 3220.48
6.35521 3220.58
6.35621 3220.69
6.35721 3220.79
6.35821 3220.89
6.35921 3221
6.36021 3221.1
6.36121 3221.2
6.36221 3221.31
6.36321 3221.41
6.36421 3221.52
6.36521 3221.62
6.36621 3221.72
6.36721 3221.83
6.36821 3221.93
6.36921 3222.04
6.37021 3222.14
6.37121 3222.24
6.37221 3222.35
6.37321 3222.45
6.37421 3222.56
6.37521 3222.66
6.37621 3222.76
6.37721 3222.87
6.37821 3222.97
6.37921 3223.08
6.38021 3223.18
6.38121 3223.28
6.38221 3223.39
6.38321 3223.49
6.38421 3223.6
6.38521 3223.7
6.38621 3223.8
6.38721 3223.91
6.38821 3224.01
6.38921 3224.11
6.39021 3224.22
6.39121 3224.32
6.39221 3224.43
6.39321 3224.53
6.39421 3224.63
6.39521 3224.74
6.39621 3224.84
6.39721 3224.95
6.39821 3225.05
6.39921 3225.16
6.40021 3225.26
6.40121 3225.36
6.40221 3225.47
6.40321 3225.57
6.40421 3225.68
6.40521 3225.78
6.40621 3225.88
6.40721 3225.99
6.40821 3226.09
6.40921 3226.2
6.41021 3226.3
6.41121 3226.4
6.41221 3226.51
6.41321 3226.61
6.41421 3226.72
6.41521 3226.82
6.41621 3226.92
6.41721 3227.03
6.41821 3227.13
6.41921 3227.24
6.42021 3227.34
6.42121 3227.44
6.42221 3227.55
6.42321 3227.65
6.42421 3227.76
6.42521 3227.86
6.42621 3227.97
6.42721 3228.07
6.42821 3228.17
6.42921 3228.28
6.43021 3228.38
6.43121 3228.49
6.43221 3228.59
6.43321 3228.69
6.43421 3228.8
6.43521 3228.9
6.43621 3229.01
6.43721 3229.11
6.43821 3229.22
6.43921 3229.32
6.44021 3229.42
6.44121 3229.53
6.44221 3229.63
6.44321 3229.74
6.44421 3229.84
6.44521 3229.95
6.44621 3230.05
6.44721 3230.15
6.44821 3230.26
6.44921 3230.36
6.45021 3230.47
6.45121 3230.57
6.45221 3230.68
6.45321 3230.78
6.45421 3230.88
6.45521 3230.99
6.45621 3231.09
6.45721 3231.2
6.45821 3231.3
6.45921 3231.41
6.46021 3231.51
6.46121 3231.61
6.46221 3231.72
6.46321 3231.82
6.46421 3231.93
6.46521 3232.03
6.46621 3232.14
6.46721 3232.24
6.46821 3232.34
6.46921 3232.45
6.47021 3232.55
6.47121 3232.66
6.47221 3232.76
6.47321 3232.87
6.47421 3232.97
6.47521 3233.07
6.47621 3233.18
6.47721 3233.28
6.47821 3233.39
6.47921 3233.49
6.48021 3233.6
6.48121 3233.7
6.48221 3233.81
6.48321 3233.91
6.48421 3234.01
6.48521 3234.12
6.48621 3234.22
6.48721 3234.33
6.48821 3234.43
6.48921 3234.54
6.49021 3234.64
6.49121 3234.74
6.49221 3234.85
6.49321 3234.95
6.49421 3235.06
6.49521 3235.16
6.49621 3235.27
6.49721 3235.37
6.49821 3235.48
6.49921 3235.58
6.50021 3235.69
6.50121 3235.79
6.50221 3235.89
6.50321 3236
6.50421 3236.1
6.50521 3236.21
6.50621 3236.31
6.50721 3236.42
6.50821 3236.52
6.50921 3236.63
6.51021 3236.73
6.51121 3236.83
6.51221 3236.94
6.51321 3237.04
6.51421 3237.15
6.51521 3237.25
6.51621 3237.36
6.51721 3237.46
6.51821 3237.57
6.51921 3237.67
6.52021 3237.78
6.52121 3237.88
6.52221 3237.98
6.52321 3238.09
6.52421 3238.19
6.52521 3238.3
6.52621 3238.4
6.52721 3238.51
6.52821 3238.61
6.52921 3238.72
6.53021 3238.82
6.53121 3238.93
6.53221 3239.03
6.53321 3239.14
6.53421 3239.24
6.53521 3239.34
6.53621 3239.45
6.53721 3239.55
6.53821 3239.66
6.53921 3239.76
6.54021 3239.87
6.54121 3239.97
6.54221 3240.08
6.54321 3240.18
6.54421 3240.29
6.54521 3240.39
6.54621 3240.5
6.54721 3240.6
6.54821 3240.71
6.54921 3240.81
6.55021 3240.91
6.55121 3241.02
6.55221 3241.12
6.55321 3241.23
6.55421 3241.33
6.55521 3241.44
6.55621 3241.54
6.55721 3241.65
6.55821 3241.75
6.55921 3241.86
6.56021 3241.96
6.56121 3242.07
6.56221 3242.17
6.56321 3242.28
6.56421 3242.38
6.56521 3242.49
6.56621 3242.59
6.56721 3242.7
6.56821 3242.8
6.56921 3242.9
6.57021 3243.01
6.57121 3243.11
6.57221 3243.22
6.57321 3243.32
6.57421 3243.43
6.57521 3243.53
6.57621 3243.64
6.57721 3243.74
6.57821 3243.85
6.57921 3243.95
6.58021 3244.06
6.58121 3244.16
6.58221 3244.27
6.58321 3244.37
6.58421 3244.48
6.58521 3244.58
6.58621 3244.69
6.58721 3244.79
6.58821 3244.9
6.58921 3245
6.59021 3245.11
6.59121 3245.21
6.59221 3245.32
6.59321 3245.42
6.59421 3245.53
6.59521 3245.63
6.59621 3245.74
6.59721 3245.84
6.59821 3245.95
6.59921 3246.05
6.60021 3246.16
6.60121 3246.26
6.60221 3246.36
6.60321 3246.47
6.60421 3246.57
6.60521 3246.68
6.60621 3246.78
6.60721 3246.89
6.60821 3246.99
6.60921 3247.1
6.61021 3247.2
6.61121 3247.31
6.61221 3247.41
6.61321 3247.52
6.61421 3247.62
6.61521 3247.73
6.61621 3247.83
6.61721 3247.94
6.61821 3248.04
6.61921 3248.15
6.62021 3248.25
6.62121 3248.36
6.62221 3248.46
6.62321 3248.57
6.62421 3248.67
6.62521 3248.78
6.62621 3248.88
6.62721 3248.99
6.62821 3249.09
6.62921 3249.2
6.63021 3249.3
6.63121 3249.41
6.63221 3249.51
6.63321 3249.62
6.63421 3249.72
6.63521 3249.83
6.63621 3249.94
6.63721 3250.04
6.63821 3250.15
6.63921 3250.25
6.64021 3250.36
6.64121 3250.46
6.64221 3250.57
6.64321 3250.67
6.64421 3250.78
6.64521 3250.88
6.64621 3250.99
6.64721 3251.09
6.64821 3251.2
6.64921 3251.3
6.65021 3251.41
6.65121 3251.51
6.65221 3251.62
6.65321 3251.72
6.65421 3251.83
6.65521 3251.93
6.65621 3252.04
6.65721 3252.14
6.65821 3252.25
6.65921 3252.35
6.66021 3252.46
6.66121 3252.56
6.66221 3252.67
6.66321 3252.77
6.66421 3252.88
6.66521 3252.98
6.66621 3253.09
6.66721 3253.19
6.66821 3253.3
6.66921 3253.41
6.67021 3253.51
6.67121 3253.62
6.67221 3253.72
6.67321 3253.83
6.67421 3253.93
6.67521 3254.04
6.67621 3254.14
6.67721 3254.25
6.67821 3254.35
6.67921 3254.46
6.68021 3254.56
6.68121 3254.67
6.68221 3254.77
6.68321 3254.88
6.68421 3254.98
6.68521 3255.09
6.68621 3255.19
6.68721 3255.3
6.68821 3255.41
6.68921 3255.51
6.69021 3255.62
6.69121 3255.72
6.69221 3255.83
6.69321 3255.93
6.69421 3256.04
6.69521 3256.14
6.69621 3256.25
6.69721 3256.35
6.69821 3256.46
6.69921 3256.56
6.70021 3256.67
6.70121 3256.77
6.70221 3256.88
6.70321 3256.99
6.70421 3257.09
6.70521 3257.2
6.70621 3257.3
6.70721 3257.41
6.70821 3257.51
6.70921 3257.62
6.71021 3257.72
6.71121 3257.83
6.71221 3257.93
6.71321 3258.04
6.71421 3258.14
6.71521 3258.25
6.71621 3258.36
6.71721 3258.46
6.71821 3258.57
6.71921 3258.67
6.72021 3258.78
6.72121 3258.88
6.72221 3258.99
6.72321 3259.09
6.72421 3259.2
6.72521 3259.3
6.72621 3259.41
6.72721 3259.52
6.72821 3259.62
6.72921 3259.73
6.73021 3259.83
6.73121 3259.94
6.73221 3260.04
6.73321 3260.15
6.73421 3260.25
6.73521 3260.36
6.73621 3260.47
6.73721 3260.57
6.73821 3260.68
6.73921 3260.78
6.74021 3260.89
6.74121 3260.99
6.74221 3261.1
6.74321 3261.2
6.74421 3261.31
6.74521 3261.41
6.74621 3261.52
6.74721 3261.63
6.74821 3261.73
6.74921 3261.84
6.75021 3261.94
6.75121 3262.05
6.75221 3262.15
6.75321 3262.26
6.75421 3262.37
6.75521 3262.47
6.75621 3262.58
6.75721 3262.68
6.75821 3262.79
6.75921 3262.89
6.76021 3263
6.76121 3263.1
6.76221 3263.21
6.76321 3263.32
6.76421 3263.42
6.76521 3263.53
6.76621 3263.63
6.76721 3263.74
6.76821 3263.84
6.76921 3263.95
6.77021 3264.06
6.77121 3264.16
6.77221 3264.27
6.77321 3264.37
6.77421 3264.48
6.77521 3264.58
6.77621 3264.69
6.77721 3264.8
6.77821 3264.9
6.77921 3265.01
6.78021 3265.11
6.78121 3265.22
6.78221 3265.32
6.78321 3265.43
6.78421 3265.54
6.78521 3265.64
6.78621 3265.75
6.78721 3265.85
6.78821 3265.96
6.78921 3266.06
6.79021 3266.17
6.79121 3266.28
6.79221 3266.38
6.79321 3266.49
6.79421 3266.59
6.79521 3266.7
6.79621 3266.8
6.79721 3266.91
6.79821 3267.02
6.79921 3267.12
6.80021 3267.23
6.80121 3267.33
6.80221 3267.44
6.80321 3267.54
6.80421 3267.65
6.80521 3267.76
6.80621 3267.86
6.80721 3267.97
6.80821 3268.07
6.80921 3268.18
6.81021 3268.29
6.81121 3268.39
6.81221 3268.5
6.81321 3268.6
6.81421 3268.71
6.81521 3268.82
6.81621 3268.92
6.81721 3269.03
6.81821 3269.13
6.81921 3269.24
6.82021 3269.34
6.82121 3269.45
6.82221 3269.56
6.82321 3269.66
6.82421 3269.77
6.82521 3269.87
6.82621 3269.98
6.82721 3270.09
6.82821 3270.19
6.82921 3270.3
6.83021 3270.4
6.83121 3270.51
6.83221 3270.62
6.83321 3270.72
6.83421 3270.83
6.83521 3270.93
6.83621 3271.04
6.83721 3271.15
6.83821 3271.25
6.83921 3271.36
6.84021 3271.46
6.84121 3271.57
6.84221 3271.68
6.84321 3271.78
6.84421 3271.89
6.84521 3271.99
6.84621 3272.1
6.84721 3272.21
6.84821 3272.31
6.84921 3272.42
6.85021 3272.52
6.85121 3272.63
6.85221 3272.74
6.85321 3272.84
6.85421 3272.95
6.85521 3273.05
6.85621 3273.16
6.85721 3273.27
6.85821 3273.37
6.85921 3273.48
6.86021 3273.58
6.86121 3273.69
6.86221 3273.8
6.86321 3273.9
6.86421 3274.01
6.86521 3274.11
6.86621 3274.22
6.86721 3274.33
6.86821 3274.43
6.86921 3274.54
6.87021 3274.64
6.87121 3274.75
6.87221 3274.86
6.87321 3274.96
6.87421 3275.07
6.87521 3275.18
6.87621 3275.28
6.87721 3275.39
6.87821 3275.49
6.87921 3275.6
6.88021 3275.71
6.88121 3275.81
6.88221 3275.92
6.88321 3276.02
6.88421 3276.13
6.88521 3276.24
6.88621 3276.34
6.88721 3276.45
6.88821 3276.56
6.88921 3276.66
6.89021 3276.77
6.89121 3276.87
6.89221 3276.98
6.89321 3277.09
6.89421 3277.19
6.89521 3277.3
6.89621 3277.41
6.89721 3277.51
6.89821 3277.62
6.89921 3277.72
6.90021 3277.83
6.90121 3277.94
6.90221 3278.04
6.90321 3278.15
6.90421 3278.26
6.90521 3278.36
6.90621 3278.47
6.90721 3278.57
6.90821 3278.68
6.90921 3278.79
6.91021 3278.89
6.91121 3279
6.91221 3279.11
6.91321 3279.21
6.91421 3279.32
6.91521 3279.42
6.91621 3279.53
6.91721 3279.64
6.91821 3279.74
6.91921 3279.85
6.92021 3279.96
6.92121 3280.06
6.92221 3280.17
6.92321 3280.28
6.92421 3280.38
6.92521 3280.49
6.92621 3280.59
6.92721 3280.7
6.92821 3280.81
6.92921 3280.91
6.93021 3281.02
6.93121 3281.13
6.93221 3281.23
6.93321 3281.34
6.93421 3281.45
6.93521 3281.55
6.93621 3281.66
6.93721 3281.76
6.93821 3281.87
6.93921 3281.98
6.94021 3282.08
6.94121 3282.19
6.94221 3282.3
6.94321 3282.4
6.94421 3282.51
6.94521 3282.62
6.94621 3282.72
6.94721 3282.83
6.94821 3282.94
6.94921 3283.04
6.95021 3283.15
6.95121 3283.26
6.95221 3283.36
6.95321 3283.47
6.95421 3283.57
6.95521 3283.68
6.95621 3283.79
6.95721 3283.89
6.95821 3284
6.95921 3284.11
6.96021 3284.21
6.96121 3284.32
6.96221 3284.43
6.96321 3284.53
6.96421 3284.64
6.96521 3284.75
6.96621 3284.85
6.96721 3284.96
6.96821 3285.07
6.96921 3285.17
6.97021 3285.28
6.97121 3285.39
6.97221 3285.49
6.97321 3285.6
6.97421 3285.71
6.97521 3285.81
6.97621 3285.92
6.97721 3286.03
6.97821 3286.13
6.97921 3286.24
6.98021 3286.34
6.98121 3286.45
6.98221 3286.56
6.98321 3286.66
6.98421 3286.77
6.98521 3286.88
6.98621 3286.98
6.98721 3287.09
6.98821 3287.2
6.98921 3287.3
6.99021 3287.41
6.99121 3287.52
6.99221 3287.62
6.99321 3287.73
6.99421 3287.84
6.99521 3287.94
6.99621 3288.05
6.99721 3288.16
6.99821 3288.26
6.99921 3288.37
7.00021 3288.48
7.00121 3288.58
7.00221 3288.69
7.00321 3288.8
7.00421 3288.9
7.00521 3289.01
7.00621 3289.12
7.00721 3289.23
7.00821 3289.33
7.00921 3289.44
7.01021 3289.55
7.01121 3289.65
7.01221 3289.76
7.01321 3289.87
7.01421 3289.97
7.01521 3290.08
7.01621 3290.19
7.01721 3290.29
7.01821 3290.4
7.01921 3290.51
7.02021 3290.61
7.02121 3290.72
7.02221 3290.83
7.02321 3290.93
7.02421 3291.04
7.02521 3291.15
7.02621 3291.25
7.02721 3291.36
7.02821 3291.47
7.02921 3291.57
7.03021 3291.68
7.03121 3291.79
7.03221 3291.89
7.03321 3292
7.03421 3292.11
7.03521 3292.22
7.03621 3292.32
7.03721 3292.43
7.03821 3292.54
7.03921 3292.64
7.04021 3292.75
7.04121 3292.86
7.04221 3292.96
7.04321 3293.07
7.04421 3293.18
7.04521 3293.28
7.04621 3293.39
7.04721 3293.5
7.04821 3293.6
7.04921 3293.71
7.05021 3293.82
7.05121 3293.93
7.05221 3294.03
7.05321 3294.14
7.05421 3294.25
7.05521 3294.35
7.05621 3294.46
7.05721 3294.57
7.05821 3294.67
7.05921 3294.78
7.06021 3294.89
7.06121 3295
7.06221 3295.1
7.06321 3295.21
7.06421 3295.32
7.06521 3295.42
7.06621 3295.53
7.06721 3295.64
7.06821 3295.74
7.06921 3295.85
7.07021 3295.96
7.07121 3296.07
7.07221 3296.17
7.07321 3296.28
7.07421 3296.39
7.07521 3296.49
7.07621 3296.6
7.07721 3296.71
7.07821 3296.81
7.07921 3296.92
7.08021 3297.03
7.08121 3297.14
7.08221 3297.24
7.08321 3297.35
7.08421 3297.46
7.08521 3297.56
7.08621 3297.67
7.08721 3297.78
7.08821 3297.89
7.08921 3297.99
7.09021 3298.1
7.09121 3298.21
7.09221 3298.31
7.09321 3298.42
7.09421 3298.53
7.09521 3298.64
7.09621 3298.74
7.09721 3298.85
7.09821 3298.96
7.09921 3299.06
7.10021 3299.17
7.10121 3299.28
7.10221 3299.39
7.10321 3299.49
7.10421 3299.6
7.10521 3299.71
7.10621 3299.81
7.10721 3299.92
7.10821 3300.03
7.10921 3300.14
7.11021 3300.24
7.11121 3300.35
7.11221 3300.46
7.11321 3300.56
7.11421 3300.67
7.11521 3300.78
7.11621 3300.89
7.11721 3300.99
7.11821 3301.1
7.11921 3301.21
7.12021 3301.31
7.12121 3301.42
7.12221 3301.53
7.12321 3301.64
7.12421 3301.74
7.12521 3301.85
7.12621 3301.96
7.12721 3302.07
7.12821 3302.17
7.12921 3302.28
7.13021 3302.39
7.13121 3302.49
7.13221 3302.6
7.13321 3302.71
7.13421 3302.82
7.13521 3302.92
7.13621 3303.03
7.13721 3303.14
7.13821 3303.25
7.13921 3303.35
7.14021 3303.46
7.14121 3303.57
7.14221 3303.68
7.14321 3303.78
7.14421 3303.89
7.14521 3304
7.14621 3304.1
7.14721 3304.21
7.14821 3304.32
7.14921 3304.43
7.15021 3304.53
7.15121 3304.64
7.15221 3304.75
7.15321 3304.86
7.15421 3304.96
7.15521 3305.07
7.15621 3305.18
7.15721 3305.29
7.15821 3305.39
7.15921 3305.5
7.16021 3305.61
7.16121 3305.72
7.16221 3305.82
7.16321 3305.93
7.16421 3306.04
7.16521 3306.15
7.16621 3306.25
7.16721 3306.36
7.16821 3306.47
7.16921 3306.57
7.17021 3306.68
7.17121 3306.79
7.17221 3306.9
7.17321 3307
7.17421 3307.11
7.17521 3307.22
7.17621 3307.33
7.17721 3307.43
7.17821 3307.54
7.17921 3307.65
7.18021 3307.76
7.18121 3307.86
7.18221 3307.97
7.18321 3308.08
7.18421 3308.19
7.18521 3308.29
7.18621 3308.4
7.18721 3308.51
7.18821 3308.62
7.18921 3308.73
7.19021 3308.83
7.19121 3308.94
7.19221 3309.05
7.19321 3309.16
7.19421 3309.26
7.19521 3309.37
7.19621 3309.48
7.19721 3309.59
7.19821 3309.69
7.19921 3309.8
7.20021 3309.91
7.20121 3310.02
7.20221 3310.12
7.20321 3310.23
7.20421 3310.34
7.20521 3310.45
7.20621 3310.55
7.20721 3310.66
7.20821 3310.77
7.20921 3310.88
7.21021 3310.98
7.21121 3311.09
7.21221 3311.2
7.21321 3311.31
7.21421 3311.42
7.21521 3311.52
7.21621 3311.63
7.21721 3311.74
7.21821 3311.85
7.21921 3311.95
7.22021 3312.06
7.22121 3312.17
7.22221 3312.28
7.22321 3312.38
7.22421 3312.49
7.22521 3312.6
7.22621 3312.71
7.22721 3312.82
7.22821 3312.92
7.22921 3313.03
7.23021 3313.14
7.23121 3313.25
7.23221 3313.35
7.23321 3313.46
7.23421 3313.57
7.23521 3313.68
7.23621 3313.79
7.23721 3313.89
7.23821 3314
7.23921 3314.11
7.24021 3314.22
7.24121 3314.32
7.24221 3314.43
7.24321 3314.54
7.24421 3314.65
7.24521 3314.76
7.24621 3314.86
7.24721 3314.97
7.24821 3315.08
7.24921 3315.19
7.25021 3315.29
7.25121 3315.4
7.25221 3315.51
7.25321 3315.62
7.25421 3315.73
7.25521 3315.83
7.25621 3315.94
7.25721 3316.05
7.25821 3316.16
7.25921 3316.27
7.26021 3316.37
7.26121 3316.48
7.26221 3316.59
7.26321 3316.7
7.26421 3316.8
7.26521 3316.91
7.26621 3317.02
7.26721 3317.13
7.26821 3317.24
7.26921 3317.34
7.27021 3317.45
7.27121 3317.56
7.27221 3317.67
7.27321 3317.78
7.27421 3317.88
7.27521 3317.99
7.27621 3318.1
7.27721 3318.21
7.27821 3318.32
7.27921 3318.42
7.28021 3318.53
7.28121 3318.64
7.28221 3318.75
7.28321 3318.86
7.28421 3318.96
7.28521 3319.07
7.28621 3319.18
7.28721 3319.29
7.28821 3319.4
7.28921 3319.5
7.29021 3319.61
7.29121 3319.72
7.29221 3319.83
7.29321 3319.94
7.29421 3320.04
7.29521 3320.15
7.29621 3320.26
7.29721 3320.37
7.29821 3320.48
7.29921 3320.58
7.30021 3320.69
7.30121 3320.8
7.30221 3320.91
7.30321 3321.02
7.30421 3321.12
7.30521 3321.23
7.30621 3321.34
7.30721 3321.45
7.30821 3321.56
7.30921 3321.66
7.31021 3321.77
7.31121 3321.88
7.31221 3321.99
7.31321 3322.1
7.31421 3322.2
7.31521 3322.31
7.31621 3322.42
7.31721 3322.53
7.31821 3322.64
7.31921 3322.75
7.32021 3322.85
7.32121 3322.96
7.32221 3323.07
7.32321 3323.18
7.32421 3323.29
7.32521 3323.39
7.32621 3323.5
7.32721 3323.61
7.32821 3323.72
7.32921 3323.83
7.33021 3323.94
7.33121 3324.04
7.33221 3324.15
7.33321 3324.26
7.33421 3324.37
7.33521 3324.48
7.33621 3324.58
7.33721 3324.69
7.33821 3324.8
7.33921 3324.91
7.34021 3325.02
7.34121 3325.13
7.34221 3325.23
7.34321 3325.34
7.34421 3325.45
7.34521 3325.56
7.34621 3325.67
7.34721 3325.78
7.34821 3325.88
7.34921 3325.99
7.35021 3326.1
7.35121 3326.21
7.35221 3326.32
7.35321 3326.43
7.35421 3326.53
7.35521 3326.64
7.35621 3326.75
7.35721 3326.86
7.35821 3326.97
7.35921 3327.07
7.36021 3327.18
7.36121 3327.29
7.36221 3327.4
7.36321 3327.51
7.36421 3327.62
7.36521 3327.73
7.36621 3327.83
7.36721 3327.94
7.36821 3328.05
7.36921 3328.16
7.37021 3328.27
7.37121 3328.38
7.37221 3328.48
7.37321 3328.59
7.37421 3328.7
7.37521 3328.81
7.37621 3328.92
7.37721 3329.03
7.37821 3329.13
7.37921 3329.24
7.38021 3329.35
7.38121 3329.46
7.38221 3329.57
7.38321 3329.68
7.38421 3329.78
7.38521 3329.89
7.38621 3330
7.38721 3330.11
7.38821 3330.22
7.38921 3330.33
7.39021 3330.44
7.39121 3330.54
7.39221 3330.65
7.39321 3330.76
7.39421 3330.87
7.39521 3330.98
7.39621 3331.09
7.39721 3331.19
7.39821 3331.3
7.39921 3331.41
7.40021 3331.52
7.40121 3331.63
7.40221 3331.74
7.40321 3331.85
7.40421 3331.95
7.40521 3332.06
7.40621 3332.17
7.40721 3332.28
7.40821 3332.39
7.40921 3332.5
7.41021 3332.61
7.41121 3332.71
7.41221 3332.82
7.41321 3332.93
7.41421 3333.04
7.41521 3333.15
7.41621 3333.26
7.41721 3333.37
7.41821 3333.47
7.41921 3333.58
7.42021 3333.69
7.42121 3333.8
7.42221 3333.91
7.42321 3334.02
7.42421 3334.13
7.42521 3334.23
7.42621 3334.34
7.42721 3334.45
7.42821 3334.56
7.42921 3334.67
7.43021 3334.78
7.43121 3334.89
7.43221 3335
7.43321 3335.1
7.43421 3335.21
7.43521 3335.32
7.43621 3335.43
7.43721 3335.54
7.43821 3335.65
7.43921 3335.76
7.44021 3335.86
7.44121 3335.97
7.44221 3336.08
7.44321 3336.19
7.44421 3336.3
7.44521 3336.41
7.44621 3336.52
7.44721 3336.63
7.44821 3336.73
7.44921 3336.84
7.45021 3336.95
7.45121 3337.06
7.45221 3337.17
7.45321 3337.28
7.45421 3337.39
7.45521 3337.5
7.45621 3337.6
7.45721 3337.71
7.45821 3337.82
7.45921 3337.93
7.46021 3338.04
7.46121 3338.15
7.46221 3338.26
7.46321 3338.37
7.46421 3338.47
7.46521 3338.58
7.46621 3338.69
7.46721 3338.8
7.46821 3338.91
7.46921 3339.02
7.47021 3339.13
7.47121 3339.24
7.47221 3339.35
7.47321 3339.45
7.47421 3339.56
7.47521 3339.67
7.47621 3339.78
7.47721 3339.89
7.47821 3340
7.47921 3340.11
7.48021 3340.22
7.48121 3340.32
7.48221 3340.43
7.48321 3340.54
7.48421 3340.65
7.48521 3340.76
7.48621 3340.87
7.48721 3340.98
7.48821 3341.09
7.48921 3341.2
7.49021 3341.31
7.49121 3341.41
7.49221 3341.52
7.49321 3341.63
7.49421 3341.74
7.49521 3341.85
7.49621 3341.96
7.49721 3342.07
7.49821 3342.18
7.49921 3342.29
7.50021 3342.39
7.50121 3342.5
7.50221 3342.61
7.50321 3342.72
7.50421 3342.83
7.50521 3342.94
7.50621 3343.05
7.50721 3343.16
7.50821 3343.27
7.50921 3343.38
7.51021 3343.48
7.51121 3343.59
7.51221 3343.7
7.51321 3343.81
7.51421 3343.92
7.51521 3344.03
7.51621 3344.14
7.51721 3344.25
7.51821 3344.36
7.51921 3344.47
7.52021 3344.57
7.52121 3344.68
7.52221 3344.79
7.52321 3344.9
7.52421 3345.01
7.52521 3345.12
7.52621 3345.23
7.52721 3345.34
7.52821 3345.45
7.52921 3345.56
7.53021 3345.67
7.53121 3345.77
7.53221 3345.88
7.53321 3345.99
7.53421 3346.1
7.53521 3346.21
7.53621 3346.32
7.53721 3346.43
7.53821 3346.54
7.53921 3346.65
7.54021 3346.76
7.54121 3346.87
7.54221 3346.98
7.54321 3347.08
7.54421 3347.19
7.54521 3347.3
7.54621 3347.41
7.54721 3347.52
7.54821 3347.63
7.54921 3347.74
7.55021 3347.85
7.55121 3347.96
7.55221 3348.07
7.55321 3348.18
7.55421 3348.29
7.55521 3348.4
7.55621 3348.5
7.55721 3348.61
7.55821 3348.72
7.55921 3348.83
7.56021 3348.94
7.56121 3349.05
7.56221 3349.16
7.56321 3349.27
7.56421 3349.38
7.56521 3349.49
7.56621 3349.6
7.56721 3349.71
7.56821 3349.82
7.56921 3349.92
7.57021 3350.03
7.57121 3350.14
7.57221 3350.25
7.57321 3350.36
7.57421 3350.47
7.57521 3350.58
7.57621 3350.69
7.57721 3350.8
7.57821 3350.91
7.57921 3351.02
7.58021 3351.13
7.58121 3351.24
7.58221 3351.35
7.58321 3351.46
7.58421 3351.56
7.58521 3351.67
7.58621 3351.78
7.58721 3351.89
7.58821 3352
7.58921 3352.11
7.59021 3352.22
7.59121 3352.33
7.59221 3352.44
7.59321 3352.55
7.59421 3352.66
7.59521 3352.77
7.59621 3352.88
7.59721 3352.99
7.59821 3353.1
7.59921 3353.21
7.60021 3353.31
7.60121 3353.42
7.60221 3353.53
7.60321 3353.64
7.60421 3353.75
7.60521 3353.86
7.60621 3353.97
7.60721 3354.08
7.60821 3354.19
7.60921 3354.3
7.61021 3354.41
7.61121 3354.52
7.61221 3354.63
7.61321 3354.74
7.61421 3354.85
7.61521 3354.96
7.61621 3355.07
7.61721 3355.18
7.61821 3355.29
7.61921 3355.4
7.62021 3355.5
7.62121 3355.61
7.62221 3355.72
7.62321 3355.83
7.62421 3355.94
7.62521 3356.05
7.62621 3356.16
7.62721 3356.27
7.62821 3356.38
7.62921 3356.49
7.63021 3356.6
7.63121 3356.71
7.63221 3356.82
7.63321 3356.93
7.63421 3357.04
7.63521 3357.15
7.63621 3357.26
7.63721 3357.37
7.63821 3357.48
7.63921 3357.59
7.64021 3357.7
7.64121 3357.81
7.64221 3357.92
7.64321 3358.02
7.64421 3358.13
7.64521 3358.24
7.64621 3358.35
7.64721 3358.46
7.64821 3358.57
7.64921 3358.68
7.65021 3358.79
7.65121 3358.9
7.65221 3359.01
7.65321 3359.12
7.65421 3359.23
7.65521 3359.34
7.65621 3359.45
7.65721 3359.56
7.65821 3359.67
7.65921 3359.78
7.66021 3359.89
7.66121 3360
7.66221 3360.11
7.66321 3360.22
7.66421 3360.33
7.66521 3360.44
7.66621 3360.55
7.66721 3360.66
7.66821 3360.77
7.66921 3360.88
7.67021 3360.99
7.67121 3361.1
7.67221 3361.21
7.67321 3361.32
7.67421 3361.43
7.67521 3361.54
7.67621 3361.65
7.67721 3361.76
7.67821 3361.86
7.67921 3361.97
7.68021 3362.08
7.68121 3362.19
7.68221 3362.3
7.68321 3362.41
7.68421 3362.52
7.68521 3362.63
7.68621 3362.74
7.68721 3362.85
7.68821 3362.96
7.68921 3363.07
7.69021 3363.18
7.69121 3363.29
7.69221 3363.4
7.69321 3363.51
7.69421 3363.62
7.69521 3363.73
7.69621 3363.84
7.69721 3363.95
7.69821 3364.06
7.69921 3364.17
7.70021 3364.28
7.70121 3364.39
7.70221 3364.5
7.70321 3364.61
7.70421 3364.72
7.70521 3364.83
7.70621 3364.94
7.70721 3365.05
7.70821 3365.16
7.70921 3365.27
7.71021 3365.38
7.71121 3365.49
7.71221 3365.6
7.71321 3365.71
7.71421 3365.82
7.71521 3365.93
7.71621 3366.04
7.71721 3366.15
7.71821 3366.26
7.71921 3366.37
7.72021 3366.48
7.72121 3366.59
7.72221 3366.7
7.72321 3366.81
7.72421 3366.92
7.72521 3367.03
7.72621 3367.14
7.72721 3367.25
7.72821 3367.36
7.72921 3367.47
7.73021 3367.58
7.73121 3367.69
7.73221 3367.8
7.73321 3367.91
7.73421 3368.02
7.73521 3368.13
7.73621 3368.24
7.73721 3368.35
7.73821 3368.46
7.73921 3368.57
7.74021 3368.68
7.74121 3368.79
7.74221 3368.9
7.74321 3369.01
7.74421 3369.12
7.74521 3369.23
7.74621 3369.34
7.74721 3369.45
7.74821 3369.56
7.74921 3369.67
7.75021 3369.78
7.75121 3369.89
7.75221 3370
7.75321 3370.11
7.75421 3370.22
7.75521 3370.33
7.75621 3370.44
7.75721 3370.55
7.75821 3370.66
7.75921 3370.77
7.76021 3370.88
7.76121 3370.99
7.76221 3371.1
7.76321 3371.21
7.76421 3371.32
7.76521 3371.43
7.76621 3371.54
7.76721 3371.65
7.76821 3371.77
7.76921 3371.88
7.77021 3371.99
7.77121 3372.1
7.77221 3372.21
7.77321 3372.32
7.77421 3372.43
7.77521 3372.54
7.77621 3372.65
7.77721 3372.76
7.77821 3372.87
7.77921 3372.98
7.78021 3373.09
7.78121 3373.2
7.78221 3373.31
7.78321 3373.42
7.78421 3373.53
7.78521 3373.64
7.78621 3373.75
7.78721 3373.86
7.78821 3373.97
7.78921 3374.08
7.79021 3374.19
7.79121 3374.3
7.79221 3374.41
7.79321 3374.52
7.79421 3374.63
7.79521 3374.74
7.79621 3374.85
7.79721 3374.96
7.79821 3375.07
7.79921 3375.18
7.80021 3375.29
7.80121 3375.4
7.80221 3375.52
7.80321 3375.63
7.80421 3375.74
7.80521 3375.85
7.80621 3375.96
7.80721 3376.07
7.80821 3376.18
7.80921 3376.29
7.81021 3376.4
7.81121 3376.51
7.81221 3376.62
7.81321 3376.73
7.81421 3376.84
7.81521 3376.95
7.81621 3377.06
7.81721 3377.17
7.81821 3377.28
7.81921 3377.39
7.82021 3377.5
7.82121 3377.61
7.82221 3377.72
7.82321 3377.83
7.82421 3377.94
7.82521 3378.05
7.82621 3378.17
7.82721 3378.28
7.82821 3378.39
7.82921 3378.5
7.83021 3378.61
7.83121 3378.72
7.83221 3378.83
7.83321 3378.94
7.83421 3379.05
7.83521 3379.16
7.83621 3379.27
7.83721 3379.38
7.83821 3379.49
7.83921 3379.6
7.84021 3379.71
7.84121 3379.82
7.84221 3379.93
7.84321 3380.04
7.84421 3380.15
7.84521 3380.27
7.84621 3380.38
7.84721 3380.49
7.84821 3380.6
7.84921 3380.71
7.85021 3380.82
7.85121 3380.93
7.85221 3381.04
7.85321 3381.15
7.85421 3381.26
7.85521 3381.37
7.85621 3381.48
7.85721 3381.59
7.85821 3381.7
7.85921 3381.81
7.86021 3381.92
7.86121 3382.03
7.86221 3382.15
7.86321 3382.26
7.86421 3382.37
7.86521 3382.48
7.86621 3382.59
7.86721 3382.7
7.86821 3382.81
7.86921 3382.92
7.87021 3383.03
7.87121 3383.14
7.87221 3383.25
7.87321 3383.36
7.87421 3383.47
7.87521 3383.58
7.87621 3383.7
7.87721 3383.81
7.87821 3383.92
7.87921 3384.03
7.88021 3384.14
7.88121 3384.25
7.88221 3384.36
7.88321 3384.47
7.88421 3384.58
7.88521 3384.69
7.88621 3384.8
7.88721 3384.91
7.88821 3385.02
7.88921 3385.13
7.89021 3385.25
7.89121 3385.36
7.89221 3385.47
7.89321 3385.58
7.89421 3385.69
7.89521 3385.8
7.89621 3385.91
7.89721 3386.02
7.89821 3386.13
7.89921 3386.24
7.90021 3386.35
7.90121 3386.46
7.90221 3386.58
7.90321 3386.69
7.90421 3386.8
7.90521 3386.91
7.90621 3387.02
7.90721 3387.13
7.90821 3387.24
7.90921 3387.35
7.91021 3387.46
7.91121 3387.57
7.91221 3387.68
7.91321 3387.79
7.91421 3387.91
7.91521 3388.02
7.91621 3388.13
7.91721 3388.24
7.91821 3388.35
7.91921 3388.46
7.92021 3388.57
7.92121 3388.68
7.92221 3388.79
7.92321 3388.9
7.92421 3389.01
7.92521 3389.13
7.92621 3389.24
7.92721 3389.35
7.92821 3389.46
7.92921 3389.57
7.93021 3389.68
7.93121 3389.79
7.93221 3389.9
7.93321 3390.01
7.93421 3390.12
7.93521 3390.24
7.93621 3390.35
7.93721 3390.46
7.93821 3390.57
7.93921 3390.68
7.94021 3390.79
7.94121 3390.9
7.94221 3391.01
7.94321 3391.12
7.94421 3391.23
7.94521 3391.35
7.94621 3391.46
7.94721 3391.57
7.94821 3391.68
7.94921 3391.79
7.95021 3391.9
7.95121 3392.01
7.95221 3392.12
7.95321 3392.23
7.95421 3392.35
7.95521 3392.46
7.95621 3392.57
7.95721 3392.68
7.95821 3392.79
7.95921 3392.9
7.96021 3393.01
7.96121 3393.12
7.96221 3393.23
7.96321 3393.35
7.96421 3393.46
7.96521 3393.57
7.96621 3393.68
7.96721 3393.79
7.96821 3393.9
7.96921 3394.01
7.97021 3394.12
7.97121 3394.23
7.97221 3394.35
7.97321 3394.46
7.97421 3394.57
7.97521 3394.68
7.97621 3394.79
7.97721 3394.9
7.97821 3395.01
7.97921 3395.12
7.98021 3395.23
7.98121 3395.35
7.98221 3395.46
7.98321 3395.57
7.98421 3395.68
7.98521 3395.79
7.98621 3395.9
7.98721 3396.01
7.98821 3396.12
7.98921 3396.24
7.99021 3396.35
7.99121 3396.46
7.99221 3396.57
7.99321 3396.68
7.99421 3396.79
7.99521 3396.9
7.99621 3397.01
7.99721 3397.13
7.99821 3397.24
7.99921 3397.35
8.00021 3397.46
8.00121 3397.58
8.00221 3397.71
8.00321 3397.83
8.00421 3397.96
8.00521 3398.08
8.00621 3398.2
8.00721 3398.33
8.00821 3398.45
8.00921 3398.58
8.01021 3398.7
8.01121 3398.82
8.01221 3398.95
8.01321 3399.07
8.01421 3399.2
8.01521 3399.32
8.01621 3399.44
8.01721 3399.57
8.01821 3399.69
8.01921 3399.82
8.02021 3399.94
8.02121 3400.07
8.02221 3400.19
8.02321 3400.31
8.02421 3400.44
8.02521 3400.56
8.02621 3400.69
8.02721 3400.81
8.02821 3400.93
8.02921 3401.06
8.03021 3401.18
8.03121 3401.31
8.03221 3401.43
8.03321 3401.56
8.03421 3401.68
8.03521 3401.8
8.03621 3401.93
8.03721 3402.05
8.03821 3402.18
8.03921 3402.3
8.04021 3402.42
8.04121 3402.55
8.04221 3402.67
8.04321 3402.8
8.04421 3402.92
8.04521 3403.05
8.04621 3403.17
8.04721 3403.29
8.04821 3403.42
8.04921 3403.54
8.05021 3403.67
8.05121 3403.79
8.05221 3403.92
8.05321 3404.04
8.05421 3404.17
8.05521 3404.29
8.05621 3404.41
8.05721 3404.54
8.05821 3404.66
8.05921 3404.79
8.06021 3404.91
8.06121 3405.04
8.06221 3405.16
8.06321 3405.28
8.06421 3405.41
8.06521 3405.53
8.06621 3405.66
8.06721 3405.78
8.06821 3405.91
8.06921 3406.03
8.07021 3406.16
8.07121 3406.28
8.07221 3406.4
8.07321 3406.53
8.07421 3406.65
8.07521 3406.78
8.07621 3406.9
8.07721 3407.03
8.07821 3407.15
8.07921 3407.28
8.08021 3407.4
8.08121 3407.52
8.08221 3407.65
8.08321 3407.77
8.08421 3407.9
8.08521 3408.02
8.08621 3408.15
8.08721 3408.27
8.08821 3408.4
8.08921 3408.52
8.09021 3408.65
8.09121 3408.77
8.09221 3408.9
8.09321 3409.02
8.09421 3409.14
8.09521 3409.27
8.09621 3409.39
8.09721 3409.52
8.09821 3409.64
8.09921 3409.77
8.10021 3409.89
8.10121 3410.02
8.10221 3410.14
8.10321 3410.27
8.10421 3410.39
8.10521 3410.52
8.10621 3410.64
8.10721 3410.76
8.10821 3410.89
8.10921 3411.01
8.11021 3411.14
8.11121 3411.26
8.11221 3411.39
8.11321 3411.51
8.11421 3411.64
8.11521 3411.76
8.11621 3411.89
8.11721 3412.01
8.11821 3412.14
8.11921 3412.26
8.12021 3412.39
8.12121 3412.51
8.12221 3412.64
8.12321 3412.76
8.12421 3412.89
8.12521 3413.01
8.12621 3413.14
8.12721 3413.26
8.12821 3413.38
8.12921 3413.51
8.13021 3413.63
8.13121 3413.76
8.13221 3413.88
8.13321 3414.01
8.13421 3414.13
8.13521 3414.26
8.13621 3414.38
8.13721 3414.51
8.13821 3414.63
8.13921 3414.76
8.14021 3414.88
8.14121 3415.01
8.14221 3415.13
8.14321 3415.26
8.14421 3415.38
8.14521 3415.51
8.14621 3415.63
8.14721 3415.76
8.14821 3415.88
8.14921 3416.01
8.15021 3416.13
8.15121 3416.26
8.15221 3416.38
8.15321 3416.51
8.15421 3416.63
8.15521 3416.76
8.15621 3416.88
8.15721 3417.01
8.15821 3417.13
8.15921 3417.26
8.16021 3417.38
8.16121 3417.51
8.16221 3417.63
8.16321 3417.76
8.16421 3417.88
8.16521 3418.01
8.16621 3418.13
8.16721 3418.26
8.16821 3418.38
8.16921 3418.51
8.17021 3418.63
8.17121 3418.76
8.17221 3418.88
8.17321 3419.01
8.17421 3419.13
8.17521 3419.26
8.17621 3419.38
8.17721 3419.51
8.17821 3419.63
8.17921 3419.76
8.18021 3419.88
8.18121 3420.01
8.18221 3420.13
8.18321 3420.26
8.18421 3420.39
8.18521 3420.51
8.18621 3420.64
8.18721 3420.76
8.18821 3420.89
8.18921 3421.01
8.19021 3421.14
8.19121 3421.26
8.19221 3421.39
8.19321 3421.51
8.19421 3421.64
8.19521 3421.76
8.19621 3421.89
8.19721 3422.01
8.19821 3422.14
8.19921 3422.26
8.20021 3422.39
8.20121 3422.51
8.20221 3422.64
8.20321 3422.77
8.20421 3422.89
8.20521 3423.02
8.20621 3423.14
8.20721 3423.27
8.20821 3423.39
8.20921 3423.52
8.21021 3423.64
8.21121 3423.77
8.21221 3423.89
8.21321 3424.02
8.21421 3424.14
8.21521 3424.27
8.21621 3424.39
8.21721 3424.52
8.21821 3424.65
8.21921 3424.77
8.22021 3424.9
8.22121 3425.02
8.22221 3425.15
8.22321 3425.27
8.22421 3425.4
8.22521 3425.52
8.22621 3425.65
8.22721 3425.77
8.22821 3425.9
8.22921 3426.03
8.23021 3426.15
8.23121 3426.28
8.23221 3426.4
8.23321 3426.53
8.23421 3426.65
8.23521 3426.78
8.23621 3426.9
8.23721 3427.03
8.23821 3427.16
8.23921 3427.28
8.24021 3427.41
8.24121 3427.53
8.24221 3427.66
8.24321 3427.78
8.24421 3427.91
8.24521 3428.03
8.24621 3428.16
8.24721 3428.29
8.24821 3428.41
8.24921 3428.54
8.25021 3428.66
8.25121 3428.79
8.25221 3428.91
8.25321 3429.04
8.25421 3429.16
8.25521 3429.29
8.25621 3429.42
8.25721 3429.54
8.25821 3429.67
8.25921 3429.79
8.26021 3429.92
8.26121 3430.04
8.26221 3430.17
8.26321 3430.3
8.26421 3430.42
8.26521 3430.55
8.26621 3430.67
8.26721 3430.8
8.26821 3430.92
8.26921 3431.05
8.27021 3431.18
8.27121 3431.3
8.27221 3431.43
8.27321 3431.55
8.27421 3431.68
8.27521 3431.81
8.27621 3431.93
8.27721 3432.06
8.27821 3432.18
8.27921 3432.31
8.28021 3432.43
8.28121 3432.56
8.28221 3432.69
8.28321 3432.81
8.28421 3432.94
8.28521 3433.06
8.28621 3433.19
8.28721 3433.32
8.28821 3433.44
8.28921 3433.57
8.29021 3433.69
8.29121 3433.82
8.29221 3433.94
8.29321 3434.07
8.29421 3434.2
8.29521 3434.32
8.29621 3434.45
8.29721 3434.57
8.29821 3434.7
8.29921 3434.83
8.30021 3434.95
8.30121 3435.08
8.30221 3435.2
8.30321 3435.33
8.30421 3435.46
8.30521 3435.58
8.30621 3435.71
8.30721 3435.83
8.30821 3435.96
8.30921 3436.09
8.31021 3436.21
8.31121 3436.34
8.31221 3436.46
8.31321 3436.59
8.31421 3436.72
8.31521 3436.84
8.31621 3436.97
8.31721 3437.09
8.31821 3437.22
8.31921 3437.35
8.32021 3437.47
8.32121 3437.6
8.32221 3437.72
8.32321 3437.85
8.32421 3437.98
8.32521 3438.1
8.32621 3438.23
8.32721 3438.36
8.32821 3438.48
8.32921 3438.61
8.33021 3438.73
8.33121 3438.86
8.33221 3438.99
8.33321 3439.11
8.33421 3439.24
8.33521 3439.36
8.33621 3439.49
8.33721 3439.62
8.33821 3439.74
8.33921 3439.87
8.34021 3440
8.34121 3440.12
8.34221 3440.25
8.34321 3440.37
8.34421 3440.5
8.34521 3440.63
8.34621 3440.75
8.34721 3440.88
8.34821 3441.01
8.34921 3441.13
8.35021 3441.26
8.35121 3441.38
8.35221 3441.51
8.35321 3441.64
8.35421 3441.76
8.35521 3441.89
8.35621 3442.02
8.35721 3442.14
8.35821 3442.27
8.35921 3442.39
8.36021 3442.52
8.36121 3442.65
8.36221 3442.77
8.36321 3442.9
8.36421 3443.03
8.36521 3443.15
8.36621 3443.28
8.36721 3443.41
8.36821 3443.53
8.36921 3443.66
8.37021 3443.78
8.37121 3443.91
8.37221 3444.04
8.37321 3444.16
8.37421 3444.29
8.37521 3444.42
8.37621 3444.54
8.37721 3444.67
8.37821 3444.8
8.37921 3444.92
8.38021 3445.05
8.38121 3445.18
8.38221 3445.3
8.38321 3445.43
8.38421 3445.56
8.38521 3445.68
8.38621 3445.81
8.38721 3445.93
8.38821 3446.06
8.38921 3446.19
8.39021 3446.31
8.39121 3446.44
8.39221 3446.57
8.39321 3446.69
8.39421 3446.82
8.39521 3446.95
8.39621 3447.07
8.39721 3447.2
8.39821 3447.33
8.39921 3447.45
8.40021 3447.58
8.40121 3447.71
8.40221 3447.83
8.40321 3447.96
8.40421 3448.09
8.40521 3448.21
8.40621 3448.34
8.40721 3448.47
8.40821 3448.59
8.40921 3448.72
8.41021 3448.85
8.41121 3448.97
8.41221 3449.1
8.41321 3449.23
8.41421 3449.35
8.41521 3449.48
8.41621 3449.61
8.41721 3449.73
8.41821 3449.86
8.41921 3449.99
8.42021 3450.11
8.42121 3450.24
8.42221 3450.37
8.42321 3450.49
8.42421 3450.62
8.42521 3450.75
8.42621 3450.87
8.42721 3451
8.42821 3451.13
8.42921 3451.26
8.43021 3451.38
8.43121 3451.51
8.43221 3451.64
8.43321 3451.76
8.43421 3451.89
8.43521 3452.02
8.43621 3452.14
8.43721 3452.27
8.43821 3452.4
8.43921 3452.52
8.44021 3452.65
8.44121 3452.78
8.44221 3452.9
8.44321 3453.03
8.44421 3453.16
8.44521 3453.28
8.44621 3453.41
8.44721 3453.54
8.44821 3453.67
8.44921 3453.79
8.45021 3453.92
8.45121 3454.05
8.45221 3454.17
8.45321 3454.3
8.45421 3454.43
8.45521 3454.55
8.45621 3454.68
8.45721 3454.81
8.45821 3454.94
8.45921 3455.06
8.46021 3455.19
8.46121 3455.32
8.46221 3455.44
8.46321 3455.57
8.46421 3455.7
8.46521 3455.82
8.46621 3455.95
8.46721 3456.08
8.46821 3456.21
8.46921 3456.33
8.47021 3456.46
8.47121 3456.59
8.47221 3456.71
8.47321 3456.84
8.47421 3456.97
8.47521 3457.1
8.47621 3457.22
8.47721 3457.35
8.47821 3457.48
8.47921 3457.6
8.48021 3457.73
8.48121 3457.86
8.48221 3457.99
8.48321 3458.11
8.48421 3458.24
8.48521 3458.37
8.48621 3458.49
8.48721 3458.62
8.48821 3458.75
8.48921 3458.88
8.49021 3459
8.49121 3459.13
8.49221 3459.26
8.49321 3459.38
8.49421 3459.51
8.49521 3459.64
8.49621 3459.77
8.49721 3459.89
8.49821 3460.02
8.49921 3460.15
8.50021 3460.28
8.50121 3460.4
8.50221 3460.53
8.50321 3460.66
8.50421 3460.78
8.50521 3460.91
8.50621 3461.04
8.50721 3461.17
8.50821 3461.29
8.50921 3461.42
8.51021 3461.55
8.51121 3461.68
8.51221 3461.8
8.51321 3461.93
8.51421 3462.06
8.51521 3462.19
8.51621 3462.31
8.51721 3462.44
8.51821 3462.57
8.51921 3462.69
8.52021 3462.82
8.52121 3462.95
8.52221 3463.08
8.52321 3463.2
8.52421 3463.33
8.52521 3463.46
8.52621 3463.59
8.52721 3463.71
8.52821 3463.84
8.52921 3463.97
8.53021 3464.1
8.53121 3464.22
8.53221 3464.35
8.53321 3464.48
8.53421 3464.61
8.53521 3464.73
8.53621 3464.86
8.53721 3464.99
8.53821 3465.12
8.53921 3465.24
8.54021 3465.37
8.54121 3465.5
8.54221 3465.63
8.54321 3465.75
8.54421 3465.88
8.54521 3466.01
8.54621 3466.14
8.54721 3466.26
8.54821 3466.39
8.54921 3466.52
8.55021 3466.65
8.55121 3466.78
8.55221 3466.9
8.55321 3467.03
8.55421 3467.16
8.55521 3467.29
8.55621 3467.41
8.55721 3467.54
8.55821 3467.67
8.55921 3467.8
8.56021 3467.92
8.56121 3468.05
8.56221 3468.18
8.56321 3468.31
8.56421 3468.43
8.56521 3468.56
8.56621 3468.69
8.56721 3468.82
8.56821 3468.95
8.56921 3469.07
8.57021 3469.2
8.57121 3469.33
8.57221 3469.46
8.57321 3469.58
8.57421 3469.71
8.57521 3469.84
8.57621 3469.97
8.57721 3470.1
8.57821 3470.22
8.57921 3470.35
8.58021 3470.48
8.58121 3470.61
8.58221 3470.73
8.58321 3470.86
8.58421 3470.99
8.58521 3471.12
8.58621 3471.25
8.58721 3471.37
8.58821 3471.5
8.58921 3471.63
8.59021 3471.76
8.59121 3471.89
8.59221 3472.01
8.59321 3472.14
8.59421 3472.27
8.59521 3472.4
8.59621 3472.52
8.59721 3472.65
8.59821 3472.78
8.59921 3472.91
8.60021 3473.04
8.60121 3473.16
8.60221 3473.29
8.60321 3473.42
8.60421 3473.55
8.60521 3473.68
8.60621 3473.8
8.60721 3473.93
8.60821 3474.06
8.60921 3474.19
8.61021 3474.32
8.61121 3474.44
8.61221 3474.57
8.61321 3474.7
8.61421 3474.83
8.61521 3474.96
8.61621 3475.08
8.61721 3475.21
8.61821 3475.34
8.61921 3475.47
8.62021 3475.6
8.62121 3475.73
8.62221 3475.85
8.62321 3475.98
8.62421 3476.11
8.62521 3476.24
8.62621 3476.37
8.62721 3476.49
8.62821 3476.62
8.62921 3476.75
8.63021 3476.88
8.63121 3477.01
8.63221 3477.13
8.63321 3477.26
8.63421 3477.39
8.63521 3477.52
8.63621 3477.65
8.63721 3477.78
8.63821 3477.9
8.63921 3478.03
8.64021 3478.16
8.64121 3478.29
8.64221 3478.42
8.64321 3478.54
8.64421 3478.67
8.64521 3478.8
8.64621 3478.93
8.64721 3479.06
8.64821 3479.19
8.64921 3479.31
8.65021 3479.44
8.65121 3479.57
8.65221 3479.7
8.65321 3479.83
8.65421 3479.96
8.65521 3480.08
8.65621 3480.21
8.65721 3480.34
8.65821 3480.47
8.65921 3480.6
8.66021 3480.73
8.66121 3480.85
8.66221 3480.98
8.66321 3481.11
8.66421 3481.24
8.66521 3481.37
8.66621 3481.5
8.66721 3481.62
8.66821 3481.75
8.66921 3481.88
8.67021 3482.01
8.67121 3482.14
8.67221 3482.27
8.67321 3482.4
8.67421 3482.52
8.67521 3482.65
8.67621 3482.78
8.67721 3482.91
8.67821 3483.04
8.67921 3483.17
8.68021 3483.29
8.68121 3483.42
8.68221 3483.55
8.68321 3483.68
8.68421 3483.81
8.68521 3483.94
8.68621 3484.07
8.68721 3484.19
8.68821 3484.32
8.68921 3484.45
8.69021 3484.58
8.69121 3484.71
8.69221 3484.84
8.69321 3484.97
8.69421 3485.09
8.69521 3485.22
8.69621 3485.35
8.69721 3485.48
8.69821 3485.61
8.69921 3485.74
8.70021 3485.87
8.70121 3485.99
8.70221 3486.12
8.70321 3486.25
8.70421 3486.38
8.70521 3486.51
8.70621 3486.64
8.70721 3486.77
8.70821 3486.89
8.70921 3487.02
8.71021 3487.15
8.71121 3487.28
8.71221 3487.41
8.71321 3487.54
8.71421 3487.67
8.71521 3487.8
8.71621 3487.92
8.71721 3488.05
8.71821 3488.18
8.71921 3488.31
8.72021 3488.44
8.72121 3488.57
8.72221 3488.7
8.72321 3488.83
8.72421 3488.95
8.72521 3489.08
8.72621 3489.21
8.72721 3489.34
8.72821 3489.47
8.72921 3489.6
8.73021 3489.73
8.73121 3489.86
8.73221 3489.98
8.73321 3490.11
8.73421 3490.24
8.73521 3490.37
8.73621 3490.5
8.73721 3490.63
8.73821 3490.76
8.73921 3490.89
8.74021 3491.02
8.74121 3491.14
8.74221 3491.27
8.74321 3491.4
8.74421 3491.53
8.74521 3491.66
8.74621 3491.79
8.74721 3491.92
8.74821 3492.05
8.74921 3492.18
8.75021 3492.31
8.75121 3492.43
8.75221 3492.56
8.75321 3492.69
8.75421 3492.82
8.75521 3492.95
8.75621 3493.08
8.75721 3493.21
8.75821 3493.34
8.75921 3493.47
8.76021 3493.6
8.76121 3493.72
8.76221 3493.85
8.76321 3493.98
8.76421 3494.11
8.76521 3494.24
8.76621 3494.37
8.76721 3494.5
8.76821 3494.63
8.76921 3494.76
8.77021 3494.89
8.77121 3495.01
8.77221 3495.14
8.77321 3495.27
8.77421 3495.4
8.77521 3495.53
8.77621 3495.66
8.77721 3495.79
8.77821 3495.92
8.77921 3496.05
8.78021 3496.18
8.78121 3496.31
8.78221 3496.44
8.78321 3496.56
8.78421 3496.69
8.78521 3496.82
8.78621 3496.95
8.78721 3497.08
8.78821 3497.21
8.78921 3497.34
8.79021 3497.47
8.79121 3497.6
8.79221 3497.73
8.79321 3497.86
8.79421 3497.99
8.79521 3498.12
8.79621 3498.24
8.79721 3498.37
8.79821 3498.5
8.79921 3498.63
8.80021 3498.76
8.80121 3498.89
8.80221 3499.02
8.80321 3499.15
8.80421 3499.28
8.80521 3499.41
8.80621 3499.54
8.80721 3499.67
8.80821 3499.8
8.80921 3499.93
8.81021 3500.06
8.81121 3500.18
8.81221 3500.31
8.81321 3500.44
8.81421 3500.57
8.81521 3500.7
8.81621 3500.83
8.81721 3500.96
8.81821 3501.09
8.81921 3501.22
8.82021 3501.35
8.82121 3501.48
8.82221 3501.61
8.82321 3501.74
8.82421 3501.87
8.82521 3502
8.82621 3502.13
8.82721 3502.26
8.82821 3502.38
8.82921 3502.51
8.83021 3502.64
8.83121 3502.77
8.83221 3502.9
8.83321 3503.03
8.83421 3503.16
8.83521 3503.29
8.83621 3503.42
8.83721 3503.55
8.83821 3503.68
8.83921 3503.81
8.84021 3503.94
8.84121 3504.07
8.84221 3504.2
8.84321 3504.33
8.84421 3504.46
8.84521 3504.59
8.84621 3504.72
8.84721 3504.85
8.84821 3504.98
8.84921 3505.11
8.85021 3505.24
8.85121 3505.36
8.85221 3505.49
8.85321 3505.62
8.85421 3505.75
8.85521 3505.88
8.85621 3506.01
8.85721 3506.14
8.85821 3506.27
8.85921 3506.4
8.86021 3506.53
8.86121 3506.66
8.86221 3506.79
8.86321 3506.92
8.86421 3507.05
8.86521 3507.18
8.86621 3507.31
8.86721 3507.44
8.86821 3507.57
8.86921 3507.7
8.87021 3507.83
8.87121 3507.96
8.87221 3508.09
8.87321 3508.22
8.87421 3508.35
8.87521 3508.48
8.87621 3508.61
8.87721 3508.74
8.87821 3508.87
8.87921 3509
8.88021 3509.13
8.88121 3509.26
8.88221 3509.39
8.88321 3509.52
8.88421 3509.65
8.88521 3509.78
8.88621 3509.91
8.88721 3510.04
8.88821 3510.17
8.88921 3510.3
8.89021 3510.43
8.89121 3510.56
8.89221 3510.69
8.89321 3510.82
8.89421 3510.95
8.89521 3511.08
8.89621 3511.21
8.89721 3511.34
8.89821 3511.47
8.89921 3511.6
8.90021 3511.73
8.90121 3511.86
8.90221 3511.99
8.90321 3512.12
8.90421 3512.25
8.90521 3512.38
8.90621 3512.51
8.90721 3512.64
8.90821 3512.77
8.90921 3512.9
8.91021 3513.03
8.91121 3513.16
8.91221 3513.29
8.91321 3513.42
8.91421 3513.55
8.91521 3513.68
8.91621 3513.81
8.91721 3513.94
8.91821 3514.07
8.91921 3514.2
8.92021 3514.33
8.92121 3514.46
8.92221 3514.59
8.92321 3514.72
8.92421 3514.85
8.92521 3514.98
8.92621 3515.11
8.92721 3515.24
8.92821 3515.37
8.92921 3515.5
8.93021 3515.63
8.93121 3515.76
8.93221 3515.89
8.93321 3516.02
8.93421 3516.15
8.93521 3516.28
8.93621 3516.41
8.93721 3516.54
8.93821 3516.67
8.93921 3516.8
8.94021 3516.93
8.94121 3517.06
8.94221 3517.19
8.94321 3517.32
8.94421 3517.45
8.94521 3517.58
8.94621 3517.71
8.94721 3517.84
8.94821 3517.97
8.94921 3518.1
8.95021 3518.23
8.95121 3518.36
8.95221 3518.49
8.95321 3518.62
8.95421 3518.76
8.95521 3518.89
8.95621 3519.02
8.95721 3519.15
8.95821 3519.28
8.95921 3519.41
8.96021 3519.54
8.96121 3519.67
8.96221 3519.8
8.96321 3519.93
8.96421 3520.06
8.96521 3520.19
8.96621 3520.32
8.96721 3520.45
8.96821 3520.58
8.96921 3520.71
8.97021 3520.84
8.97121 3520.97
8.97221 3521.1
8.97321 3521.23
8.97421 3521.36
8.97521 3521.49
8.97621 3521.62
8.97721 3521.76
8.97821 3521.89
8.97921 3522.02
8.98021 3522.15
8.98121 3522.28
8.98221 3522.41
8.98321 3522.54
8.98421 3522.67
8.98521 3522.8
8.98621 3522.93
8.98721 3523.06
8.98821 3523.19
8.98921 3523.32
8.99021 3523.45
8.99121 3523.58
8.99221 3523.71
8.99321 3523.84
8.99421 3523.98
8.99521 3524.11
8.99621 3524.24
8.99721 3524.37
8.99821 3524.5
8.99921 3524.63
9.00021 3524.76
9.00121 3524.89
9.00221 3525.02
9.00321 3525.15
9.00421 3525.28
9.00521 3525.41
9.00621 3525.54
9.00721 3525.67
9.00821 3525.8
9.00921 3525.94
9.01021 3526.07
9.01121 3526.2
9.01221 3526.33
9.01321 3526.46
9.01421 3526.59
9.01521 3526.72
9.01621 3526.85
9.01721 3526.98
9.01821 3527.11
9.01921 3527.24
9.02021 3527.37
9.02121 3527.5
9.02221 3527.64
9.02321 3527.77
9.02421 3527.9
9.02521 3528.03
9.02621 3528.16
9.02721 3528.29
9.02821 3528.42
9.02921 3528.55
9.03021 3528.68
9.03121 3528.81
9.03221 3528.94
9.03321 3529.07
9.03421 3529.21
9.03521 3529.34
9.03621 3529.47
9.03721 3529.6
9.03821 3529.73
9.03921 3529.86
9.04021 3529.99
9.04121 3530.12
9.04221 3530.25
9.04321 3530.38
9.04421 3530.52
9.04521 3530.65
9.04621 3530.78
9.04721 3530.91
9.04821 3531.04
9.04921 3531.17
9.05021 3531.3
9.05121 3531.43
9.05221 3531.56
9.05321 3531.69
9.05421 3531.83
9.05521 3531.96
9.05621 3532.09
9.05721 3532.22
9.05821 3532.35
9.05921 3532.48
9.06021 3532.61
9.06121 3532.74
9.06221 3532.87
9.06321 3533.01
9.06421 3533.14
9.06521 3533.27
9.06621 3533.4
9.06721 3533.53
9.06821 3533.66
9.06921 3533.79
9.07021 3533.92
9.07121 3534.05
9.07221 3534.19
9.07321 3534.32
9.07421 3534.45
9.07521 3534.58
9.07621 3534.71
9.07721 3534.84
9.07821 3534.97
9.07921 3535.1
9.08021 3535.23
9.08121 3535.37
9.08221 3535.5
9.08321 3535.63
9.08421 3535.76
9.08521 3535.89
9.08621 3536.02
9.08721 3536.15
9.08821 3536.28
9.08921 3536.42
9.09021 3536.55
9.09121 3536.68
9.09221 3536.81
9.09321 3536.94
9.09421 3537.07
9.09521 3537.2
9.09621 3537.34
9.09721 3537.47
9.09821 3537.6
9.09921 3537.73
9.10021 3537.86
9.10121 3537.99
9.10221 3538.12
9.10321 3538.25
9.10421 3538.39
9.10521 3538.52
9.10621 3538.65
9.10721 3538.78
9.10821 3538.91
9.10921 3539.04
9.11021 3539.17
9.11121 3539.31
9.11221 3539.44
9.11321 3539.57
9.11421 3539.7
9.11521 3539.83
9.11621 3539.96
9.11721 3540.09
9.11821 3540.23
9.11921 3540.36
9.12021 3540.49
9.12121 3540.62
9.12221 3540.75
9.12321 3540.88
9.12421 3541.02
9.12521 3541.15
9.12621 3541.28
9.12721 3541.41
9.12821 3541.54
9.12921 3541.67
9.13021 3541.8
9.13121 3541.94
9.13221 3542.07
9.13321 3542.2
9.13421 3542.33
9.13521 3542.46
9.13621 3542.59
9.13721 3542.73
9.13821 3542.86
9.13921 3542.99
9.14021 3543.12
9.14121 3543.25
9.14221 3543.38
9.14321 3543.52
9.14421 3543.65
9.14521 3543.78
9.14621 3543.91
9.14721 3544.04
9.14821 3544.17
9.14921 3544.31
9.15021 3544.44
9.15121 3544.57
9.15221 3544.7
9.15321 3544.83
9.15421 3544.96
9.15521 3545.1
9.15621 3545.23
9.15721 3545.36
9.15821 3545.49
9.15921 3545.62
9.16021 3545.76
9.16121 3545.89
9.16221 3546.02
9.16321 3546.15
9.16421 3546.28
9.16521 3546.41
9.16621 3546.55
9.16721 3546.68
9.16821 3546.81
9.16921 3546.94
9.17021 3547.07
9.17121 3547.21
9.17221 3547.34
9.17321 3547.47
9.17421 3547.6
9.17521 3547.73
9.17621 3547.86
9.17721 3548
9.17821 3548.13
9.17921 3548.26
9.18021 3548.39
9.18121 3548.52
9.18221 3548.66
9.18321 3548.79
9.18421 3548.92
9.18521 3549.05
9.18621 3549.18
9.18721 3549.32
9.18821 3549.45
9.18921 3549.58
9.19021 3549.71
9.19121 3549.84
9.19221 3549.98
9.19321 3550.11
9.19421 3550.24
9.19521 3550.37
9.19621 3550.5
9.19721 3550.64
9.19821 3550.77
9.19921 3550.9
9.20021 3551.03
9.20121 3551.16
9.20221 3551.3
9.20321 3551.43
9.20421 3551.56
9.20521 3551.69
9.20621 3551.82
9.20721 3551.96
9.20821 3552.09
9.20921 3552.22
9.21021 3552.35
9.21121 3552.49
9.21221 3552.62
9.21321 3552.75
9.21421 3552.88
9.21521 3553.01
9.21621 3553.15
9.21721 3553.28
9.21821 3553.41
9.21921 3553.54
9.22021 3553.67
9.22121 3553.81
9.22221 3553.94
9.22321 3554.07
9.22421 3554.2
9.22521 3554.34
9.22621 3554.47
9.22721 3554.6
9.22821 3554.73
9.22921 3554.86
9.23021 3555
9.23121 3555.13
9.23221 3555.26
9.23321 3555.39
9.23421 3555.53
9.23521 3555.66
9.23621 3555.79
9.23721 3555.92
9.23821 3556.06
9.23921 3556.19
9.24021 3556.32
9.24121 3556.45
9.24221 3556.58
9.24321 3556.72
9.24421 3556.85
9.24521 3556.98
9.24621 3557.11
9.24721 3557.25
9.24821 3557.38
9.24921 3557.51
9.25021 3557.64
9.25121 3557.78
9.25221 3557.91
9.25321 3558.04
9.25421 3558.17
9.25521 3558.31
9.25621 3558.44
9.25721 3558.57
9.25821 3558.7
9.25921 3558.84
9.26021 3558.97
9.26121 3559.1
9.26221 3559.23
9.26321 3559.37
9.26421 3559.5
9.26521 3559.63
9.26621 3559.76
9.26721 3559.9
9.26821 3560.03
9.26921 3560.16
9.27021 3560.29
9.27121 3560.43
9.27221 3560.56
9.27321 3560.69
9.27421 3560.82
9.27521 3560.96
9.27621 3561.09
9.27721 3561.22
9.27821 3561.35
9.27921 3561.49
9.28021 3561.62
9.28121 3561.75
9.28221 3561.88
9.28321 3562.02
9.28421 3562.15
9.28521 3562.28
9.28621 3562.42
9.28721 3562.55
9.28821 3562.68
9.28921 3562.81
9.29021 3562.95
9.29121 3563.08
9.29221 3563.21
9.29321 3563.34
9.29421 3563.48
9.29521 3563.61
9.29621 3563.74
9.29721 3563.87
9.29821 3564.01
9.29921 3564.14
9.30021 3564.27
9.30121 3564.41
9.30221 3564.54
9.30321 3564.67
9.30421 3564.8
9.30521 3564.94
9.30621 3565.07
9.30721 3565.2
9.30821 3565.34
9.30921 3565.47
9.31021 3565.6
9.31121 3565.73
9.31221 3565.87
9.31321 3566
9.31421 3566.13
9.31521 3566.27
9.31621 3566.4
9.31721 3566.53
9.31821 3566.66
9.31921 3566.8
9.32021 3566.93
9.32121 3567.06
9.32221 3567.2
9.32321 3567.33
9.32421 3567.46
9.32521 3567.59
9.32621 3567.73
9.32721 3567.86
9.32821 3567.99
9.32921 3568.13
9.33021 3568.26
9.33121 3568.39
9.33221 3568.53
9.33321 3568.66
9.33421 3568.79
9.33521 3568.92
9.33621 3569.06
9.33721 3569.19
9.33821 3569.32
9.33921 3569.46
9.34021 3569.59
9.34121 3569.72
9.34221 3569.86
9.34321 3569.99
9.34421 3570.12
9.34521 3570.25
9.34621 3570.39
9.34721 3570.52
9.34821 3570.65
9.34921 3570.79
9.35021 3570.92
9.35121 3571.05
9.35221 3571.19
9.35321 3571.32
9.35421 3571.45
9.35521 3571.59
9.35621 3571.72
9.35721 3571.85
9.35821 3571.99
9.35921 3572.12
9.36021 3572.25
9.36121 3572.38
9.36221 3572.52
9.36321 3572.65
9.36421 3572.78
9.36521 3572.92
9.36621 3573.05
9.36721 3573.18
9.36821 3573.32
9.36921 3573.45
9.37021 3573.58
9.37121 3573.72
9.37221 3573.85
9.37321 3573.98
9.37421 3574.12
9.37521 3574.25
9.37621 3574.38
9.37721 3574.52
9.37821 3574.65
9.37921 3574.78
9.38021 3574.92
9.38121 3575.05
9.38221 3575.18
9.38321 3575.32
9.38421 3575.45
9.38521 3575.58
9.38621 3575.72
9.38721 3575.85
9.38821 3575.98
9.38921 3576.12
9.39021 3576.25
9.39121 3576.38
9.39221 3576.52
9.39321 3576.65
9.39421 3576.78
9.39521 3576.92
9.39621 3577.05
9.39721 3577.18
9.39821 3577.32
9.39921 3577.45
9.40021 3577.58
9.40121 3577.72
9.40221 3577.85
9.40321 3577.99
9.40421 3578.12
9.40521 3578.25
9.40621 3578.39
9.40721 3578.52
9.40821 3578.65
9.40921 3578.79
9.41021 3578.92
9.41121 3579.05
9.41221 3579.19
9.41321 3579.32
9.41421 3579.45
9.41521 3579.59
9.41621 3579.72
9.41721 3579.85
9.41821 3579.99
9.41921 3580.12
9.42021 3580.26
9.42121 3580.39
9.42221 3580.52
9.42321 3580.66
9.42421 3580.79
9.42521 3580.92
9.42621 3581.06
9.42721 3581.19
9.42821 3581.32
9.42921 3581.46
9.43021 3581.59
9.43121 3581.73
9.43221 3581.86
9.43321 3581.99
9.43421 3582.13
9.43521 3582.26
9.43621 3582.39
9.43721 3582.53
9.43821 3582.66
9.43921 3582.8
9.44021 3582.93
9.44121 3583.06
9.44221 3583.2
9.44321 3583.33
9.44421 3583.46
9.44521 3583.6
9.44621 3583.73
9.44721 3583.87
9.44821 3584
9.44921 3584.13
9.45021 3584.27
9.45121 3584.4
9.45221 3584.53
9.45321 3584.67
9.45421 3584.8
9.45521 3584.94
9.45621 3585.07
9.45721 3585.2
9.45821 3585.34
9.45921 3585.47
9.46021 3585.61
9.46121 3585.74
9.46221 3585.87
9.46321 3586.01
9.46421 3586.14
9.46521 3586.28
9.46621 3586.41
9.46721 3586.54
9.46821 3586.68
9.46921 3586.81
9.47021 3586.94
9.47121 3587.08
9.47221 3587.21
9.47321 3587.35
9.47421 3587.48
9.47521 3587.61
9.47621 3587.75
9.47721 3587.88
9.47821 3588.02
9.47921 3588.15
9.48021 3588.28
9.48121 3588.42
9.48221 3588.55
9.48321 3588.69
9.48421 3588.82
9.48521 3588.96
9.48621 3589.09
9.48721 3589.22
9.48821 3589.36
9.48921 3589.49
9.49021 3589.63
9.49121 3589.76
9.49221 3589.89
9.49321 3590.03
9.49421 3590.16
9.49521 3590.3
9.49621 3590.43
9.49721 3590.56
9.49821 3590.7
9.49921 3590.83
9.50021 3590.97
9.50121 3591.1
9.50221 3591.24
9.50321 3591.37
9.50421 3591.5
9.50521 3591.64
9.50621 3591.77
9.50721 3591.91
9.50821 3592.04
9.50921 3592.17
9.51021 3592.31
9.51121 3592.44
9.51221 3592.58
9.51321 3592.71
9.51421 3592.85
9.51521 3592.98
9.51621 3593.11
9.51721 3593.25
9.51821 3593.38
9.51921 3593.52
9.52021 3593.65
9.52121 3593.79
9.52221 3593.92
9.52321 3594.05
9.52421 3594.19
9.52521 3594.32
9.52621 3594.46
9.52721 3594.59
9.52821 3594.73
9.52921 3594.86
9.53021 3595
9.53121 3595.13
9.53221 3595.26
9.53321 3595.4
9.53421 3595.53
9.53521 3595.67
9.53621 3595.8
9.53721 3595.94
9.53821 3596.07
9.53921 3596.21
9.54021 3596.34
9.54121 3596.47
9.54221 3596.61
9.54321 3596.74
9.54421 3596.88
9.54521 3597.01
9.54621 3597.15
9.54721 3597.28
9.54821 3597.42
9.54921 3597.55
9.55021 3597.68
9.55121 3597.82
9.55221 3597.95
9.55321 3598.09
9.55421 3598.22
9.55521 3598.36
9.55621 3598.49
9.55721 3598.63
9.55821 3598.76
9.55921 3598.9
9.56021 3599.03
9.56121 3599.17
9.56221 3599.3
9.56321 3599.43
9.56421 3599.57
9.56521 3599.7
9.56621 3599.84
9.56721 3599.97
9.56821 3600.11
9.56921 3600.24
9.57021 3600.38
9.57121 3600.51
9.57221 3600.65
9.57321 3600.78
9.57421 3600.92
9.57521 3601.05
9.57621 3601.19
9.57721 3601.32
9.57821 3601.45
9.57921 3601.59
9.58021 3601.72
9.58121 3601.86
9.58221 3601.99
9.58321 3602.13
9.58421 3602.26
9.58521 3602.4
9.58621 3602.53
9.58721 3602.67
9.58821 3602.8
9.58921 3602.94
9.59021 3603.07
9.59121 3603.21
9.59221 3603.34
9.59321 3603.48
9.59421 3603.61
9.59521 3603.75
9.59621 3603.88
9.59721 3604.02
9.59821 3604.15
9.59921 3604.29
9.60021 3604.42
9.60121 3604.56
9.60221 3604.69
9.60321 3604.83
9.60421 3604.96
9.60521 3605.1
9.60621 3605.23
9.60721 3605.36
9.60821 3605.5
9.60921 3605.63
9.61021 3605.77
9.61121 3605.9
9.61221 3606.04
9.61321 3606.17
9.61421 3606.31
9.61521 3606.44
9.61621 3606.58
9.61721 3606.71
9.61821 3606.85
9.61921 3606.98
9.62021 3607.12
9.62121 3607.25
9.62221 3607.39
9.62321 3607.52
9.62421 3607.66
9.62521 3607.8
9.62621 3607.93
9.62721 3608.07
9.62821 3608.2
9.62921 3608.34
9.63021 3608.47
9.63121 3608.61
9.63221 3608.74
9.63321 3608.88
9.63421 3609.01
9.63521 3609.15
9.63621 3609.28
9.63721 3609.42
9.63821 3609.55
9.63921 3609.69
9.64021 3609.82
9.64121 3609.96
9.64221 3610.09
9.64321 3610.23
9.64421 3610.36
9.64521 3610.5
9.64621 3610.63
9.64721 3610.77
9.64821 3610.9
9.64921 3611.04
9.65021 3611.17
9.65121 3611.31
9.65221 3611.44
9.65321 3611.58
9.65421 3611.72
9.65521 3611.85
9.65621 3611.99
9.65721 3612.12
9.65821 3612.26
9.65921 3612.39
9.66021 3612.53
9.66121 3612.66
9.66221 3612.8
9.66321 3612.93
9.66421 3613.07
9.66521 3613.2
9.66621 3613.34
9.66721 3613.47
9.66821 3613.61
9.66921 3613.75
9.67021 3613.88
9.67121 3614.02
9.67221 3614.15
9.67321 3614.29
9.67421 3614.42
9.67521 3614.56
9.67621 3614.69
9.67721 3614.83
9.67821 3614.96
9.67921 3615.1
9.68021 3615.24
9.68121 3615.37
9.68221 3615.51
9.68321 3615.64
9.68421 3615.78
9.68521 3615.91
9.68621 3616.05
9.68721 3616.18
9.68821 3616.32
9.68921 3616.45
9.69021 3616.59
9.69121 3616.73
9.69221 3616.86
9.69321 3617
9.69421 3617.13
9.69521 3617.27
9.69621 3617.4
9.69721 3617.54
9.69821 3617.67
9.69921 3617.81
9.70021 3617.95
9.70121 3618.08
9.70221 3618.22
9.70321 3618.35
9.70421 3618.49
9.70521 3618.62
9.70621 3618.76
9.70721 3618.9
9.70821 3619.03
9.70921 3619.17
9.71021 3619.3
9.71121 3619.44
9.71221 3619.57
9.71321 3619.71
9.71421 3619.85
9.71521 3619.98
9.71621 3620.12
9.71721 3620.25
9.71821 3620.39
9.71921 3620.52
9.72021 3620.66
9.72121 3620.8
9.72221 3620.93
9.72321 3621.07
9.72421 3621.2
9.72521 3621.34
9.72621 3621.47
9.72721 3621.61
9.72821 3621.75
9.72921 3621.88
9.73021 3622.02
9.73121 3622.15
9.73221 3622.29
9.73321 3622.43
9.73421 3622.56
9.73521 3622.7
9.73621 3622.83
9.73721 3622.97
9.73821 3623.1
9.73921 3623.24
9.74021 3623.38
9.74121 3623.51
9.74221 3623.65
9.74321 3623.78
9.74421 3623.92
9.74521 3624.06
9.74621 3624.19
9.74721 3624.33
9.74821 3624.46
9.74921 3624.6
9.75021 3624.74
9.75121 3624.87
9.75221 3625.01
9.75321 3625.14
9.75421 3625.28
9.75521 3625.42
9.75621 3625.55
9.75721 3625.69
9.75821 3625.82
9.75921 3625.96
9.76021 3626.1
9.76121 3626.23
9.76221 3626.37
9.76321 3626.5
9.76421 3626.64
9.76521 3626.78
9.76621 3626.91
9.76721 3627.05
9.76821 3627.18
9.76921 3627.32
9.77021 3627.46
9.77121 3627.59
9.77221 3627.73
9.77321 3627.87
9.77421 3628
9.77521 3628.14
9.77621 3628.27
9.77721 3628.41
9.77821 3628.55
9.77921 3628.68
9.78021 3628.82
9.78121 3628.95
9.78221 3629.09
9.78321 3629.23
9.78421 3629.36
9.78521 3629.5
9.78621 3629.64
9.78721 3629.77
9.78821 3629.91
9.78921 3630.04
9.79021 3630.18
9.79121 3630.32
9.79221 3630.45
9.79321 3630.59
9.79421 3630.73
9.79521 3630.86
9.79621 3631
9.79721 3631.13
9.79821 3631.27
9.79921 3631.41
9.80021 3631.54
9.80121 3631.68
9.80221 3631.82
9.80321 3631.95
9.80421 3632.09
9.80521 3632.23
9.80621 3632.36
9.80721 3632.5
9.80821 3632.63
9.80921 3632.77
9.81021 3632.91
9.81121 3633.04
9.81221 3633.18
9.81321 3633.32
9.81421 3633.45
9.81521 3633.59
9.81621 3633.73
9.81721 3633.86
9.81821 3634
9.81921 3634.14
9.82021 3634.27
9.82121 3634.41
9.82221 3634.54
9.82321 3634.68
9.82421 3634.82
9.82521 3634.95
9.82621 3635.09
9.82721 3635.23
9.82821 3635.36
9.82921 3635.5
9.83021 3635.64
9.83121 3635.77
9.83221 3635.91
9.83321 3636.05
9.83421 3636.18
9.83521 3636.32
9.83621 3636.46
9.83721 3636.59
9.83821 3636.73
9.83921 3636.87
9.84021 3637
9.84121 3637.14
9.84221 3637.28
9.84321 3637.41
9.84421 3637.55
9.84521 3637.69
9.84621 3637.82
9.84721 3637.96
9.84821 3638.1
9.84921 3638.23
9.85021 3638.37
9.85121 3638.51
9.85221 3638.64
9.85321 3638.78
9.85421 3638.92
9.85521 3639.05
9.85621 3639.19
9.85721 3639.33
9.85821 3639.46
9.85921 3639.6
9.86021 3639.74
9.86121 3639.87
9.86221 3640.01
9.86321 3640.15
9.86421 3640.28
9.86521 3640.42
9.86621 3640.56
9.86721 3640.69
9.86821 3640.83
9.86921 3640.97
9.87021 3641.11
9.87121 3641.24
9.87221 3641.38
9.87321 3641.52
9.87421 3641.65
9.87521 3641.79
9.87621 3641.93
9.87721 3642.06
9.87821 3642.2
9.87921 3642.34
9.88021 3642.47
9.88121 3642.61
9.88221 3642.75
9.88321 3642.88
9.88421 3643.02
9.88521 3643.16
9.88621 3643.3
9.88721 3643.43
9.88821 3643.57
9.88921 3643.71
9.89021 3643.84
9.89121 3643.98
9.89221 3644.12
9.89321 3644.25
9.89421 3644.39
9.89521 3644.53
9.89621 3644.67
9.89721 3644.8
9.89821 3644.94
9.89921 3645.08
9.90021 3645.21
9.90121 3645.35
9.90221 3645.49
9.90321 3645.63
9.90421 3645.76
9.90521 3645.9
9.90621 3646.04
9.90721 3646.17
9.90821 3646.31
9.90921 3646.45
9.91021 3646.58
9.91121 3646.72
9.91221 3646.86
9.91321 3647
9.91421 3647.13
9.91521 3647.27
9.91621 3647.41
9.91721 3647.55
9.91821 3647.68
9.91921 3647.82
9.92021 3647.96
9.92121 3648.09
9.92221 3648.23
9.92321 3648.37
9.92421 3648.51
9.92521 3648.64
9.92621 3648.78
9.92721 3648.92
9.92821 3649.05
9.92921 3649.19
9.93021 3649.33
9.93121 3649.47
9.93221 3649.6
9.93321 3649.74
9.93421 3649.88
9.93521 3650.02
9.93621 3650.15
9.93721 3650.29
9.93821 3650.43
9.93921 3650.57
9.94021 3650.7
9.94121 3650.84
9.94221 3650.98
9.94321 3651.11
9.94421 3651.25
9.94521 3651.39
9.94621 3651.53
9.94721 3651.66
9.94821 3651.8
9.94921 3651.94
9.95021 3652.08
9.95121 3652.21
9.95221 3652.35
9.95321 3652.49
9.95421 3652.63
9.95521 3652.76
9.95621 3652.9
9.95721 3653.04
9.95821 3653.18
9.95921 3653.31
9.96021 3653.45
9.96121 3653.59
9.96221 3653.73
9.96321 3653.86
9.96421 3654
9.96521 3654.14
9.96621 3654.28
9.96721 3654.41
9.96821 3654.55
9.96921 3654.69
9.97021 3654.83
9.97121 3654.96
9.97221 3655.1
9.97321 3655.24
9.97421 3655.38
9.97521 3655.51
9.97621 3655.65
9.97721 3655.79
9.97821 3655.93
9.97921 3656.07
9.98021 3656.2
9.98121 3656.34
9.98221 3656.48
9.98321 3656.62
9.98421 3656.75
9.98521 3656.89
9.98621 3657.03
9.98721 3657.17
9.98821 3657.3
9.98921 3657.44
9.99021 3657.58
9.99121 3657.72
9.99221 3657.86
9.99321 3657.99
9.99421 3658.13
9.99521 3658.27
9.99621 3658.41
9.99721 3658.54
9.99821 3658.68
9.99921 3658.82
10.0002 3658.96
10.0012 3659.03
10.0022 3659.1
10.0032 3659.17
10.0042 3659.24
10.0052 3659.31
10.0062 3659.38
10.0072 3659.45
10.0082 3659.52
10.0092 3659.59
10.0102 3659.66
10.0112 3659.73
10.0122 3659.8
10.0132 3659.87
10.0142 3659.94
10.0152 3660.01
10.0162 3660.08
10.0172 3660.15
10.0182 3660.22
10.0192 3660.29
10.0202 3660.36
10.0212 3660.43
10.0222 3660.51
10.0232 3660.58
10.0242 3660.65
10.0252 3660.72
10.0262 3660.79
10.0272 3660.86
10.0282 3660.93
10.0292 3661
10.0302 3661.07
10.0312 3661.14
10.0322 3661.21
10.0332 3661.28
10.0342 3661.35
10.0352 3661.42
10.0362 3661.49
10.0372 3661.56
10.0382 3661.63
10.0392 3661.7
10.0402 3661.77
10.0412 3661.84
10.0422 3661.91
10.0432 3661.98
10.0442 3662.05
10.0452 3662.12
10.0462 3662.19
10.0472 3662.26
10.0482 3662.33
10.0492 3662.4
10.0502 3662.47
10.0512 3662.54
10.0522 3662.62
10.0532 3662.69
10.0542 3662.76
10.0552 3662.83
10.0562 3662.9
10.0572 3662.97
10.0582 3663.04
10.0592 3663.11
10.0602 3663.18
10.0612 3663.25
10.0622 3663.32
10.0632 3663.39
10.0642 3663.46
10.0652 3663.53
10.0662 3663.6
10.0672 3663.67
10.0682 3663.74
10.0692 3663.81
10.0702 3663.88
10.0712 3663.95
10.0722 3664.02
10.0732 3664.09
10.0742 3664.16
10.0752 3664.23
10.0762 3664.3
10.0772 3664.37
10.0782 3664.44
10.0792 3664.51
10.0802 3664.58
10.0812 3664.65
10.0822 3664.72
10.0832 3664.8
10.0842 3664.87
10.0852 3664.94
10.0862 3665.01
10.0872 3665.08
10.0882 3665.15
10.0892 3665.22
10.0902 3665.29
10.0912 3665.36
10.0922 3665.43
10.0932 3665.5
10.0942 3665.57
10.0952 3665.64
10.0962 3665.71
10.0972 3665.78
10.0982 3665.85
10.0992 3665.92
10.1002 3665.99
10.1012 3666.06
10.1022 3666.13
10.1032 3666.2
10.1042 3666.27
10.1052 3666.34
10.1062 3666.41
10.1072 3666.48
10.1082 3666.55
10.1092 3666.62
10.1102 3666.69
10.1112 3666.76
10.1122 3666.83
10.1132 3666.9
10.1142 3666.98
10.1152 3667.05
10.1162 3667.12
10.1172 3667.19
10.1182 3667.26
10.1192 3667.33
10.1202 3667.4
10.1212 3667.47
10.1222 3667.54
10.1232 3667.61
10.1242 3667.68
10.1252 3667.75
10.1262 3667.82
10.1272 3667.89
10.1282 3667.96
10.1292 3668.03
10.1302 3668.1
10.1312 3668.17
10.1322 3668.24
10.1332 3668.31
10.1342 3668.38
10.1352 3668.45
10.1362 3668.52
10.1372 3668.59
10.1382 3668.66
10.1392 3668.73
10.1402 3668.8
10.1412 3668.87
10.1422 3668.94
10.1432 3669.01
10.1442 3669.08
10.1452 3669.15
10.1462 3669.22
10.1472 3669.3
10.1482 3669.37
10.1492 3669.44
10.1502 3669.51
10.1512 3669.58
10.1522 3669.65
10.1532 3669.72
10.1542 3669.79
10.1552 3669.86
10.1562 3669.93
10.1572 3670
10.1582 3670.07
10.1592 3670.14
10.1602 3670.21
10.1612 3670.28
10.1622 3670.35
10.1632 3670.42
10.1642 3670.49
10.1652 3670.56
10.1662 3670.63
10.1672 3670.7
10.1682 3670.77
10.1692 3670.84
10.1702 3670.91
10.1712 3670.98
10.1722 3671.05
10.1732 3671.12
10.1742 3671.19
10.1752 3671.26
10.1762 3671.33
10.1772 3671.4
10.1782 3671.47
10.1792 3671.54
10.1802 3671.61
10.1812 3671.69
10.1822 3671.76
10.1832 3671.83
10.1842 3671.9
10.1852 3671.97
10.1862 3672.04
10.1872 3672.11
10.1882 3672.18
10.1892 3672.25
10.1902 3672.32
10.1912 3672.39
10.1922 3672.46
10.1932 3672.53
10.1942 3672.6
10.1952 3672.67
10.1962 3672.74
10.1972 3672.81
10.1982 3672.88
10.1992 3672.95
10.2002 3673.02
10.2012 3673.09
10.2022 3673.16
10.2032 3673.23
10.2042 3673.3
10.2052 3673.37
10.2062 3673.44
10.2072 3673.51
10.2082 3673.58
10.2092 3673.65
10.2102 3673.72
10.2112 3673.79
10.2122 3673.86
10.2132 3673.93
10.2142 3674
10.2152 3674.07
10.2162 3674.15
10.2172 3674.22
10.2182 3674.29
10.2192 3674.36
10.2202 3674.43
10.2212 3674.5
10.2222 3674.57
10.2232 3674.64
10.2242 3674.71
10.2252 3674.78
10.2262 3674.85
10.2272 3674.92
10.2282 3674.99
10.2292 3675.06
10.2302 3675.13
10.2312 3675.2
10.2322 3675.27
10.2332 3675.34
10.2342 3675.41
10.2352 3675.48
10.2362 3675.55
10.2372 3675.62
10.2382 3675.69
10.2392 3675.76
10.2402 3675.83
10.2412 3675.9
10.2422 3675.97
10.2432 3676.04
10.2442 3676.11
10.2452 3676.18
10.2462 3676.25
10.2472 3676.32
10.2482 3676.39
10.2492 3676.46
10.2502 3676.53
10.2512 3676.6
10.2522 3676.67
10.2532 3676.75
10.2542 3676.82
10.2552 3676.89
10.2562 3676.96
10.2572 3677.03
10.2582 3677.1
10.2592 3677.17
10.2602 3677.24
10.2612 3677.31
10.2622 3677.38
10.2632 3677.45
10.2642 3677.52
10.2652 3677.59
10.2662 3677.66
10.2672 3677.73
10.2682 3677.8
10.2692 3677.87
10.2702 3677.94
10.2712 3678.01
10.2722 3678.08
10.2732 3678.15
10.2742 3678.22
10.2752 3678.29
10.2762 3678.36
10.2772 3678.43
10.2782 3678.5
10.2792 3678.57
10.2802 3678.64
10.2812 3678.71
10.2822 3678.78
10.2832 3678.85
10.2842 3678.92
10.2852 3678.99
10.2862 3679.06
10.2872 3679.13
10.2882 3679.2
10.2892 3679.27
10.2902 3679.34
10.2912 3679.41
10.2922 3679.49
10.2932 3679.56
10.2942 3679.63
10.2952 3679.7
10.2962 3679.77
10.2972 3679.84
10.2982 3679.91
10.2992 3679.98
10.3002 3680.05
10.3012 3680.12
10.3022 3680.19
10.3032 3680.26
10.3042 3680.33
10.3052 3680.4
10.3062 3680.47
10.3072 3680.54
10.3082 3680.61
10.3092 3680.68
10.3102 3680.75
10.3112 3680.82
10.3122 3680.89
10.3132 3680.96
10.3142 3681.03
10.3152 3681.1
10.3162 3681.17
10.3172 3681.24
10.3182 3681.31
10.3192 3681.38
10.3202 3681.45
10.3212 3681.52
10.3222 3681.59
10.3232 3681.66
10.3242 3681.73
10.3252 3681.8
10.3262 3681.87
10.3272 3681.94
10.3282 3682.01
10.3292 3682.08
10.3302 3682.15
10.3312 3682.22
10.3322 3682.29
10.3332 3682.37
10.3342 3682.44
10.3352 3682.51
10.3362 3682.58
10.3372 3682.65
10.3382 3682.72
10.3392 3682.79
10.3402 3682.86
10.3412 3682.93
10.3422 3683
10.3432 3683.07
10.3442 3683.14
10.3452 3683.21
10.3462 3683.28
10.3472 3683.35
10.3482 3683.42
10.3492 3683.49
10.3502 3683.56
10.3512 3683.63
10.3522 3683.7
10.3532 3683.77
10.3542 3683.84
10.3552 3683.91
10.3562 3683.98
10.3572 3684.05
10.3582 3684.12
10.3592 3684.19
10.3602 3684.26
10.3612 3684.33
10.3622 3684.4
10.3632 3684.47
10.3642 3684.54
10.3652 3684.61
10.3662 3684.68
10.3672 3684.75
10.3682 3684.82
10.3692 3684.89
10.3702 3684.96
10.3712 3685.03
10.3722 3685.1
10.3732 3685.17
10.3742 3685.24
10.3752 3685.31
10.3762 3685.38
10.3772 3685.46
10.3782 3685.53
10.3792 3685.6
10.3802 3685.67
10.3812 3685.74
10.3822 3685.81
10.3832 3685.88
10.3842 3685.95
10.3852 3686.02
10.3862 3686.09
10.3872 3686.16
10.3882 3686.23
10.3892 3686.3
10.3902 3686.37
10.3912 3686.44
10.3922 3686.51
10.3932 3686.58
10.3942 3686.65
10.3952 3686.72
10.3962 3686.79
10.3972 3686.86
10.3982 3686.93
10.3992 3687
10.4002 3687.07
10.4012 3687.14
10.4022 3687.21
10.4032 3687.28
10.4042 3687.35
10.4052 3687.42
10.4062 3687.49
10.4072 3687.56
10.4082 3687.63
10.4092 3687.7
10.4102 3687.77
10.4112 3687.84
10.4122 3687.91
10.4132 3687.98
10.4142 3688.05
10.4152 3688.12
10.4162 3688.19
10.4172 3688.26
10.4182 3688.33
10.4192 3688.4
10.4202 3688.47
10.4212 3688.54
10.4222 3688.61
10.4232 3688.68
10.4242 3688.75
10.4252 3688.83
10.4262 3688.9
10.4272 3688.97
10.4282 3689.04
10.4292 3689.11
10.4302 3689.18
10.4312 3689.25
10.4322 3689.32
10.4332 3689.39
10.4342 3689.46
10.4352 3689.53
10.4362 3689.6
10.4372 3689.67
10.4382 3689.74
10.4392 3689.81
10.4402 3689.88
10.4412 3689.95
10.4422 3690.02
10.4432 3690.09
10.4442 3690.16
10.4452 3690.23
10.4462 3690.3
10.4472 3690.37
10.4482 3690.44
10.4492 3690.51
10.4502 3690.58
10.4512 3690.65
10.4522 3690.72
10.4532 3690.79
10.4542 3690.86
10.4552 3690.93
10.4562 3691
10.4572 3691.07
10.4582 3691.14
10.4592 3691.21
10.4602 3691.28
10.4612 3691.35
10.4622 3691.42
10.4632 3691.49
10.4642 3691.56
10.4652 3691.63
10.4662 3691.7
10.4672 3691.77
10.4682 3691.84
10.4692 3691.91
10.4702 3691.98
10.4712 3692.05
10.4722 3692.12
10.4732 3692.19
10.4742 3692.26
10.4752 3692.33
10.4762 3692.4
10.4772 3692.48
10.4782 3692.55
10.4792 3692.62
10.4802 3692.69
10.4812 3692.76
10.4822 3692.83
10.4832 3692.9
10.4842 3692.97
10.4852 3693.04
10.4862 3693.11
10.4872 3693.18
10.4882 3693.25
10.4892 3693.32
10.4902 3693.39
10.4912 3693.46
10.4922 3693.53
10.4932 3693.6
10.4942 3693.67
10.4952 3693.74
10.4962 3693.81
10.4972 3693.88
10.4982 3693.95
10.4992 3694.02
10.5002 3694.09
10.5012 3694.16
10.5022 3694.23
10.5032 3694.3
10.5042 3694.37
10.5052 3694.44
10.5062 3694.51
10.5072 3694.58
10.5082 3694.65
10.5092 3694.72
10.5102 3694.79
10.5112 3694.86
10.5122 3694.93
10.5132 3695
10.5142 3695.07
10.5152 3695.14
10.5162 3695.21
10.5172 3695.28
10.5182 3695.35
10.5192 3695.42
10.5202 3695.49
10.5212 3695.56
10.5222 3695.63
10.5232 3695.7
10.5242 3695.77
10.5252 3695.84
10.5262 3695.91
10.5272 3695.98
10.5282 3696.05
10.5292 3696.12
10.5302 3696.19
10.5312 3696.26
10.5322 3696.33
10.5332 3696.4
10.5342 3696.47
10.5352 3696.54
10.5362 3696.62
10.5372 3696.69
10.5382 3696.76
10.5392 3696.83
10.5402 3696.9
10.5412 3696.97
10.5422 3697.04
10.5432 3697.11
10.5442 3697.18
10.5452 3697.25
10.5462 3697.32
10.5472 3697.39
10.5482 3697.46
10.5492 3697.53
10.5502 3697.6
10.5512 3697.67
10.5522 3697.74
10.5532 3697.81
10.5542 3697.88
10.5552 3697.95
10.5562 3698.02
10.5572 3698.09
10.5582 3698.16
10.5592 3698.23
10.5602 3698.3
10.5612 3698.37
10.5622 3698.44
10.5632 3698.51
10.5642 3698.58
10.5652 3698.65
10.5662 3698.72
10.5672 3698.79
10.5682 3698.86
10.5692 3698.93
10.5702 3699
10.5712 3699.07
10.5722 3699.14
10.5732 3699.21
10.5742 3699.28
10.5752 3699.35
10.5762 3699.42
10.5772 3699.49
10.5782 3699.56
10.5792 3699.63
10.5802 3699.7
10.5812 3699.77
10.5822 3699.84
10.5832 3699.91
10.5842 3699.98
10.5852 3700.05
10.5862 3700.12
10.5872 3700.19
10.5882 3700.26
10.5892 3700.33
10.5902 3700.4
10.5912 3700.47
10.5922 3700.54
10.5932 3700.61
10.5942 3700.68
10.5952 3700.75
10.5962 3700.82
10.5972 3700.89
10.5982 3700.96
10.5992 3701.03
10.6002 3701.1
10.6012 3701.17
10.6022 3701.24
10.6032 3701.31
10.6042 3701.38
10.6052 3701.45
10.6062 3701.53
10.6072 3701.6
10.6082 3701.67
10.6092 3701.74
10.6102 3701.81
10.6112 3701.88
10.6122 3701.95
10.6132 3702.02
10.6142 3702.09
10.6152 3702.16
10.6162 3702.23
10.6172 3702.3
10.6182 3702.37
10.6192 3702.44
10.6202 3702.51
10.6212 3702.58
10.6222 3702.65
10.6232 3702.72
10.6242 3702.79
10.6252 3702.86
10.6262 3702.93
10.6272 3703
10.6282 3703.07
10.6292 3703.14
10.6302 3703.21
10.6312 3703.28
10.6322 3703.35
10.6332 3703.42
10.6342 3703.49
10.6352 3703.56
10.6362 3703.63
10.6372 3703.7
10.6382 3703.77
10.6392 3703.84
10.6402 3703.91
10.6412 3703.98
10.6422 3704.05
10.6432 3704.12
10.6442 3704.19
10.6452 3704.26
10.6462 3704.33
10.6472 3704.4
10.6482 3704.47
10.6492 3704.54
10.6502 3704.61
10.6512 3704.68
10.6522 3704.75
10.6532 3704.82
10.6542 3704.89
10.6552 3704.96
10.6562 3705.03
10.6572 3705.1
10.6582 3705.17
10.6592 3705.24
10.6602 3705.31
10.6612 3705.38
10.6622 3705.45
10.6632 3705.52
10.6642 3705.59
10.6652 3705.66
10.6662 3705.73
10.6672 3705.8
10.6682 3705.87
10.6692 3705.94
10.6702 3706.01
10.6712 3706.08
10.6722 3706.15
10.6732 3706.22
10.6742 3706.29
10.6752 3706.36
10.6762 3706.43
10.6772 3706.5
10.6782 3706.57
10.6792 3706.64
10.6802 3706.71
10.6812 3706.78
10.6822 3706.85
10.6832 3706.92
10.6842 3706.99
10.6852 3707.06
10.6862 3707.13
10.6872 3707.2
10.6882 3707.27
10.6892 3707.34
10.6902 3707.41
10.6912 3707.48
10.6922 3707.55
10.6932 3707.62
10.6942 3707.69
10.6952 3707.76
10.6962 3707.83
10.6972 3707.9
10.6982 3707.97
10.6992 3708.05
10.7002 3708.12
10.7012 3708.19
10.7022 3708.26
10.7032 3708.33
10.7042 3708.4
10.7052 3708.47
10.7062 3708.54
10.7072 3708.61
10.7082 3708.68
10.7092 3708.75
10.7102 3708.82
10.7112 3708.89
10.7122 3708.96
10.7132 3709.03
10.7142 3709.1
10.7152 3709.17
10.7162 3709.24
10.7172 3709.31
10.7182 3709.38
10.7192 3709.45
10.7202 3709.52
10.7212 3709.59
10.7222 3709.66
10.7232 3709.73
10.7242 3709.8
10.7252 3709.87
10.7262 3709.94
10.7272 3710.01
10.7282 3710.08
10.7292 3710.15
10.7302 3710.22
10.7312 3710.29
10.7322 3710.36
10.7332 3710.43
10.7342 3710.5
10.7352 3710.57
10.7362 3710.64
10.7372 3710.71
10.7382 3710.78
10.7392 3710.85
10.7402 3710.92
10.7412 3710.99
10.7422 3711.06
10.7432 3711.13
10.7442 3711.2
10.7452 3711.27
10.7462 3711.34
10.7472 3711.41
10.7482 3711.48
10.7492 3711.55
10.7502 3711.62
10.7512 3711.69
10.7522 3711.76
10.7532 3711.83
10.7542 3711.9
10.7552 3711.97
10.7562 3712.04
10.7572 3712.11
10.7582 3712.18
10.7592 3712.25
10.7602 3712.32
10.7612 3712.39
10.7622 3712.46
10.7632 3712.53
10.7642 3712.6
10.7652 3712.67
10.7662 3712.74
10.7672 3712.81
10.7682 3712.88
10.7692 3712.95
10.7702 3713.02
10.7712 3713.09
10.7722 3713.16
10.7732 3713.23
10.7742 3713.3
10.7752 3713.37
10.7762 3713.44
10.7772 3713.51
10.7782 3713.58
10.7792 3713.65
10.7802 3713.72
10.7812 3713.79
10.7822 3713.86
10.7832 3713.93
10.7842 3714
10.7852 3714.07
10.7862 3714.14
10.7872 3714.21
10.7882 3714.28
10.7892 3714.35
10.7902 3714.42
10.7912 3714.49
10.7922 3714.56
10.7932 3714.63
10.7942 3714.7
10.7952 3714.77
10.7962 3714.84
10.7972 3714.91
10.7982 3714.98
10.7992 3715.05
10.8002 3715.12
10.8012 3715.19
10.8022 3715.26
10.8032 3715.33
10.8042 3715.4
10.8052 3715.47
10.8062 3715.54
10.8072 3715.61
10.8082 3715.68
10.8092 3715.75
10.8102 3715.82
10.8112 3715.89
10.8122 3715.96
10.8132 3716.03
10.8142 3716.1
10.8152 3716.17
10.8162 3716.24
10.8172 3716.31
10.8182 3716.38
10.8192 3716.45
10.8202 3716.52
10.8212 3716.59
10.8222 3716.66
10.8232 3716.73
10.8242 3716.8
10.8252 3716.87
10.8262 3716.94
10.8272 3717.01
10.8282 3717.08
10.8292 3717.15
10.8302 3717.22
10.8312 3717.29
10.8322 3717.36
10.8332 3717.43
10.8342 3717.5
10.8352 3717.57
10.8362 3717.64
10.8372 3717.71
10.8382 3717.78
10.8392 3717.85
10.8402 3717.92
10.8412 3717.99
10.8422 3718.06
10.8432 3718.13
10.8442 3718.2
10.8452 3718.27
10.8462 3718.34
10.8472 3718.41
10.8482 3718.48
10.8492 3718.55
10.8502 3718.62
10.8512 3718.69
10.8522 3718.76
10.8532 3718.83
10.8542 3718.9
10.8552 3718.97
10.8562 3719.04
10.8572 3719.11
10.8582 3719.18
10.8592 3719.25
10.8602 3719.32
10.8612 3719.39
10.8622 3719.46
10.8632 3719.53
10.8642 3719.6
10.8652 3719.67
10.8662 3719.74
10.8672 3719.81
10.8682 3719.88
10.8692 3719.95
10.8702 3720.02
10.8712 3720.09
10.8722 3720.16
10.8732 3720.23
10.8742 3720.3
10.8752 3720.37
10.8762 3720.44
10.8772 3720.51
10.8782 3720.58
10.8792 3720.65
10.8802 3720.72
10.8812 3720.79
10.8822 3720.86
10.8832 3720.93
10.8842 3721
10.8852 3721.07
10.8862 3721.14
10.8872 3721.21
10.8882 3721.28
10.8892 3721.35
10.8902 3721.42
10.8912 3721.49
10.8922 3721.56
10.8932 3721.63
10.8942 3721.7
10.8952 3721.77
10.8962 3721.84
10.8972 3721.91
10.8982 3721.98
10.8992 3722.05
10.9002 3722.12
10.9012 3722.19
10.9022 3722.26
10.9032 3722.33
10.9042 3722.4
10.9052 3722.47
10.9062 3722.54
10.9072 3722.61
10.9082 3722.68
10.9092 3722.75
10.9102 3722.82
10.9112 3722.89
10.9122 3722.96
10.9132 3723.03
10.9142 3723.1
10.9152 3723.17
10.9162 3723.24
10.9172 3723.31
10.9182 3723.38
10.9192 3723.45
10.9202 3723.52
10.9212 3723.59
10.9222 3723.66
10.9232 3723.73
10.9242 3723.8
10.9252 3723.87
10.9262 3723.94
10.9272 3724.01
10.9282 3724.08
10.9292 3724.15
10.9302 3724.22
10.9312 3724.29
10.9322 3724.36
10.9332 3724.43
10.9342 3724.5
10.9352 3724.57
10.9362 3724.64
10.9372 3724.71
10.9382 3724.78
10.9392 3724.85
10.9402 3724.92
10.9412 3724.99
10.9422 3725.06
10.9432 3725.13
10.9442 3725.2
10.9452 3725.27
10.9462 3725.34
10.9472 3725.41
10.9482 3725.48
10.9492 3725.55
10.9502 3725.62
10.9512 3725.69
10.9522 3725.76
10.9532 3725.83
10.9542 3725.9
10.9552 3725.97
10.9562 3726.04
10.9572 3726.11
10.9582 3726.18
10.9592 3726.25
10.9602 3726.32
10.9612 3726.39
10.9622 3726.46
10.9632 3726.53
10.9642 3726.6
10.9652 3726.67
10.9662 3726.74
10.9672 3726.81
10.9682 3726.88
10.9692 3726.95
10.9702 3727.02
10.9712 3727.09
10.9722 3727.16
10.9732 3727.23
10.9742 3727.3
10.9752 3727.37
10.9762 3727.44
10.9772 3727.51
10.9782 3727.58
10.9792 3727.65
10.9802 3727.72
10.9812 3727.79
10.9822 3727.86
10.9832 3727.93
10.9842 3728
10.9852 3728.07
10.9862 3728.14
10.9872 3728.21
10.9882 3728.28
10.9892 3728.35
10.9902 3728.42
10.9912 3728.49
10.9922 3728.56
10.9932 3728.63
10.9942 3728.7
10.9952 3728.77
10.9962 3728.84
10.9972 3728.91
10.9982 3728.98
10.9992 3729.05
11.0002 3729.12
11.0012 3729.19
11.0022 3729.26
11.0032 3729.33
11.0042 3729.4
11.0052 3729.47
11.0062 3729.54
11.0072 3729.61
11.0082 3729.68
11.0092 3729.75
11.0102 3729.82
11.0112 3729.89
11.0122 3729.96
11.0132 3730.03
11.0142 3730.1
11.0152 3730.17
11.0162 3730.24
11.0172 3730.31
11.0182 3730.38
11.0192 3730.45
11.0202 3730.52
11.0212 3730.59
11.0222 3730.66
11.0232 3730.73
11.0242 3730.8
11.0252 3730.87
11.0262 3730.94
11.0272 3731.01
11.0282 3731.08
11.0292 3731.15
11.0302 3731.22
11.0312 3731.29
11.0322 3731.36
11.0332 3731.43
11.0342 3731.5
11.0352 3731.57
11.0362 3731.64
11.0372 3731.71
11.0382 3731.78
11.0392 3731.85
11.0402 3731.92
11.0412 3731.99
11.0422 3732.06
11.0432 3732.13
11.0442 3732.2
11.0452 3732.27
11.0462 3732.34
11.0472 3732.41
11.0482 3732.48
11.0492 3732.55
11.0502 3732.62
11.0512 3732.69
11.0522 3732.76
11.0532 3732.83
11.0542 3732.9
11.0552 3732.97
11.0562 3733.04
11.0572 3733.11
11.0582 3733.18
11.0592 3733.25
11.0602 3733.32
11.0612 3733.39
11.0622 3733.46
11.0632 3733.53
11.0642 3733.6
11.0652 3733.67
11.0662 3733.74
11.0672 3733.81
11.0682 3733.88
11.0692 3733.95
11.0702 3734.02
11.0712 3734.09
11.0722 3734.16
11.0732 3734.23
11.0742 3734.3
11.0752 3734.37
11.0762 3734.43
11.0772 3734.5
11.0782 3734.57
11.0792 3734.64
11.0802 3734.71
11.0812 3734.78
11.0822 3734.85
11.0832 3734.92
11.0842 3734.99
11.0852 3735.06
11.0862 3735.13
11.0872 3735.2
11.0882 3735.27
11.0892 3735.34
11.0902 3735.41
11.0912 3735.48
11.0922 3735.55
11.0932 3735.62
11.0942 3735.69
11.0952 3735.76
11.0962 3735.83
11.0972 3735.9
11.0982 3735.97
11.0992 3736.04
11.1002 3736.11
11.1012 3736.18
11.1022 3736.25
11.1032 3736.32
11.1042 3736.39
11.1052 3736.46
11.1062 3736.53
11.1072 3736.6
11.1082 3736.67
11.1092 3736.74
11.1102 3736.81
11.1112 3736.88
11.1122 3736.95
11.1132 3737.02
11.1142 3737.09
11.1152 3737.16
11.1162 3737.23
11.1172 3737.3
11.1182 3737.37
11.1192 3737.44
11.1202 3737.51
11.1212 3737.58
11.1222 3737.65
11.1232 3737.72
11.1242 3737.79
11.1252 3737.86
11.1262 3737.93
11.1272 3738
11.1282 3738.07
11.1292 3738.14
11.1302 3738.21
11.1312 3738.28
11.1322 3738.35
11.1332 3738.42
11.1342 3738.49
11.1352 3738.56
11.1362 3738.63
11.1372 3738.7
11.1382 3738.77
11.1392 3738.84
11.1402 3738.91
11.1412 3738.98
11.1422 3739.05
11.1432 3739.12
11.1442 3739.19
11.1452 3739.26
11.1462 3739.33
11.1472 3739.4
11.1482 3739.47
11.1492 3739.54
11.1502 3739.61
11.1512 3739.68
11.1522 3739.75
11.1532 3739.82
11.1542 3739.89
11.1552 3739.96
11.1562 3740.03
11.1572 3740.1
11.1582 3740.17
11.1592 3740.24
11.1602 3740.31
11.1612 3740.38
11.1622 3740.44
11.1632 3740.51
11.1642 3740.58
11.1652 3740.65
11.1662 3740.72
11.1672 3740.79
11.1682 3740.86
11.1692 3740.93
11.1702 3741
11.1712 3741.07
11.1722 3741.14
11.1732 3741.21
11.1742 3741.28
11.1752 3741.35
11.1762 3741.42
11.1772 3741.49
11.1782 3741.56
11.1792 3741.63
11.1802 3741.7
11.1812 3741.77
11.1822 3741.84
11.1832 3741.91
11.1842 3741.98
11.1852 3742.05
11.1862 3742.12
11.1872 3742.19
11.1882 3742.26
11.1892 3742.33
11.1902 3742.4
11.1912 3742.47
11.1922 3742.54
11.1932 3742.61
11.1942 3742.68
11.1952 3742.75
11.1962 3742.82
11.1972 3742.89
11.1982 3742.96
11.1992 3743.03
11.2002 3743.1
11.2012 3743.17
11.2022 3743.24
11.2032 3743.31
11.2042 3743.38
11.2052 3743.45
11.2062 3743.52
11.2072 3743.59
11.2082 3743.66
11.2092 3743.73
11.2102 3743.8
11.2112 3743.87
11.2122 3743.94
11.2132 3744.01
11.2142 3744.08
11.2152 3744.15
11.2162 3744.22
11.2172 3744.29
11.2182 3744.36
11.2192 3744.43
11.2202 3744.5
11.2212 3744.57
11.2222 3744.64
11.2232 3744.71
11.2242 3744.78
11.2252 3744.85
11.2262 3744.92
11.2272 3744.98
11.2282 3745.05
11.2292 3745.12
11.2302 3745.19
11.2312 3745.26
11.2322 3745.33
11.2332 3745.4
11.2342 3745.47
11.2352 3745.54
11.2362 3745.61
11.2372 3745.68
11.2382 3745.75
11.2392 3745.82
11.2402 3745.89
11.2412 3745.96
11.2422 3746.03
11.2432 3746.1
11.2442 3746.17
11.2452 3746.24
11.2462 3746.31
11.2472 3746.38
11.2482 3746.45
11.2492 3746.52
11.2502 3746.59
11.2512 3746.66
11.2522 3746.73
11.2532 3746.8
11.2542 3746.87
11.2552 3746.94
11.2562 3747.01
11.2572 3747.08
11.2582 3747.15
11.2592 3747.22
11.2602 3747.29
11.2612 3747.36
11.2622 3747.43
11.2632 3747.5
11.2642 3747.57
11.2652 3747.64
11.2662 3747.71
11.2672 3747.78
11.2682 3747.85
11.2692 3747.92
11.2702 3747.99
11.2712 3748.06
11.2722 3748.13
11.2732 3748.2
11.2742 3748.27
11.2752 3748.34
11.2762 3748.41
11.2772 3748.48
11.2782 3748.55
11.2792 3748.62
11.2802 3748.68
11.2812 3748.75
11.2822 3748.82
11.2832 3748.89
11.2842 3748.96
11.2852 3749.03
11.2862 3749.1
11.2872 3749.17
11.2882 3749.24
11.2892 3749.31
11.2902 3749.38
11.2912 3749.45
11.2922 3749.52
11.2932 3749.59
11.2942 3749.66
11.2952 3749.73
11.2962 3749.8
11.2972 3749.87
11.2982 3749.94
11.2992 3750.01
11.3002 3750.08
11.3012 3750.15
11.3022 3750.22
11.3032 3750.29
11.3042 3750.36
11.3052 3750.43
11.3062 3750.5
11.3072 3750.57
11.3082 3750.64
11.3092 3750.71
11.3102 3750.78
11.3112 3750.85
11.3122 3750.92
11.3132 3750.99
11.3142 3751.06
11.3152 3751.13
11.3162 3751.2
11.3172 3751.27
11.3182 3751.34
11.3192 3751.41
11.3202 3751.48
11.3212 3751.55
11.3222 3751.62
11.3232 3751.69
11.3242 3751.76
11.3252 3751.83
11.3262 3751.9
11.3272 3751.96
11.3282 3752.03
11.3292 3752.1
11.3302 3752.17
11.3312 3752.24
11.3322 3752.31
11.3332 3752.38
11.3342 3752.45
11.3352 3752.52
11.3362 3752.59
11.3372 3752.66
11.3382 3752.73
11.3392 3752.8
11.3402 3752.87
11.3412 3752.94
11.3422 3753.01
11.3432 3753.08
11.3442 3753.15
11.3452 3753.22
11.3462 3753.29
11.3472 3753.36
11.3482 3753.43
11.3492 3753.5
11.3502 3753.57
11.3512 3753.64
11.3522 3753.71
11.3532 3753.78
11.3542 3753.85
11.3552 3753.92
11.3562 3753.99
11.3572 3754.06
11.3582 3754.13
11.3592 3754.2
11.3602 3754.27
11.3612 3754.34
11.3622 3754.41
11.3632 3754.48
11.3642 3754.55
11.3652 3754.62
11.3662 3754.69
11.3672 3754.76
11.3682 3754.82
11.3692 3754.89
11.3702 3754.96
11.3712 3755.03
11.3722 3755.1
11.3732 3755.17
11.3742 3755.24
11.3752 3755.31
11.3762 3755.38
11.3772 3755.45
11.3782 3755.52
11.3792 3755.59
11.3802 3755.66
11.3812 3755.73
11.3822 3755.8
11.3832 3755.87
11.3842 3755.94
11.3852 3756.01
11.3862 3756.08
11.3872 3756.15
11.3882 3756.22
11.3892 3756.29
11.3902 3756.36
11.3912 3756.43
11.3922 3756.5
11.3932 3756.57
11.3942 3756.64
11.3952 3756.71
11.3962 3756.78
11.3972 3756.85
11.3982 3756.92
11.3992 3756.99
11.4002 3757.06
11.4012 3757.13
11.4022 3757.2
11.4032 3757.27
11.4042 3757.34
11.4052 3757.41
11.4062 3757.47
11.4072 3757.54
11.4082 3757.61
11.4092 3757.68
11.4102 3757.75
11.4112 3757.82
11.4122 3757.89
11.4132 3757.96
11.4142 3758.03
11.4152 3758.1
11.4162 3758.17
11.4172 3758.24
11.4182 3758.31
11.4192 3758.38
11.4202 3758.45
11.4212 3758.52
11.4222 3758.59
11.4232 3758.66
11.4242 3758.73
11.4252 3758.8
11.4262 3758.87
11.4272 3758.94
11.4282 3759.01
11.4292 3759.08
11.4302 3759.15
11.4312 3759.22
11.4322 3759.29
11.4332 3759.36
11.4342 3759.43
11.4352 3759.5
11.4362 3759.57
11.4372 3759.64
11.4382 3759.71
11.4392 3759.78
11.4402 3759.85
11.4412 3759.91
11.4422 3759.98
11.4432 3760.05
11.4442 3760.12
11.4452 3760.19
11.4462 3760.26
11.4472 3760.33
11.4482 3760.4
11.4492 3760.47
11.4502 3760.54
11.4512 3760.61
11.4522 3760.68
11.4532 3760.75
11.4542 3760.82
11.4552 3760.89
11.4562 3760.96
11.4572 3761.03
11.4582 3761.1
11.4592 3761.17
11.4602 3761.24
11.4612 3761.31
11.4622 3761.38
11.4632 3761.45
11.4642 3761.52
11.4652 3761.59
11.4662 3761.66
11.4672 3761.73
11.4682 3761.8
11.4692 3761.87
11.4702 3761.94
11.4712 3762.01
11.4722 3762.08
11.4732 3762.15
11.4742 3762.21
11.4752 3762.28
11.4762 3762.35
11.4772 3762.42
11.4782 3762.49
11.4792 3762.56
11.4802 3762.63
11.4812 3762.7
11.4822 3762.77
11.4832 3762.84
11.4842 3762.91
11.4852 3762.98
11.4862 3763.05
11.4872 3763.12
11.4882 3763.19
11.4892 3763.26
11.4902 3763.33
11.4912 3763.4
11.4922 3763.47
11.4932 3763.54
11.4942 3763.61
11.4952 3763.68
11.4962 3763.75
11.4972 3763.82
11.4982 3763.89
11.4992 3763.96
11.5002 3764.03
11.5012 3764.1
11.5022 3764.17
11.5032 3764.24
11.5042 3764.31
11.5052 3764.37
11.5062 3764.44
11.5072 3764.51
11.5082 3764.58
11.5092 3764.65
11.5102 3764.72
11.5112 3764.79
11.5122 3764.86
11.5132 3764.93
11.5142 3765
11.5152 3765.07
11.5162 3765.14
11.5172 3765.21
11.5182 3765.28
11.5192 3765.35
11.5202 3765.42
11.5212 3765.49
11.5222 3765.56
11.5232 3765.63
11.5242 3765.7
11.5252 3765.77
11.5262 3765.84
11.5272 3765.91
11.5282 3765.98
11.5292 3766.05
11.5302 3766.12
11.5312 3766.19
11.5322 3766.26
11.5332 3766.33
11.5342 3766.39
11.5352 3766.46
11.5362 3766.53
11.5372 3766.6
11.5382 3766.67
11.5392 3766.74
11.5402 3766.81
11.5412 3766.88
11.5422 3766.95
11.5432 3767.02
11.5442 3767.09
11.5452 3767.16
11.5462 3767.23
11.5472 3767.3
11.5482 3767.37
11.5492 3767.44
11.5502 3767.51
11.5512 3767.58
11.5522 3767.65
11.5532 3767.72
11.5542 3767.79
11.5552 3767.86
11.5562 3767.93
11.5572 3768
11.5582 3768.07
11.5592 3768.14
11.5602 3768.21
11.5612 3768.28
11.5622 3768.34
11.5632 3768.41
11.5642 3768.48
11.5652 3768.55
11.5662 3768.62
11.5672 3768.69
11.5682 3768.76
11.5692 3768.83
11.5702 3768.9
11.5712 3768.97
11.5722 3769.04
11.5732 3769.11
11.5742 3769.18
11.5752 3769.25
11.5762 3769.32
11.5772 3769.39
11.5782 3769.46
11.5792 3769.53
11.5802 3769.6
11.5812 3769.67
11.5822 3769.74
11.5832 3769.81
11.5842 3769.88
11.5852 3769.95
11.5862 3770.02
11.5872 3770.09
11.5882 3770.15
11.5892 3770.22
11.5902 3770.29
11.5912 3770.36
11.5922 3770.43
11.5932 3770.5
11.5942 3770.57
11.5952 3770.64
11.5962 3770.71
11.5972 3770.78
11.5982 3770.85
11.5992 3770.92
11.6002 3770.99
11.6012 3771.06
11.6022 3771.13
11.6032 3771.2
11.6042 3771.27
11.6052 3771.34
11.6062 3771.41
11.6072 3771.48
11.6082 3771.55
11.6092 3771.62
11.6102 3771.69
11.6112 3771.76
11.6122 3771.83
11.6132 3771.9
11.6142 3771.96
11.6152 3772.03
11.6162 3772.1
11.6172 3772.17
11.6182 3772.24
11.6192 3772.31
11.6202 3772.38
11.6212 3772.45
11.6222 3772.52
11.6232 3772.59
11.6242 3772.66
11.6252 3772.73
11.6262 3772.8
11.6272 3772.87
11.6282 3772.94
11.6292 3773.01
11.6302 3773.08
11.6312 3773.15
11.6322 3773.22
11.6332 3773.29
11.6342 3773.36
11.6352 3773.43
11.6362 3773.5
11.6372 3773.57
11.6382 3773.63
11.6392 3773.7
11.6402 3773.77
11.6412 3773.84
11.6422 3773.91
11.6432 3773.98
11.6442 3774.05
11.6452 3774.12
11.6462 3774.19
11.6472 3774.26
11.6482 3774.33
11.6492 3774.4
11.6502 3774.47
11.6512 3774.54
11.6522 3774.61
11.6532 3774.68
11.6542 3774.75
11.6552 3774.82
11.6562 3774.89
11.6572 3774.96
11.6582 3775.03
11.6592 3775.1
11.6602 3775.17
11.6612 3775.24
11.6622 3775.3
11.6632 3775.37
11.6642 3775.44
11.6652 3775.51
11.6662 3775.58
11.6672 3775.65
11.6682 3775.72
11.6692 3775.79
11.6702 3775.86
11.6712 3775.93
11.6722 3776
11.6732 3776.07
11.6742 3776.14
11.6752 3776.21
11.6762 3776.28
11.6772 3776.35
11.6782 3776.42
11.6792 3776.49
11.6802 3776.56
11.6812 3776.63
11.6822 3776.7
11.6832 3776.77
11.6842 3776.84
11.6852 3776.9
11.6862 3776.97
11.6872 3777.04
11.6882 3777.11
11.6892 3777.18
11.6902 3777.25
11.6912 3777.32
11.6922 3777.39
11.6932 3777.46
11.6942 3777.53
11.6952 3777.6
11.6962 3777.67
11.6972 3777.74
11.6982 3777.81
11.6992 3777.88
11.7002 3777.95
11.7012 3778.02
11.7022 3778.09
11.7032 3778.16
11.7042 3778.23
11.7052 3778.3
11.7062 3778.37
11.7072 3778.43
11.7082 3778.5
11.7092 3778.57
11.7102 3778.64
11.7112 3778.71
11.7122 3778.78
11.7132 3778.85
11.7142 3778.92
11.7152 3778.99
11.7162 3779.06
11.7172 3779.13
11.7182 3779.2
11.7192 3779.27
11.7202 3779.34
11.7212 3779.41
11.7222 3779.48
11.7232 3779.55
11.7242 3779.62
11.7252 3779.69
11.7262 3779.76
11.7272 3779.83
11.7282 3779.89
11.7292 3779.96
11.7302 3780.03
11.7312 3780.1
11.7322 3780.17
11.7332 3780.24
11.7342 3780.31
11.7352 3780.38
11.7362 3780.45
11.7372 3780.52
11.7382 3780.59
11.7392 3780.66
11.7402 3780.73
11.7412 3780.8
11.7422 3780.87
11.7432 3780.94
11.7442 3781.01
11.7452 3781.08
11.7462 3781.15
11.7472 3781.22
11.7482 3781.29
11.7492 3781.35
11.7502 3781.42
11.7512 3781.49
11.7522 3781.56
11.7532 3781.63
11.7542 3781.7
11.7552 3781.77
11.7562 3781.84
11.7572 3781.91
11.7582 3781.98
11.7592 3782.05
11.7602 3782.12
11.7612 3782.19
11.7622 3782.26
11.7632 3782.33
11.7642 3782.4
11.7652 3782.47
11.7662 3782.54
11.7672 3782.61
11.7682 3782.68
11.7692 3782.74
11.7702 3782.81
11.7712 3782.88
11.7722 3782.95
11.7732 3783.02
11.7742 3783.09
11.7752 3783.16
11.7762 3783.23
11.7772 3783.3
11.7782 3783.37
11.7792 3783.44
11.7802 3783.51
11.7812 3783.58
11.7822 3783.65
11.7832 3783.72
11.7842 3783.79
11.7852 3783.86
11.7862 3783.93
11.7872 3784
11.7882 3784.07
11.7892 3784.13
11.7902 3784.2
11.7912 3784.27
11.7922 3784.34
11.7932 3784.41
11.7942 3784.48
11.7952 3784.55
11.7962 3784.62
11.7972 3784.69
11.7982 3784.76
11.7992 3784.83
11.8002 3784.9
11.8012 3784.97
11.8022 3785.04
11.8032 3785.11
11.8042 3785.18
11.8052 3785.25
11.8062 3785.32
11.8072 3785.39
11.8082 3785.45
11.8092 3785.52
11.8102 3785.59
11.8112 3785.66
11.8122 3785.73
11.8132 3785.8
11.8142 3785.87
11.8152 3785.94
11.8162 3786.01
11.8172 3786.08
11.8182 3786.15
11.8192 3786.22
11.8202 3786.29
11.8212 3786.36
11.8222 3786.43
11.8232 3786.5
11.8242 3786.57
11.8252 3786.64
11.8262 3786.71
11.8272 3786.77
11.8282 3786.84
11.8292 3786.91
11.8302 3786.98
11.8312 3787.05
11.8322 3787.12
11.8332 3787.19
11.8342 3787.26
11.8352 3787.33
11.8362 3787.4
11.8372 3787.47
11.8382 3787.54
11.8392 3787.61
11.8402 3787.68
11.8412 3787.75
11.8422 3787.82
11.8432 3787.89
11.8442 3787.96
11.8452 3788.02
11.8462 3788.09
11.8472 3788.16
11.8482 3788.23
11.8492 3788.3
11.8502 3788.37
11.8512 3788.44
11.8522 3788.51
11.8532 3788.58
11.8542 3788.65
11.8552 3788.72
11.8562 3788.79
11.8572 3788.86
11.8582 3788.93
11.8592 3789
11.8602 3789.07
11.8612 3789.14
11.8622 3789.21
11.8632 3789.27
11.8642 3789.34
11.8652 3789.41
11.8662 3789.48
11.8672 3789.55
11.8682 3789.62
11.8692 3789.69
11.8702 3789.76
11.8712 3789.83
11.8722 3789.9
11.8732 3789.97
11.8742 3790.04
11.8752 3790.11
11.8762 3790.18
11.8772 3790.25
11.8782 3790.32
11.8792 3790.39
11.8802 3790.46
11.8812 3790.52
11.8822 3790.59
11.8832 3790.66
11.8842 3790.73
11.8852 3790.8
11.8862 3790.87
11.8872 3790.94
11.8882 3791.01
11.8892 3791.08
11.8902 3791.15
11.8912 3791.22
11.8922 3791.29
11.8932 3791.36
11.8942 3791.43
11.8952 3791.5
11.8962 3791.57
11.8972 3791.64
11.8982 3791.7
11.8992 3791.77
11.9002 3791.84
11.9012 3791.91
11.9022 3791.98
11.9032 3792.05
11.9042 3792.12
11.9052 3792.19
11.9062 3792.26
11.9072 3792.33
11.9082 3792.4
11.9092 3792.47
11.9102 3792.54
11.9112 3792.61
11.9122 3792.68
11.9132 3792.75
11.9142 3792.82
11.9152 3792.88
11.9162 3792.95
11.9172 3793.02
11.9182 3793.09
11.9192 3793.16
11.9202 3793.23
11.9212 3793.3
11.9222 3793.37
11.9232 3793.44
11.9242 3793.51
11.9252 3793.58
11.9262 3793.65
11.9272 3793.72
11.9282 3793.79
11.9292 3793.86
11.9302 3793.93
11.9312 3793.99
11.9322 3794.06
11.9332 3794.13
11.9342 3794.2
11.9352 3794.27
11.9362 3794.34
11.9372 3794.41
11.9382 3794.48
11.9392 3794.55
11.9402 3794.62
11.9412 3794.69
11.9422 3794.76
11.9432 3794.83
11.9442 3794.9
11.9452 3794.97
11.9462 3795.04
11.9472 3795.1
11.9482 3795.17
11.9492 3795.24
11.9502 3795.31
11.9512 3795.38
11.9522 3795.45
11.9532 3795.52
11.9542 3795.59
11.9552 3795.66
11.9562 3795.73
11.9572 3795.8
11.9582 3795.87
11.9592 3795.94
11.9602 3796.01
11.9612 3796.08
11.9622 3796.15
11.9632 3796.21
11.9642 3796.28
11.9652 3796.35
11.9662 3796.42
11.9672 3796.49
11.9682 3796.56
11.9692 3796.63
11.9702 3796.7
11.9712 3796.77
11.9722 3796.84
11.9732 3796.91
11.9742 3796.98
11.9752 3797.05
11.9762 3797.12
11.9772 3797.19
11.9782 3797.26
11.9792 3797.32
11.9802 3797.39
11.9812 3797.46
11.9822 3797.53
11.9832 3797.6
11.9842 3797.67
11.9852 3797.74
11.9862 3797.81
11.9872 3797.88
11.9882 3797.95
11.9892 3798.02
11.9902 3798.09
11.9912 3798.16
11.9922 3798.23
11.9932 3798.3
11.9942 3798.36
11.9952 3798.43
11.9962 3798.5
11.9972 3798.57
11.9982 3798.64
11.9992 3798.71
12.0002 3798.78
12.0012 3798.8
12.0022 3798.82
12.0032 3798.84
12.0042 3798.86
12.0052 3798.88
12.0062 3798.9
12.0072 3798.92
12.0082 3798.94
12.0092 3798.96
12.0102 3798.98
12.0112 3799
12.0122 3799.02
12.0132 3799.04
12.0142 3799.05
12.0152 3799.07
12.0162 3799.09
12.0172 3799.11
12.0182 3799.13
12.0192 3799.15
12.0202 3799.17
12.0212 3799.19
12.0222 3799.21
12.0232 3799.23
12.0242 3799.25
12.0252 3799.27
12.0262 3799.29
12.0272 3799.31
12.0282 3799.33
12.0292 3799.35
12.0302 3799.37
12.0312 3799.39
12.0322 3799.41
12.0332 3799.43
12.0342 3799.44
12.0352 3799.46
12.0362 3799.48
12.0372 3799.5
12.0382 3799.52
12.0392 3799.54
12.0402 3799.56
12.0412 3799.58
12.0422 3799.6
12.0432 3799.62
12.0442 3799.64
12.0452 3799.66
12.0462 3799.68
12.0472 3799.7
12.0482 3799.72
12.0492 3799.74
12.0502 3799.76
12.0512 3799.78
12.0522 3799.79
12.0532 3799.81
12.0542 3799.83
12.0552 3799.85
12.0562 3799.87
12.0572 3799.89
12.0582 3799.91
12.0592 3799.93
12.0602 3799.95
12.0612 3799.97
12.0622 3799.99
12.0632 3800.01
12.0642 3800.03
12.0652 3800.05
12.0662 3800.07
12.0672 3800.09
12.0682 3800.11
12.0692 3800.12
12.0702 3800.14
12.0712 3800.16
12.0722 3800.18
12.0732 3800.2
12.0742 3800.22
12.0752 3800.24
12.0762 3800.26
12.0772 3800.28
12.0782 3800.3
12.0792 3800.32
12.0802 3800.34
12.0812 3800.36
12.0822 3800.38
12.0832 3800.4
12.0842 3800.41
12.0852 3800.43
12.0862 3800.45
12.0872 3800.47
12.0882 3800.49
12.0892 3800.51
12.0902 3800.53
12.0912 3800.55
12.0922 3800.57
12.0932 3800.59
12.0942 3800.61
12.0952 3800.63
12.0962 3800.65
12.0972 3800.67
12.0982 3800.68
12.0992 3800.7
12.1002 3800.72
12.1012 3800.74
12.1022 3800.76
12.1032 3800.78
12.1042 3800.8
12.1052 3800.82
12.1062 3800.84
12.1072 3800.86
12.1082 3800.88
12.1092 3800.9
12.1102 3800.92
12.1112 3800.94
12.1122 3800.95
12.1132 3800.97
12.1142 3800.99
12.1152 3801.01
12.1162 3801.03
12.1172 3801.05
12.1182 3801.07
12.1192 3801.09
12.1202 3801.11
12.1212 3801.13
12.1222 3801.15
12.1232 3801.17
12.1242 3801.18
12.1252 3801.2
12.1262 3801.22
12.1272 3801.24
12.1282 3801.26
12.1292 3801.28
12.1302 3801.3
12.1312 3801.32
12.1322 3801.34
12.1332 3801.36
12.1342 3801.38
12.1352 3801.4
12.1362 3801.42
12.1372 3801.43
12.1382 3801.45
12.1392 3801.47
12.1402 3801.49
12.1412 3801.51
12.1422 3801.53
12.1432 3801.55
12.1442 3801.57
12.1452 3801.59
12.1462 3801.61
12.1472 3801.63
12.1482 3801.64
12.1492 3801.66
12.1502 3801.68
12.1512 3801.7
12.1522 3801.72
12.1532 3801.74
12.1542 3801.76
12.1552 3801.78
12.1562 3801.8
12.1572 3801.82
12.1582 3801.84
12.1592 3801.85
12.1602 3801.87
12.1612 3801.89
12.1622 3801.91
12.1632 3801.93
12.1642 3801.95
12.1652 3801.97
12.1662 3801.99
12.1672 3802.01
12.1682 3802.03
12.1692 3802.05
12.1702 3802.06
12.1712 3802.08
12.1722 3802.1
12.1732 3802.12
12.1742 3802.14
12.1752 3802.16
12.1762 3802.18
12.1772 3802.2
12.1782 3802.22
12.1792 3802.24
12.1802 3802.26
12.1812 3802.27
12.1822 3802.29
12.1832 3802.31
12.1842 3802.33
12.1852 3802.35
12.1862 3802.37
12.1872 3802.39
12.1882 3802.41
12.1892 3802.43
12.1902 3802.45
12.1912 3802.46
12.1922 3802.48
12.1932 3802.5
12.1942 3802.52
12.1952 3802.54
12.1962 3802.56
12.1972 3802.58
12.1982 3802.6
12.1992 3802.62
12.2002 3802.64
12.2012 3802.65
12.2022 3802.67
12.2032 3802.69
12.2042 3802.71
12.2052 3802.73
12.2062 3802.75
12.2072 3802.77
12.2082 3802.79
12.2092 3802.81
12.2102 3802.82
12.2112 3802.84
12.2122 3802.86
12.2132 3802.88
12.2142 3802.9
12.2152 3802.92
12.2162 3802.94
12.2172 3802.96
12.2182 3802.98
12.2192 3802.99
12.2202 3803.01
12.2212 3803.03
12.2222 3803.05
12.2232 3803.07
12.2242 3803.09
12.2252 3803.11
12.2262 3803.13
12.2272 3803.15
12.2282 3803.16
12.2292 3803.18
12.2302 3803.2
12.2312 3803.22
12.2322 3803.24
12.2332 3803.26
12.2342 3803.28
12.2352 3803.3
12.2362 3803.32
12.2372 3803.33
12.2382 3803.35
12.2392 3803.37
12.2402 3803.39
12.2412 3803.41
12.2422 3803.43
12.2432 3803.45
12.2442 3803.47
12.2452 3803.49
12.2462 3803.5
12.2472 3803.52
12.2482 3803.54
12.2492 3803.56
12.2502 3803.58
12.2512 3803.6
12.2522 3803.62
12.2532 3803.64
12.2542 3803.65
12.2552 3803.67
12.2562 3803.69
12.2572 3803.71
12.2582 3803.73
12.2592 3803.75
12.2602 3803.77
12.2612 3803.79
12.2622 3803.81
12.2632 3803.82
12.2642 3803.84
12.2652 3803.86
12.2662 3803.88
12.2672 3803.9
12.2682 3803.92
12.2692 3803.94
12.2702 3803.96
12.2712 3803.97
12.2722 3803.99
12.2732 3804.01
12.2742 3804.03
12.2752 3804.05
12.2762 3804.07
12.2772 3804.09
12.2782 3804.11
12.2792 3804.12
12.2802 3804.14
12.2812 3804.16
12.2822 3804.18
12.2832 3804.2
12.2842 3804.22
12.2852 3804.24
12.2862 3804.25
12.2872 3804.27
12.2882 3804.29
12.2892 3804.31
12.2902 3804.33
12.2912 3804.35
12.2922 3804.37
12.2932 3804.39
12.2942 3804.4
12.2952 3804.42
12.2962 3804.44
12.2972 3804.46
12.2982 3804.48
12.2992 3804.5
12.3002 3804.52
12.3012 3804.53
12.3022 3804.55
12.3032 3804.57
12.3042 3804.59
12.3052 3804.61
12.3062 3804.63
12.3072 3804.65
12.3082 3804.67
12.3092 3804.68
12.3102 3804.7
12.3112 3804.72
12.3122 3804.74
12.3132 3804.76
12.3142 3804.78
12.3152 3804.8
12.3162 3804.81
12.3172 3804.83
12.3182 3804.85
12.3192 3804.87
12.3202 3804.89
12.3212 3804.91
12.3222 3804.93
12.3232 3804.94
12.3242 3804.96
12.3252 3804.98
12.3262 3805
12.3272 3805.02
12.3282 3805.04
12.3292 3805.06
12.3302 3805.07
12.3312 3805.09
12.3322 3805.11
12.3332 3805.13
12.3342 3805.15
12.3352 3805.17
12.3362 3805.19
12.3372 3805.2
12.3382 3805.22
12.3392 3805.24
12.3402 3805.26
12.3412 3805.28
12.3422 3805.3
12.3432 3805.32
12.3442 3805.33
12.3452 3805.35
12.3462 3805.37
12.3472 3805.39
12.3482 3805.41
12.3492 3805.43
12.3502 3805.45
12.3512 3805.46
12.3522 3805.48
12.3532 3805.5
12.3542 3805.52
12.3552 3805.54
12.3562 3805.56
12.3572 3805.57
12.3582 3805.59
12.3592 3805.61
12.3602 3805.63
12.3612 3805.65
12.3622 3805.67
12.3632 3805.69
12.3642 3805.7
12.3652 3805.72
12.3662 3805.74
12.3672 3805.76
12.3682 3805.78
12.3692 3805.8
12.3702 3805.81
12.3712 3805.83
12.3722 3805.85
12.3732 3805.87
12.3742 3805.89
12.3752 3805.91
12.3762 3805.93
12.3772 3805.94
12.3782 3805.96
12.3792 3805.98
12.3802 3806
12.3812 3806.02
12.3822 3806.04
12.3832 3806.05
12.3842 3806.07
12.3852 3806.09
12.3862 3806.11
12.3872 3806.13
12.3882 3806.15
12.3892 3806.16
12.3902 3806.18
12.3912 3806.2
12.3922 3806.22
12.3932 3806.24
12.3942 3806.26
12.3952 3806.27
12.3962 3806.29
12.3972 3806.31
12.3982 3806.33
12.3992 3806.35
12.4002 3806.37
12.4012 3806.39
12.4022 3806.4
12.4032 3806.42
12.4042 3806.44
12.4052 3806.46
12.4062 3806.48
12.4072 3806.5
12.4082 3806.51
12.4092 3806.53
12.4102 3806.55
12.4112 3806.57
12.4122 3806.59
12.4132 3806.61
12.4142 3806.62
12.4152 3806.64
12.4162 3806.66
12.4172 3806.68
12.4182 3806.7
12.4192 3806.71
12.4202 3806.73
12.4212 3806.75
12.4222 3806.77
12.4232 3806.79
12.4242 3806.81
12.4252 3806.82
12.4262 3806.84
12.4272 3806.86
12.4282 3806.88
12.4292 3806.9
12.4302 3806.92
12.4312 3806.93
12.4322 3806.95
12.4332 3806.97
12.4342 3806.99
12.4352 3807.01
12.4362 3807.03
12.4372 3807.04
12.4382 3807.06
12.4392 3807.08
12.4402 3807.1
12.4412 3807.12
12.4422 3807.13
12.4432 3807.15
12.4442 3807.17
12.4452 3807.19
12.4462 3807.21
12.4472 3807.23
12.4482 3807.24
12.4492 3807.26
12.4502 3807.28
12.4512 3807.3
12.4522 3807.32
12.4532 3807.34
12.4542 3807.35
12.4552 3807.37
12.4562 3807.39
12.4572 3807.41
12.4582 3807.43
12.4592 3807.44
12.4602 3807.46
12.4612 3807.48
12.4622 3807.5
12.4632 3807.52
12.4642 3807.53
12.4652 3807.55
12.4662 3807.57
12.4672 3807.59
12.4682 3807.61
12.4692 3807.63
12.4702 3807.64
12.4712 3807.66
12.4722 3807.68
12.4732 3807.7
12.4742 3807.72
12.4752 3807.73
12.4762 3807.75
12.4772 3807.77
12.4782 3807.79
12.4792 3807.81
12.4802 3807.82
12.4812 3807.84
12.4822 3807.86
12.4832 3807.88
12.4842 3807.9
12.4852 3807.92
12.4862 3807.93
12.4872 3807.95
12.4882 3807.97
12.4892 3807.99
12.4902 3808.01
12.4912 3808.02
12.4922 3808.04
12.4932 3808.06
12.4942 3808.08
12.4952 3808.1
12.4962 3808.11
12.4972 3808.13
12.4982 3808.15
12.4992 3808.17
12.5002 3808.19
12.5012 3808.2
12.5022 3808.22
12.5032 3808.24
12.5042 3808.26
12.5052 3808.28
12.5062 3808.29
12.5072 3808.31
12.5082 3808.33
12.5092 3808.35
12.5102 3808.37
12.5112 3808.38
12.5122 3808.4
12.5132 3808.42
12.5142 3808.44
12.5152 3808.46
12.5162 3808.47
12.5172 3808.49
12.5182 3808.51
12.5192 3808.53
12.5202 3808.55
12.5212 3808.56
12.5222 3808.58
12.5232 3808.6
12.5242 3808.62
12.5252 3808.64
12.5262 3808.65
12.5272 3808.67
12.5282 3808.69
12.5292 3808.71
12.5302 3808.73
12.5312 3808.74
12.5322 3808.76
12.5332 3808.78
12.5342 3808.8
12.5352 3808.82
12.5362 3808.83
12.5372 3808.85
12.5382 3808.87
12.5392 3808.89
12.5402 3808.91
12.5412 3808.92
12.5422 3808.94
12.5432 3808.96
12.5442 3808.98
12.5452 3809
12.5462 3809.01
12.5472 3809.03
12.5482 3809.05
12.5492 3809.07
12.5502 3809.08
12.5512 3809.1
12.5522 3809.12
12.5532 3809.14
12.5542 3809.16
12.5552 3809.17
12.5562 3809.19
12.5572 3809.21
12.5582 3809.23
12.5592 3809.25
12.5602 3809.26
12.5612 3809.28
12.5622 3809.3
12.5632 3809.32
12.5642 3809.33
12.5652 3809.35
12.5662 3809.37
12.5672 3809.39
12.5682 3809.41
12.5692 3809.42
12.5702 3809.44
12.5712 3809.46
12.5722 3809.48
12.5732 3809.5
12.5742 3809.51
12.5752 3809.53
12.5762 3809.55
12.5772 3809.57
12.5782 3809.58
12.5792 3809.6
12.5802 3809.62
12.5812 3809.64
12.5822 3809.66
12.5832 3809.67
12.5842 3809.69
12.5852 3809.71
12.5862 3809.73
12.5872 3809.74
12.5882 3809.76
12.5892 3809.78
12.5902 3809.8
12.5912 3809.82
12.5922 3809.83
12.5932 3809.85
12.5942 3809.87
12.5952 3809.89
12.5962 3809.9
12.5972 3809.92
12.5982 3809.94
12.5992 3809.96
12.6002 3809.98
12.6012 3809.99
12.6022 3810.01
12.6032 3810.03
12.6042 3810.05
12.6052 3810.06
12.6062 3810.08
12.6072 3810.1
12.6082 3810.12
12.6092 3810.13
12.6102 3810.15
12.6112 3810.17
12.6122 3810.19
12.6132 3810.21
12.6142 3810.22
12.6152 3810.24
12.6162 3810.26
12.6172 3810.28
12.6182 3810.29
12.6192 3810.31
12.6202 3810.33
12.6212 3810.35
12.6222 3810.36
12.6232 3810.38
12.6242 3810.4
12.6252 3810.42
12.6262 3810.44
12.6272 3810.45
12.6282 3810.47
12.6292 3810.49
12.6302 3810.51
12.6312 3810.52
12.6322 3810.54
12.6332 3810.56
12.6342 3810.58
12.6352 3810.59
12.6362 3810.61
12.6372 3810.63
12.6382 3810.65
12.6392 3810.66
12.6402 3810.68
12.6412 3810.7
12.6422 3810.72
12.6432 3810.73
12.6442 3810.75
12.6452 3810.77
12.6462 3810.79
12.6472 3810.81
12.6482 3810.82
12.6492 3810.84
12.6502 3810.86
12.6512 3810.88
12.6522 3810.89
12.6532 3810.91
12.6542 3810.93
12.6552 3810.95
12.6562 3810.96
12.6572 3810.98
12.6582 3811
12.6592 3811.02
12.6602 3811.03
12.6612 3811.05
12.6622 3811.07
12.6632 3811.09
12.6642 3811.1
12.6652 3811.12
12.6662 3811.14
12.6672 3811.16
12.6682 3811.17
12.6692 3811.19
12.6702 3811.21
12.6712 3811.23
12.6722 3811.24
12.6732 3811.26
12.6742 3811.28
12.6752 3811.3
12.6762 3811.31
12.6772 3811.33
12.6782 3811.35
12.6792 3811.37
12.6802 3811.38
12.6812 3811.4
12.6822 3811.42
12.6832 3811.44
12.6842 3811.45
12.6852 3811.47
12.6862 3811.49
12.6872 3811.51
12.6882 3811.52
12.6892 3811.54
12.6902 3811.56
12.6912 3811.58
12.6922 3811.59
12.6932 3811.61
12.6942 3811.63
12.6952 3811.65
12.6962 3811.66
12.6972 3811.68
12.6982 3811.7
12.6992 3811.72
12.7002 3811.73
12.7012 3811.75
12.7022 3811.77
12.7032 3811.79
12.7042 3811.8
12.7052 3811.82
12.7062 3811.84
12.7072 3811.85
12.7082 3811.87
12.7092 3811.89
12.7102 3811.91
12.7112 3811.92
12.7122 3811.94
12.7132 3811.96
12.7142 3811.98
12.7152 3811.99
12.7162 3812.01
12.7172 3812.03
12.7182 3812.05
12.7192 3812.06
12.7202 3812.08
12.7212 3812.1
12.7222 3812.12
12.7232 3812.13
12.7242 3812.15
12.7252 3812.17
12.7262 3812.19
12.7272 3812.2
12.7282 3812.22
12.7292 3812.24
12.7302 3812.25
12.7312 3812.27
12.7322 3812.29
12.7332 3812.31
12.7342 3812.32
12.7352 3812.34
12.7362 3812.36
12.7372 3812.38
12.7382 3812.39
12.7392 3812.41
12.7402 3812.43
12.7412 3812.44
12.7422 3812.46
12.7432 3812.48
12.7442 3812.5
12.7452 3812.51
12.7462 3812.53
12.7472 3812.55
12.7482 3812.57
12.7492 3812.58
12.7502 3812.6
12.7512 3812.62
12.7522 3812.63
12.7532 3812.65
12.7542 3812.67
12.7552 3812.69
12.7562 3812.7
12.7572 3812.72
12.7582 3812.74
12.7592 3812.76
12.7602 3812.77
12.7612 3812.79
12.7622 3812.81
12.7632 3812.82
12.7642 3812.84
12.7652 3812.86
12.7662 3812.88
12.7672 3812.89
12.7682 3812.91
12.7692 3812.93
12.7702 3812.95
12.7712 3812.96
12.7722 3812.98
12.7732 3813
12.7742 3813.01
12.7752 3813.03
12.7762 3813.05
12.7772 3813.07
12.7782 3813.08
12.7792 3813.1
12.7802 3813.12
12.7812 3813.13
12.7822 3813.15
12.7832 3813.17
12.7842 3813.19
12.7852 3813.2
12.7862 3813.22
12.7872 3813.24
12.7882 3813.25
12.7892 3813.27
12.7902 3813.29
12.7912 3813.31
12.7922 3813.32
12.7932 3813.34
12.7942 3813.36
12.7952 3813.37
12.7962 3813.39
12.7972 3813.41
12.7982 3813.43
12.7992 3813.44
12.8002 3813.46
12.8012 3813.48
12.8022 3813.49
12.8032 3813.51
12.8042 3813.53
12.8052 3813.55
12.8062 3813.56
12.8072 3813.58
12.8082 3813.6
12.8092 3813.61
12.8102 3813.63
12.8112 3813.65
12.8122 3813.66
12.8132 3813.68
12.8142 3813.7
12.8152 3813.72
12.8162 3813.73
12.8172 3813.75
12.8182 3813.77
12.8192 3813.78
12.8202 3813.8
12.8212 3813.82
12.8222 3813.84
12.8232 3813.85
12.8242 3813.87
12.8252 3813.89
12.8262 3813.9
12.8272 3813.92
12.8282 3813.94
12.8292 3813.95
12.8302 3813.97
12.8312 3813.99
12.8322 3814.01
12.8332 3814.02
12.8342 3814.04
12.8352 3814.06
12.8362 3814.07
12.8372 3814.09
12.8382 3814.11
12.8392 3814.12
12.8402 3814.14
12.8412 3814.16
12.8422 3814.18
12.8432 3814.19
12.8442 3814.21
12.8452 3814.23
12.8462 3814.24
12.8472 3814.26
12.8482 3814.28
12.8492 3814.29
12.8502 3814.31
12.8512 3814.33
12.8522 3814.35
12.8532 3814.36
12.8542 3814.38
12.8552 3814.4
12.8562 3814.41
12.8572 3814.43
12.8582 3814.45
12.8592 3814.46
12.8602 3814.48
12.8612 3814.5
12.8622 3814.51
12.8632 3814.53
12.8642 3814.55
12.8652 3814.57
12.8662 3814.58
12.8672 3814.6
12.8682 3814.62
12.8692 3814.63
12.8702 3814.65
12.8712 3814.67
12.8722 3814.68
12.8732 3814.7
12.8742 3814.72
12.8752 3814.73
12.8762 3814.75
12.8772 3814.77
12.8782 3814.79
12.8792 3814.8
12.8802 3814.82
12.8812 3814.84
12.8822 3814.85
12.8832 3814.87
12.8842 3814.89
12.8852 3814.9
12.8862 3814.92
12.8872 3814.94
12.8882 3814.95
12.8892 3814.97
12.8902 3814.99
12.8912 3815
12.8922 3815.02
12.8932 3815.04
12.8942 3815.05
12.8952 3815.07
12.8962 3815.09
12.8972 3815.11
12.8982 3815.12
12.8992 3815.14
12.9002 3815.16
12.9012 3815.17
12.9022 3815.19
12.9032 3815.21
12.9042 3815.22
12.9052 3815.24
12.9062 3815.26
12.9072 3815.27
12.9082 3815.29
12.9092 3815.31
12.9102 3815.32
12.9112 3815.34
12.9122 3815.36
12.9132 3815.37
12.9142 3815.39
12.9152 3815.41
12.9162 3815.42
12.9172 3815.44
12.9182 3815.46
12.9192 3815.47
12.9202 3815.49
12.9212 3815.51
12.9222 3815.52
12.9232 3815.54
12.9242 3815.56
12.9252 3815.57
12.9262 3815.59
12.9272 3815.61
12.9282 3815.62
12.9292 3815.64
12.9302 3815.66
12.9312 3815.67
12.9322 3815.69
12.9332 3815.71
12.9342 3815.72
12.9352 3815.74
12.9362 3815.76
12.9372 3815.77
12.9382 3815.79
12.9392 3815.81
12.9402 3815.82
12.9412 3815.84
12.9422 3815.86
12.9432 3815.88
12.9442 3815.89
12.9452 3815.91
12.9462 3815.92
12.9472 3815.94
12.9482 3815.96
12.9492 3815.97
12.9502 3815.99
12.9512 3816.01
12.9522 3816.02
12.9532 3816.04
12.9542 3816.06
12.9552 3816.07
12.9562 3816.09
12.9572 3816.11
12.9582 3816.12
12.9592 3816.14
12.9602 3816.16
12.9612 3816.17
12.9622 3816.19
12.9632 3816.21
12.9642 3816.22
12.9652 3816.24
12.9662 3816.26
12.9672 3816.27
12.9682 3816.29
12.9692 3816.31
12.9702 3816.32
12.9712 3816.34
12.9722 3816.36
12.9732 3816.37
12.9742 3816.39
12.9752 3816.41
12.9762 3816.42
12.9772 3816.44
12.9782 3816.46
12.9792 3816.47
12.9802 3816.49
12.9812 3816.51
12.9822 3816.52
12.9832 3816.54
12.9842 3816.56
12.9852 3816.57
12.9862 3816.59
12.9872 3816.61
12.9882 3816.62
12.9892 3816.64
12.9902 3816.65
12.9912 3816.67
12.9922 3816.69
12.9932 3816.7
12.9942 3816.72
12.9952 3816.74
12.9962 3816.75
12.9972 3816.77
12.9982 3816.79
12.9992 3816.8
13.0002 3816.82
13.0012 3816.84
13.0022 3816.85
13.0032 3816.87
13.0042 3816.89
13.0052 3816.9
13.0062 3816.92
13.0072 3816.94
13.0082 3816.95
13.0092 3816.97
13.0102 3816.98
13.0112 3817
13.0122 3817.02
13.0132 3817.03
13.0142 3817.05
13.0152 3817.07
13.0162 3817.08
13.0172 3817.1
13.0182 3817.12
13.0192 3817.13
13.0202 3817.15
13.0212 3817.17
13.0222 3817.18
13.0232 3817.2
13.0242 3817.21
13.0252 3817.23
13.0262 3817.25
13.0272 3817.26
13.0282 3817.28
13.0292 3817.3
13.0302 3817.31
13.0312 3817.33
13.0322 3817.35
13.0332 3817.36
13.0342 3817.38
13.0352 3817.4
13.0362 3817.41
13.0372 3817.43
13.0382 3817.44
13.0392 3817.46
13.0402 3817.48
13.0412 3817.49
13.0422 3817.51
13.0432 3817.53
13.0442 3817.54
13.0452 3817.56
13.0462 3817.57
13.0472 3817.59
13.0482 3817.61
13.0492 3817.62
13.0502 3817.64
13.0512 3817.66
13.0522 3817.67
13.0532 3817.69
13.0542 3817.71
13.0552 3817.72
13.0562 3817.74
13.0572 3817.75
13.0582 3817.77
13.0592 3817.79
13.0602 3817.8
13.0612 3817.82
13.0622 3817.84
13.0632 3817.85
13.0642 3817.87
13.0652 3817.88
13.0662 3817.9
13.0672 3817.92
13.0682 3817.93
13.0692 3817.95
13.0702 3817.97
13.0712 3817.98
13.0722 3818
13.0732 3818.02
13.0742 3818.03
13.0752 3818.05
13.0762 3818.06
13.0772 3818.08
13.0782 3818.1
13.0792 3818.11
13.0802 3818.13
13.0812 3818.15
13.0822 3818.16
13.0832 3818.18
13.0842 3818.19
13.0852 3818.21
13.0862 3818.23
13.0872 3818.24
13.0882 3818.26
13.0892 3818.27
13.0902 3818.29
13.0912 3818.31
13.0922 3818.32
13.0932 3818.34
13.0942 3818.36
13.0952 3818.37
13.0962 3818.39
13.0972 3818.4
13.0982 3818.42
13.0992 3818.44
13.1002 3818.45
13.1012 3818.47
13.1022 3818.49
13.1032 3818.5
13.1042 3818.52
13.1052 3818.53
13.1062 3818.55
13.1072 3818.57
13.1082 3818.58
13.1092 3818.6
13.1102 3818.61
13.1112 3818.63
13.1122 3818.65
13.1132 3818.66
13.1142 3818.68
13.1152 3818.7
13.1162 3818.71
13.1172 3818.73
13.1182 3818.74
13.1192 3818.76
13.1202 3818.78
13.1212 3818.79
13.1222 3818.81
13.1232 3818.82
13.1242 3818.84
13.1252 3818.86
13.1262 3818.87
13.1272 3818.89
13.1282 3818.9
13.1292 3818.92
13.1302 3818.94
13.1312 3818.95
13.1322 3818.97
13.1332 3818.98
13.1342 3819
13.1352 3819.02
13.1362 3819.03
13.1372 3819.05
13.1382 3819.07
13.1392 3819.08
13.1402 3819.1
13.1412 3819.11
13.1422 3819.13
13.1432 3819.15
13.1442 3819.16
13.1452 3819.18
13.1462 3819.19
13.1472 3819.21
13.1482 3819.23
13.1492 3819.24
13.1502 3819.26
13.1512 3819.27
13.1522 3819.29
13.1532 3819.31
13.1542 3819.32
13.1552 3819.34
13.1562 3819.35
13.1572 3819.37
13.1582 3819.39
13.1592 3819.4
13.1602 3819.42
13.1612 3819.43
13.1622 3819.45
13.1632 3819.47
13.1642 3819.48
13.1652 3819.5
13.1662 3819.51
13.1672 3819.53
13.1682 3819.55
13.1692 3819.56
13.1702 3819.58
13.1712 3819.59
13.1722 3819.61
13.1732 3819.63
13.1742 3819.64
13.1752 3819.66
13.1762 3819.67
13.1772 3819.69
13.1782 3819.7
13.1792 3819.72
13.1802 3819.74
13.1812 3819.75
13.1822 3819.77
13.1832 3819.78
13.1842 3819.8
13.1852 3819.82
13.1862 3819.83
13.1872 3819.85
13.1882 3819.86
13.1892 3819.88
13.1902 3819.9
13.1912 3819.91
13.1922 3819.93
13.1932 3819.94
13.1942 3819.96
13.1952 3819.98
13.1962 3819.99
13.1972 3820.01
13.1982 3820.02
13.1992 3820.04
13.2002 3820.05
13.2012 3820.07
13.2022 3820.09
13.2032 3820.1
13.2042 3820.12
13.2052 3820.13
13.2062 3820.15
13.2072 3820.17
13.2082 3820.18
13.2092 3820.2
13.2102 3820.21
13.2112 3820.23
13.2122 3820.24
13.2132 3820.26
13.2142 3820.28
13.2152 3820.29
13.2162 3820.31
13.2172 3820.32
13.2182 3820.34
13.2192 3820.36
13.2202 3820.37
13.2212 3820.39
13.2222 3820.4
13.2232 3820.42
13.2242 3820.43
13.2252 3820.45
13.2262 3820.47
13.2272 3820.48
13.2282 3820.5
13.2292 3820.51
13.2302 3820.53
13.2312 3820.54
13.2322 3820.56
13.2332 3820.58
13.2342 3820.59
13.2352 3820.61
13.2362 3820.62
13.2372 3820.64
13.2382 3820.66
13.2392 3820.67
13.2402 3820.69
13.2412 3820.7
13.2422 3820.72
13.2432 3820.73
13.2442 3820.75
13.2452 3820.77
13.2462 3820.78
13.2472 3820.8
13.2482 3820.81
13.2492 3820.83
13.2502 3820.84
13.2512 3820.86
13.2522 3820.88
13.2532 3820.89
13.2542 3820.91
13.2552 3820.92
13.2562 3820.94
13.2572 3820.95
13.2582 3820.97
13.2592 3820.98
13.2602 3821
13.2612 3821.02
13.2622 3821.03
13.2632 3821.05
13.2642 3821.06
13.2652 3821.08
13.2662 3821.09
13.2672 3821.11
13.2682 3821.13
13.2692 3821.14
13.2702 3821.16
13.2712 3821.17
13.2722 3821.19
13.2732 3821.2
13.2742 3821.22
13.2752 3821.24
13.2762 3821.25
13.2772 3821.27
13.2782 3821.28
13.2792 3821.3
13.2802 3821.31
13.2812 3821.33
13.2822 3821.34
13.2832 3821.36
13.2842 3821.38
13.2852 3821.39
13.2862 3821.41
13.2872 3821.42
13.2882 3821.44
13.2892 3821.45
13.2902 3821.47
13.2912 3821.48
13.2922 3821.5
13.2932 3821.52
13.2942 3821.53
13.2952 3821.55
13.2962 3821.56
13.2972 3821.58
13.2982 3821.59
13.2992 3821.61
13.3002 3821.62
13.3012 3821.64
13.3022 3821.66
13.3032 3821.67
13.3042 3821.69
13.3052 3821.7
13.3062 3821.72
13.3072 3821.73
13.3082 3821.75
13.3092 3821.76
13.3102 3821.78
13.3112 3821.8
13.3122 3821.81
13.3132 3821.83
13.3142 3821.84
13.3152 3821.86
13.3162 3821.87
13.3172 3821.89
13.3182 3821.9
13.3192 3821.92
13.3202 3821.94
13.3212 3821.95
13.3222 3821.97
13.3232 3821.98
13.3242 3822
13.3252 3822.01
13.3262 3822.03
13.3272 3822.04
13.3282 3822.06
13.3292 3822.07
13.3302 3822.09
13.3312 3822.11
13.3322 3822.12
13.3332 3822.14
13.3342 3822.15
13.3352 3822.17
13.3362 3822.18
13.3372 3822.2
13.3382 3822.21
13.3392 3822.23
13.3402 3822.24
13.3412 3822.26
13.3422 3822.27
13.3432 3822.29
13.3442 3822.31
13.3452 3822.32
13.3462 3822.34
13.3472 3822.35
13.3482 3822.37
13.3492 3822.38
13.3502 3822.4
13.3512 3822.41
13.3522 3822.43
13.3532 3822.44
13.3542 3822.46
13.3552 3822.47
13.3562 3822.49
13.3572 3822.51
13.3582 3822.52
13.3592 3822.54
13.3602 3822.55
13.3612 3822.57
13.3622 3822.58
13.3632 3822.6
13.3642 3822.61
13.3652 3822.63
13.3662 3822.64
13.3672 3822.66
13.3682 3822.67
13.3692 3822.69
13.3702 3822.71
13.3712 3822.72
13.3722 3822.74
13.3732 3822.75
13.3742 3822.77
13.3752 3822.78
13.3762 3822.8
13.3772 3822.81
13.3782 3822.83
13.3792 3822.84
13.3802 3822.86
13.3812 3822.87
13.3822 3822.89
13.3832 3822.9
13.3842 3822.92
13.3852 3822.93
13.3862 3822.95
13.3872 3822.97
13.3882 3822.98
13.3892 3823
13.3902 3823.01
13.3912 3823.03
13.3922 3823.04
13.3932 3823.06
13.3942 3823.07
13.3952 3823.09
13.3962 3823.1
13.3972 3823.12
13.3982 3823.13
13.3992 3823.15
13.4002 3823.16
13.4012 3823.18
13.4022 3823.19
13.4032 3823.21
13.4042 3823.22
13.4052 3823.24
13.4062 3823.25
13.4072 3823.27
13.4082 3823.29
13.4092 3823.3
13.4102 3823.32
13.4112 3823.33
13.4122 3823.35
13.4132 3823.36
13.4142 3823.38
13.4152 3823.39
13.4162 3823.41
13.4172 3823.42
13.4182 3823.44
13.4192 3823.45
13.4202 3823.47
13.4212 3823.48
13.4222 3823.5
13.4232 3823.51
13.4242 3823.53
13.4252 3823.54
13.4262 3823.56
13.4272 3823.57
13.4282 3823.59
13.4292 3823.6
13.4302 3823.62
13.4312 3823.63
13.4322 3823.65
13.4332 3823.66
13.4342 3823.68
13.4352 3823.69
13.4362 3823.71
13.4372 3823.72
13.4382 3823.74
13.4392 3823.75
13.4402 3823.77
13.4412 3823.79
13.4422 3823.8
13.4432 3823.82
13.4442 3823.83
13.4452 3823.85
13.4462 3823.86
13.4472 3823.88
13.4482 3823.89
13.4492 3823.91
13.4502 3823.92
13.4512 3823.94
13.4522 3823.95
13.4532 3823.97
13.4542 3823.98
13.4552 3824
13.4562 3824.01
13.4572 3824.03
13.4582 3824.04
13.4592 3824.06
13.4602 3824.07
13.4612 3824.09
13.4622 3824.1
13.4632 3824.12
13.4642 3824.13
13.4652 3824.15
13.4662 3824.16
13.4672 3824.18
13.4682 3824.19
13.4692 3824.21
13.4702 3824.22
13.4712 3824.24
13.4722 3824.25
13.4732 3824.27
13.4742 3824.28
13.4752 3824.3
13.4762 3824.31
13.4772 3824.33
13.4782 3824.34
13.4792 3824.36
13.4802 3824.37
13.4812 3824.39
13.4822 3824.4
13.4832 3824.42
13.4842 3824.43
13.4852 3824.45
13.4862 3824.46
13.4872 3824.48
13.4882 3824.49
13.4892 3824.51
13.4902 3824.52
13.4912 3824.54
13.4922 3824.55
13.4932 3824.57
13.4942 3824.58
13.4952 3824.6
13.4962 3824.61
13.4972 3824.63
13.4982 3824.64
13.4992 3824.66
13.5002 3824.67
13.5012 3824.69
13.5022 3824.7
13.5032 3824.72
13.5042 3824.73
13.5052 3824.74
13.5062 3824.76
13.5072 3824.77
13.5082 3824.79
13.5092 3824.8
13.5102 3824.82
13.5112 3824.83
13.5122 3824.85
13.5132 3824.86
13.5142 3824.88
13.5152 3824.89
13.5162 3824.91
13.5172 3824.92
13.5182 3824.94
13.5192 3824.95
13.5202 3824.97
13.5212 3824.98
13.5222 3825
13.5232 3825.01
13.5242 3825.03
13.5252 3825.04
13.5262 3825.06
13.5272 3825.07
13.5282 3825.09
13.5292 3825.1
13.5302 3825.12
13.5312 3825.13
13.5322 3825.15
13.5332 3825.16
13.5342 3825.18
13.5352 3825.19
13.5362 3825.21
13.5372 3825.22
13.5382 3825.23
13.5392 3825.25
13.5402 3825.26
13.5412 3825.28
13.5422 3825.29
13.5432 3825.31
13.5442 3825.32
13.5452 3825.34
13.5462 3825.35
13.5472 3825.37
13.5482 3825.38
13.5492 3825.4
13.5502 3825.41
13.5512 3825.43
13.5522 3825.44
13.5532 3825.46
13.5542 3825.47
13.5552 3825.49
13.5562 3825.5
13.5572 3825.52
13.5582 3825.53
13.5592 3825.54
13.5602 3825.56
13.5612 3825.57
13.5622 3825.59
13.5632 3825.6
13.5642 3825.62
13.5652 3825.63
13.5662 3825.65
13.5672 3825.66
13.5682 3825.68
13.5692 3825.69
13.5702 3825.71
13.5712 3825.72
13.5722 3825.74
13.5732 3825.75
13.5742 3825.77
13.5752 3825.78
13.5762 3825.79
13.5772 3825.81
13.5782 3825.82
13.5792 3825.84
13.5802 3825.85
13.5812 3825.87
13.5822 3825.88
13.5832 3825.9
13.5842 3825.91
13.5852 3825.93
13.5862 3825.94
13.5872 3825.96
13.5882 3825.97
13.5892 3825.99
13.5902 3826
13.5912 3826.01
13.5922 3826.03
13.5932 3826.04
13.5942 3826.06
13.5952 3826.07
13.5962 3826.09
13.5972 3826.1
13.5982 3826.12
13.5992 3826.13
13.6002 3826.15
13.6012 3826.16
13.6022 3826.17
13.6032 3826.19
13.6042 3826.2
13.6052 3826.22
13.6062 3826.23
13.6072 3826.25
13.6082 3826.26
13.6092 3826.28
13.6102 3826.29
13.6112 3826.31
13.6122 3826.32
13.6132 3826.34
13.6142 3826.35
13.6152 3826.36
13.6162 3826.38
13.6172 3826.39
13.6182 3826.41
13.6192 3826.42
13.6202 3826.44
13.6212 3826.45
13.6222 3826.47
13.6232 3826.48
13.6242 3826.5
13.6252 3826.51
13.6262 3826.52
13.6272 3826.54
13.6282 3826.55
13.6292 3826.57
13.6302 3826.58
13.6312 3826.6
13.6322 3826.61
13.6332 3826.63
13.6342 3826.64
13.6352 3826.65
13.6362 3826.67
13.6372 3826.68
13.6382 3826.7
13.6392 3826.71
13.6402 3826.73
13.6412 3826.74
13.6422 3826.76
13.6432 3826.77
13.6442 3826.78
13.6452 3826.8
13.6462 3826.81
13.6472 3826.83
13.6482 3826.84
13.6492 3826.86
13.6502 3826.87
13.6512 3826.89
13.6522 3826.9
13.6532 3826.91
13.6542 3826.93
13.6552 3826.94
13.6562 3826.96
13.6572 3826.97
13.6582 3826.99
13.6592 3827
13.6602 3827.02
13.6612 3827.03
13.6622 3827.04
13.6632 3827.06
13.6642 3827.07
13.6652 3827.09
13.6662 3827.1
13.6672 3827.12
13.6682 3827.13
13.6692 3827.15
13.6702 3827.16
13.6712 3827.17
13.6722 3827.19
13.6732 3827.2
13.6742 3827.22
13.6752 3827.23
13.6762 3827.25
13.6772 3827.26
13.6782 3827.27
13.6792 3827.29
13.6802 3827.3
13.6812 3827.32
13.6822 3827.33
13.6832 3827.35
13.6842 3827.36
13.6852 3827.37
13.6862 3827.39
13.6872 3827.4
13.6882 3827.42
13.6892 3827.43
13.6902 3827.45
13.6912 3827.46
13.6922 3827.47
13.6932 3827.49
13.6942 3827.5
13.6952 3827.52
13.6962 3827.53
13.6972 3827.55
13.6982 3827.56
13.6992 3827.57
13.7002 3827.59
13.7012 3827.6
13.7022 3827.62
13.7032 3827.63
13.7042 3827.65
13.7052 3827.66
13.7062 3827.67
13.7072 3827.69
13.7082 3827.7
13.7092 3827.72
13.7102 3827.73
13.7112 3827.75
13.7122 3827.76
13.7132 3827.77
13.7142 3827.79
13.7152 3827.8
13.7162 3827.82
13.7172 3827.83
13.7182 3827.85
13.7192 3827.86
13.7202 3827.87
13.7212 3827.89
13.7222 3827.9
13.7232 3827.92
13.7242 3827.93
13.7252 3827.95
13.7262 3827.96
13.7272 3827.97
13.7282 3827.99
13.7292 3828
13.7302 3828.02
13.7312 3828.03
13.7322 3828.04
13.7332 3828.06
13.7342 3828.07
13.7352 3828.09
13.7362 3828.1
13.7372 3828.12
13.7382 3828.13
13.7392 3828.14
13.7402 3828.16
13.7412 3828.17
13.7422 3828.19
13.7432 3828.2
13.7442 3828.21
13.7452 3828.23
13.7462 3828.24
13.7472 3828.26
13.7482 3828.27
13.7492 3828.28
13.7502 3828.3
13.7512 3828.31
13.7522 3828.33
13.7532 3828.34
13.7542 3828.36
13.7552 3828.37
13.7562 3828.38
13.7572 3828.4
13.7582 3828.41
13.7592 3828.43
13.7602 3828.44
13.7612 3828.45
13.7622 3828.47
13.7632 3828.48
13.7642 3828.5
13.7652 3828.51
13.7662 3828.52
13.7672 3828.54
13.7682 3828.55
13.7692 3828.57
13.7702 3828.58
13.7712 3828.59
13.7722 3828.61
13.7732 3828.62
13.7742 3828.64
13.7752 3828.65
13.7762 3828.67
13.7772 3828.68
13.7782 3828.69
13.7792 3828.71
13.7802 3828.72
13.7812 3828.74
13.7822 3828.75
13.7832 3828.76
13.7842 3828.78
13.7852 3828.79
13.7862 3828.81
13.7872 3828.82
13.7882 3828.83
13.7892 3828.85
13.7902 3828.86
13.7912 3828.88
13.7922 3828.89
13.7932 3828.9
13.7942 3828.92
13.7952 3828.93
13.7962 3828.95
13.7972 3828.96
13.7982 3828.97
13.7992 3828.99
13.8002 3829
13.8012 3829.01
13.8022 3829.03
13.8032 3829.04
13.8042 3829.06
13.8052 3829.07
13.8062 3829.08
13.8072 3829.1
13.8082 3829.11
13.8092 3829.13
13.8102 3829.14
13.8112 3829.15
13.8122 3829.17
13.8132 3829.18
13.8142 3829.2
13.8152 3829.21
13.8162 3829.22
13.8172 3829.24
13.8182 3829.25
13.8192 3829.27
13.8202 3829.28
13.8212 3829.29
13.8222 3829.31
13.8232 3829.32
13.8242 3829.33
13.8252 3829.35
13.8262 3829.36
13.8272 3829.38
13.8282 3829.39
13.8292 3829.4
13.8302 3829.42
13.8312 3829.43
13.8322 3829.45
13.8332 3829.46
13.8342 3829.47
13.8352 3829.49
13.8362 3829.5
13.8372 3829.52
13.8382 3829.53
13.8392 3829.54
13.8402 3829.56
13.8412 3829.57
13.8422 3829.58
13.8432 3829.6
13.8442 3829.61
13.8452 3829.63
13.8462 3829.64
13.8472 3829.65
13.8482 3829.67
13.8492 3829.68
13.8502 3829.69
13.8512 3829.71
13.8522 3829.72
13.8532 3829.74
13.8542 3829.75
13.8552 3829.76
13.8562 3829.78
13.8572 3829.79
13.8582 3829.81
13.8592 3829.82
13.8602 3829.83
13.8612 3829.85
13.8622 3829.86
13.8632 3829.87
13.8642 3829.89
13.8652 3829.9
13.8662 3829.92
13.8672 3829.93
13.8682 3829.94
13.8692 3829.96
13.8702 3829.97
13.8712 3829.98
13.8722 3830
13.8732 3830.01
13.8742 3830.02
13.8752 3830.04
13.8762 3830.05
13.8772 3830.07
13.8782 3830.08
13.8792 3830.09
13.8802 3830.11
13.8812 3830.12
13.8822 3830.13
13.8832 3830.15
13.8842 3830.16
13.8852 3830.18
13.8862 3830.19
13.8872 3830.2
13.8882 3830.22
13.8892 3830.23
13.8902 3830.24
13.8912 3830.26
13.8922 3830.27
13.8932 3830.29
13.8942 3830.3
13.8952 3830.31
13.8962 3830.33
13.8972 3830.34
13.8982 3830.35
13.8992 3830.37
13.9002 3830.38
13.9012 3830.39
13.9022 3830.41
13.9032 3830.42
13.9042 3830.44
13.9052 3830.45
13.9062 3830.46
13.9072 3830.48
13.9082 3830.49
13.9092 3830.5
13.9102 3830.52
13.9112 3830.53
13.9122 3830.54
13.9132 3830.56
13.9142 3830.57
13.9152 3830.58
13.9162 3830.6
13.9172 3830.61
13.9182 3830.63
13.9192 3830.64
13.9202 3830.65
13.9212 3830.67
13.9222 3830.68
13.9232 3830.69
13.9242 3830.71
13.9252 3830.72
13.9262 3830.73
13.9272 3830.75
13.9282 3830.76
13.9292 3830.77
13.9302 3830.79
13.9312 3830.8
13.9322 3830.82
13.9332 3830.83
13.9342 3830.84
13.9352 3830.86
13.9362 3830.87
13.9372 3830.88
13.9382 3830.9
13.9392 3830.91
13.9402 3830.92
13.9412 3830.94
13.9422 3830.95
13.9432 3830.96
13.9442 3830.98
13.9452 3830.99
13.9462 3831
13.9472 3831.02
13.9482 3831.03
13.9492 3831.04
13.9502 3831.06
13.9512 3831.07
13.9522 3831.09
13.9532 3831.1
13.9542 3831.11
13.9552 3831.13
13.9562 3831.14
13.9572 3831.15
13.9582 3831.17
13.9592 3831.18
13.9602 3831.19
13.9612 3831.21
13.9622 3831.22
13.9632 3831.23
13.9642 3831.25
13.9652 3831.26
13.9662 3831.27
13.9672 3831.29
13.9682 3831.3
13.9692 3831.31
13.9702 3831.33
13.9712 3831.34
13.9722 3831.35
13.9732 3831.37
13.9742 3831.38
13.9752 3831.39
13.9762 3831.41
13.9772 3831.42
13.9782 3831.43
13.9792 3831.45
13.9802 3831.46
13.9812 3831.47
13.9822 3831.49
13.9832 3831.5
13.9842 3831.51
13.9852 3831.53
13.9862 3831.54
13.9872 3831.55
13.9882 3831.57
13.9892 3831.58
13.9902 3831.59
13.9912 3831.61
13.9922 3831.62
13.9932 3831.63
13.9942 3831.65
13.9952 3831.66
13.9962 3831.68
13.9972 3831.69
13.9982 3831.7
13.9992 3831.71
14.0002 3831.73
14.0012 3831.79
14.0022 3831.84
14.0032 3831.9
14.0042 3831.96
14.0052 3832.01
14.0062 3832.07
14.0072 3832.13
14.0082 3832.18
14.0092 3832.24
14.0102 3832.3
14.0112 3832.35
14.0122 3832.41
14.0132 3832.47
14.0142 3832.53
14.0152 3832.58
14.0162 3832.64
14.0172 3832.7
14.0182 3832.75
14.0192 3832.81
14.0202 3832.87
14.0212 3832.92
14.0222 3832.98
14.0232 3833.04
14.0242 3833.09
14.0252 3833.15
14.0262 3833.21
14.0272 3833.27
14.0282 3833.32
14.0292 3833.38
14.0302 3833.44
14.0312 3833.49
14.0322 3833.55
14.0332 3833.61
14.0342 3833.66
14.0352 3833.72
14.0362 3833.78
14.0372 3833.83
14.0382 3833.89
14.0392 3833.95
14.0402 3834.01
14.0412 3834.06
14.0422 3834.12
14.0432 3834.18
14.0442 3834.23
14.0452 3834.29
14.0462 3834.35
14.0472 3834.4
14.0482 3834.46
14.0492 3834.52
14.0502 3834.57
14.0512 3834.63
14.0522 3834.69
14.0532 3834.75
14.0542 3834.8
14.0552 3834.86
14.0562 3834.92
14.0572 3834.97
14.0582 3835.03
14.0592 3835.09
14.0602 3835.14
14.0612 3835.2
14.0622 3835.26
14.0632 3835.31
14.0642 3835.37
14.0652 3835.43
14.0662 3835.48
14.0672 3835.54
14.0682 3835.6
14.0692 3835.65
14.0702 3835.71
14.0712 3835.77
14.0722 3835.83
14.0732 3835.88
14.0742 3835.94
14.0752 3836
14.0762 3836.05
14.0772 3836.11
14.0782 3836.17
14.0792 3836.22
14.0802 3836.28
14.0812 3836.34
14.0822 3836.39
14.0832 3836.45
14.0842 3836.51
14.0852 3836.56
14.0862 3836.62
14.0872 3836.68
14.0882 3836.73
14.0892 3836.79
14.0902 3836.85
14.0912 3836.91
14.0922 3836.96
14.0932 3837.02
14.0942 3837.08
14.0952 3837.13
14.0962 3837.19
14.0972 3837.25
14.0982 3837.3
14.0992 3837.36
14.1002 3837.42
14.1012 3837.47
14.1022 3837.53
14.1032 3837.59
14.1042 3837.64
14.1052 3837.7
14.1062 3837.76
14.1072 3837.81
14.1082 3837.87
14.1092 3837.93
14.1102 3837.98
14.1112 3838.04
14.1122 3838.1
14.1132 3838.15
14.1142 3838.21
14.1152 3838.27
14.1162 3838.33
14.1172 3838.38
14.1182 3838.44
14.1192 3838.5
14.1202 3838.55
14.1212 3838.61
14.1222 3838.67
14.1232 3838.72
14.1242 3838.78
14.1252 3838.84
14.1262 3838.89
14.1272 3838.95
14.1282 3839.01
14.1292 3839.06
14.1302 3839.12
14.1312 3839.18
14.1322 3839.23
14.1332 3839.29
14.1342 3839.35
14.1352 3839.4
14.1362 3839.46
14.1372 3839.52
14.1382 3839.57
14.1392 3839.63
14.1402 3839.69
14.1412 3839.74
14.1422 3839.8
14.1432 3839.86
14.1442 3839.91
14.1452 3839.97
14.1462 3840.03
14.1472 3840.08
14.1482 3840.14
14.1492 3840.2
14.1502 3840.25
14.1512 3840.31
14.1522 3840.37
14.1532 3840.42
14.1542 3840.48
14.1552 3840.54
14.1562 3840.59
14.1572 3840.65
14.1582 3840.71
14.1592 3840.77
14.1602 3840.82
14.1612 3840.88
14.1622 3840.94
14.1632 3840.99
14.1642 3841.05
14.1652 3841.11
14.1662 3841.16
14.1672 3841.22
14.1682 3841.28
14.1692 3841.33
14.1702 3841.39
14.1712 3841.45
14.1722 3841.5
14.1732 3841.56
14.1742 3841.62
14.1752 3841.67
14.1762 3841.73
14.1772 3841.79
14.1782 3841.84
14.1792 3841.9
14.1802 3841.96
14.1812 3842.01
14.1822 3842.07
14.1832 3842.13
14.1842 3842.18
14.1852 3842.24
14.1862 3842.3
14.1872 3842.35
14.1882 3842.41
14.1892 3842.47
14.1902 3842.52
14.1912 3842.58
14.1922 3842.64
14.1932 3842.69
14.1942 3842.75
14.1952 3842.81
14.1962 3842.86
14.1972 3842.92
14.1982 3842.98
14.1992 3843.03
14.2002 3843.09
14.2012 3843.15
14.2022 3843.2
14.2032 3843.26
14.2042 3843.32
14.2052 3843.37
14.2062 3843.43
14.2072 3843.49
14.2082 3843.54
14.2092 3843.6
14.2102 3843.65
14.2112 3843.71
14.2122 3843.77
14.2132 3843.82
14.2142 3843.88
14.2152 3843.94
14.2162 3843.99
14.2172 3844.05
14.2182 3844.11
14.2192 3844.16
14.2202 3844.22
14.2212 3844.28
14.2222 3844.33
14.2232 3844.39
14.2242 3844.45
14.2252 3844.5
14.2262 3844.56
14.2272 3844.62
14.2282 3844.67
14.2292 3844.73
14.2302 3844.79
14.2312 3844.84
14.2322 3844.9
14.2332 3844.96
14.2342 3845.01
14.2352 3845.07
14.2362 3845.13
14.2372 3845.18
14.2382 3845.24
14.2392 3845.3
14.2402 3845.35
14.2412 3845.41
14.2422 3845.47
14.2432 3845.52
14.2442 3845.58
14.2452 3845.64
14.2462 3845.69
14.2472 3845.75
14.2482 3845.81
14.2492 3845.86
14.2502 3845.92
14.2512 3845.97
14.2522 3846.03
14.2532 3846.09
14.2542 3846.14
14.2552 3846.2
14.2562 3846.26
14.2572 3846.31
14.2582 3846.37
14.2592 3846.43
14.2602 3846.48
14.2612 3846.54
14.2622 3846.6
14.2632 3846.65
14.2642 3846.71
14.2652 3846.77
14.2662 3846.82
14.2672 3846.88
14.2682 3846.94
14.2692 3846.99
14.2702 3847.05
14.2712 3847.11
14.2722 3847.16
14.2732 3847.22
14.2742 3847.28
14.2752 3847.33
14.2762 3847.39
14.2772 3847.44
14.2782 3847.5
14.2792 3847.56
14.2802 3847.61
14.2812 3847.67
14.2822 3847.73
14.2832 3847.78
14.2842 3847.84
14.2852 3847.9
14.2862 3847.95
14.2872 3848.01
14.2882 3848.07
14.2892 3848.12
14.2902 3848.18
14.2912 3848.24
14.2922 3848.29
14.2932 3848.35
14.2942 3848.41
14.2952 3848.46
14.2962 3848.52
14.2972 3848.57
14.2982 3848.63
14.2992 3848.69
14.3002 3848.74
14.3012 3848.8
14.3022 3848.86
14.3032 3848.91
14.3042 3848.97
14.3052 3849.03
14.3062 3849.08
14.3072 3849.14
14.3082 3849.2
14.3092 3849.25
14.3102 3849.31
14.3112 3849.37
14.3122 3849.42
14.3132 3849.48
14.3142 3849.53
14.3152 3849.59
14.3162 3849.65
14.3172 3849.7
14.3182 3849.76
14.3192 3849.82
14.3202 3849.87
14.3212 3849.93
14.3222 3849.99
14.3232 3850.04
14.3242 3850.1
14.3252 3850.16
14.3262 3850.21
14.3272 3850.27
14.3282 3850.32
14.3292 3850.38
14.3302 3850.44
14.3312 3850.49
14.3322 3850.55
14.3332 3850.61
14.3342 3850.66
14.3352 3850.72
14.3362 3850.78
14.3372 3850.83
14.3382 3850.89
14.3392 3850.95
14.3402 3851
14.3412 3851.06
14.3422 3851.11
14.3432 3851.17
14.3442 3851.23
14.3452 3851.28
14.3462 3851.34
14.3472 3851.4
14.3482 3851.45
14.3492 3851.51
14.3502 3851.57
14.3512 3851.62
14.3522 3851.68
14.3532 3851.73
14.3542 3851.79
14.3552 3851.85
14.3562 3851.9
14.3572 3851.96
14.3582 3852.02
14.3592 3852.07
14.3602 3852.13
14.3612 3852.19
14.3622 3852.24
14.3632 3852.3
14.3642 3852.35
14.3652 3852.41
14.3662 3852.47
14.3672 3852.52
14.3682 3852.58
14.3692 3852.64
14.3702 3852.69
14.3712 3852.75
14.3722 3852.81
14.3732 3852.86
14.3742 3852.92
14.3752 3852.97
14.3762 3853.03
14.3772 3853.09
14.3782 3853.14
14.3792 3853.2
14.3802 3853.26
14.3812 3853.31
14.3822 3853.37
14.3832 3853.43
14.3842 3853.48
14.3852 3853.54
14.3862 3853.59
14.3872 3853.65
14.3882 3853.71
14.3892 3853.76
14.3902 3853.82
14.3912 3853.88
14.3922 3853.93
14.3932 3853.99
14.3942 3854.05
14.3952 3854.1
14.3962 3854.16
14.3972 3854.21
14.3982 3854.27
14.3992 3854.33
14.4002 3854.38
14.4012 3854.44
14.4022 3854.5
14.4032 3854.55
14.4042 3854.61
14.4052 3854.66
14.4062 3854.72
14.4072 3854.78
14.4082 3854.83
14.4092 3854.89
14.4102 3854.95
14.4112 3855
14.4122 3855.06
14.4132 3855.11
14.4142 3855.17
14.4152 3855.23
14.4162 3855.28
14.4172 3855.34
14.4182 3855.4
14.4192 3855.45
14.4202 3855.51
14.4212 3855.56
14.4222 3855.62
14.4232 3855.68
14.4242 3855.73
14.4252 3855.79
14.4262 3855.85
14.4272 3855.9
14.4282 3855.96
14.4292 3856.01
14.4302 3856.07
14.4312 3856.13
14.4322 3856.18
14.4332 3856.24
14.4342 3856.3
14.4352 3856.35
14.4362 3856.41
14.4372 3856.46
14.4382 3856.52
14.4392 3856.58
14.4402 3856.63
14.4412 3856.69
14.4422 3856.75
14.4432 3856.8
14.4442 3856.86
14.4452 3856.91
14.4462 3856.97
14.4472 3857.03
14.4482 3857.08
14.4492 3857.14
14.4502 3857.2
14.4512 3857.25
14.4522 3857.31
14.4532 3857.36
14.4542 3857.42
14.4552 3857.48
14.4562 3857.53
14.4572 3857.59
14.4582 3857.65
14.4592 3857.7
14.4602 3857.76
14.4612 3857.81
14.4622 3857.87
14.4632 3857.93
14.4642 3857.98
14.4652 3858.04
14.4662 3858.1
14.4672 3858.15
14.4682 3858.21
14.4692 3858.26
14.4702 3858.32
14.4712 3858.38
14.4722 3858.43
14.4732 3858.49
14.4742 3858.54
14.4752 3858.6
14.4762 3858.66
14.4772 3858.71
14.4782 3858.77
14.4792 3858.83
14.4802 3858.88
14.4812 3858.94
14.4822 3858.99
14.4832 3859.05
14.4842 3859.11
14.4852 3859.16
14.4862 3859.22
14.4872 3859.27
14.4882 3859.33
14.4892 3859.39
14.4902 3859.44
14.4912 3859.5
14.4922 3859.56
14.4932 3859.61
14.4942 3859.67
14.4952 3859.72
14.4962 3859.78
14.4972 3859.84
14.4982 3859.89
14.4992 3859.95
14.5002 3860
14.5012 3860.06
14.5022 3860.12
14.5032 3860.17
14.5042 3860.23
14.5052 3860.29
14.5062 3860.34
14.5072 3860.4
14.5082 3860.45
14.5092 3860.51
14.5102 3860.57
14.5112 3860.62
14.5122 3860.68
14.5132 3860.73
14.5142 3860.79
14.5152 3860.85
14.5162 3860.9
14.5172 3860.96
14.5182 3861.01
14.5192 3861.07
14.5202 3861.13
14.5212 3861.18
14.5222 3861.24
14.5232 3861.3
14.5242 3861.35
14.5252 3861.41
14.5262 3861.46
14.5272 3861.52
14.5282 3861.58
14.5292 3861.63
14.5302 3861.69
14.5312 3861.74
14.5322 3861.8
14.5332 3861.86
14.5342 3861.91
14.5352 3861.97
14.5362 3862.02
14.5372 3862.08
14.5382 3862.14
14.5392 3862.19
14.5402 3862.25
14.5412 3862.3
14.5422 3862.36
14.5432 3862.42
14.5442 3862.47
14.5452 3862.53
14.5462 3862.59
14.5472 3862.64
14.5482 3862.7
14.5492 3862.75
14.5502 3862.81
14.5512 3862.87
14.5522 3862.92
14.5532 3862.98
14.5542 3863.03
14.5552 3863.09
14.5562 3863.15
14.5572 3863.2
14.5582 3863.26
14.5592 3863.31
14.5602 3863.37
14.5612 3863.43
14.5622 3863.48
14.5632 3863.54
14.5642 3863.59
14.5652 3863.65
14.5662 3863.71
14.5672 3863.76
14.5682 3863.82
14.5692 3863.87
14.5702 3863.93
14.5712 3863.99
14.5722 3864.04
14.5732 3864.1
14.5742 3864.15
14.5752 3864.21
14.5762 3864.27
14.5772 3864.32
14.5782 3864.38
14.5792 3864.43
14.5802 3864.49
14.5812 3864.55
14.5822 3864.6
14.5832 3864.66
14.5842 3864.71
14.5852 3864.77
14.5862 3864.83
14.5872 3864.88
14.5882 3864.94
14.5892 3864.99
14.5902 3865.05
14.5912 3865.11
14.5922 3865.16
14.5932 3865.22
14.5942 3865.27
14.5952 3865.33
14.5962 3865.39
14.5972 3865.44
14.5982 3865.5
14.5992 3865.55
14.6002 3865.61
14.6012 3865.67
14.6022 3865.72
14.6032 3865.78
14.6042 3865.83
14.6052 3865.89
14.6062 3865.95
14.6072 3866
14.6082 3866.06
14.6092 3866.11
14.6102 3866.17
14.6112 3866.22
14.6122 3866.28
14.6132 3866.34
14.6142 3866.39
14.6152 3866.45
14.6162 3866.5
14.6172 3866.56
14.6182 3866.62
14.6192 3866.67
14.6202 3866.73
14.6212 3866.78
14.6222 3866.84
14.6232 3866.9
14.6242 3866.95
14.6252 3867.01
14.6262 3867.06
14.6272 3867.12
14.6282 3867.18
14.6292 3867.23
14.6302 3867.29
14.6312 3867.34
14.6322 3867.4
14.6332 3867.46
14.6342 3867.51
14.6352 3867.57
14.6362 3867.62
14.6372 3867.68
14.6382 3867.73
14.6392 3867.79
14.6402 3867.85
14.6412 3867.9
14.6422 3867.96
14.6432 3868.01
14.6442 3868.07
14.6452 3868.13
14.6462 3868.18
14.6472 3868.24
14.6482 3868.29
14.6492 3868.35
14.6502 3868.41
14.6512 3868.46
14.6522 3868.52
14.6532 3868.57
14.6542 3868.63
14.6552 3868.68
14.6562 3868.74
14.6572 3868.8
14.6582 3868.85
14.6592 3868.91
14.6602 3868.96
14.6612 3869.02
14.6622 3869.08
14.6632 3869.13
14.6642 3869.19
14.6652 3869.24
14.6662 3869.3
14.6672 3869.35
14.6682 3869.41
14.6692 3869.47
14.6702 3869.52
14.6712 3869.58
14.6722 3869.63
14.6732 3869.69
14.6742 3869.75
14.6752 3869.8
14.6762 3869.86
14.6772 3869.91
14.6782 3869.97
14.6792 3870.02
14.6802 3870.08
14.6812 3870.14
14.6822 3870.19
14.6832 3870.25
14.6842 3870.3
14.6852 3870.36
14.6862 3870.42
14.6872 3870.47
14.6882 3870.53
14.6892 3870.58
14.6902 3870.64
14.6912 3870.69
14.6922 3870.75
14.6932 3870.81
14.6942 3870.86
14.6952 3870.92
14.6962 3870.97
14.6972 3871.03
14.6982 3871.09
14.6992 3871.14
14.7002 3871.2
14.7012 3871.25
14.7022 3871.31
14.7032 3871.36
14.7042 3871.42
14.7052 3871.48
14.7062 3871.53
14.7072 3871.59
14.7082 3871.64
14.7092 3871.7
14.7102 3871.75
14.7112 3871.81
14.7122 3871.87
14.7132 3871.92
14.7142 3871.98
14.7152 3872.03
14.7162 3872.09
14.7172 3872.14
14.7182 3872.2
14.7192 3872.26
14.7202 3872.31
14.7212 3872.37
14.7222 3872.42
14.7232 3872.48
14.7242 3872.54
14.7252 3872.59
14.7262 3872.65
14.7272 3872.7
14.7282 3872.76
14.7292 3872.81
14.7302 3872.87
14.7312 3872.93
14.7322 3872.98
14.7332 3873.04
14.7342 3873.09
14.7352 3873.15
14.7362 3873.2
14.7372 3873.26
14.7382 3873.32
14.7392 3873.37
14.7402 3873.43
14.7412 3873.48
14.7422 3873.54
14.7432 3873.59
14.7442 3873.65
14.7452 3873.71
14.7462 3873.76
14.7472 3873.82
14.7482 3873.87
14.7492 3873.93
14.7502 3873.98
14.7512 3874.04
14.7522 3874.1
14.7532 3874.15
14.7542 3874.21
14.7552 3874.26
14.7562 3874.32
14.7572 3874.37
14.7582 3874.43
14.7592 3874.48
14.7602 3874.54
14.7612 3874.6
14.7622 3874.65
14.7632 3874.71
14.7642 3874.76
14.7652 3874.82
14.7662 3874.87
14.7672 3874.93
14.7682 3874.99
14.7692 3875.04
14.7702 3875.1
14.7712 3875.15
14.7722 3875.21
14.7732 3875.26
14.7742 3875.32
14.7752 3875.38
14.7762 3875.43
14.7772 3875.49
14.7782 3875.54
14.7792 3875.6
14.7802 3875.65
14.7812 3875.71
14.7822 3875.77
14.7832 3875.82
14.7842 3875.88
14.7852 3875.93
14.7862 3875.99
14.7872 3876.04
14.7882 3876.1
14.7892 3876.15
14.7902 3876.21
14.7912 3876.27
14.7922 3876.32
14.7932 3876.38
14.7942 3876.43
14.7952 3876.49
14.7962 3876.54
14.7972 3876.6
14.7982 3876.66
14.7992 3876.71
14.8002 3876.77
14.8012 3876.82
14.8022 3876.88
14.8032 3876.93
14.8042 3876.99
14.8052 3877.04
14.8062 3877.1
14.8072 3877.16
14.8082 3877.21
14.8092 3877.27
14.8102 3877.32
14.8112 3877.38
14.8122 3877.43
14.8132 3877.49
14.8142 3877.54
14.8152 3877.6
14.8162 3877.66
14.8172 3877.71
14.8182 3877.77
14.8192 3877.82
14.8202 3877.88
14.8212 3877.93
14.8222 3877.99
14.8232 3878.04
14.8242 3878.1
14.8252 3878.16
14.8262 3878.21
14.8272 3878.27
14.8282 3878.32
14.8292 3878.38
14.8302 3878.43
14.8312 3878.49
14.8322 3878.54
14.8332 3878.6
14.8342 3878.66
14.8352 3878.71
14.8362 3878.77
14.8372 3878.82
14.8382 3878.88
14.8392 3878.93
14.8402 3878.99
14.8412 3879.04
14.8422 3879.1
14.8432 3879.16
14.8442 3879.21
14.8452 3879.27
14.8462 3879.32
14.8472 3879.38
14.8482 3879.43
14.8492 3879.49
14.8502 3879.54
14.8512 3879.6
14.8522 3879.66
14.8532 3879.71
14.8542 3879.77
14.8552 3879.82
14.8562 3879.88
14.8572 3879.93
14.8582 3879.99
14.8592 3880.04
14.8602 3880.1
14.8612 3880.16
14.8622 3880.21
14.8632 3880.27
14.8642 3880.32
14.8652 3880.38
14.8662 3880.43
14.8672 3880.49
14.8682 3880.54
14.8692 3880.6
14.8702 3880.65
14.8712 3880.71
14.8722 3880.77
14.8732 3880.82
14.8742 3880.88
14.8752 3880.93
14.8762 3880.99
14.8772 3881.04
14.8782 3881.1
14.8792 3881.15
14.8802 3881.21
14.8812 3881.26
14.8822 3881.32
14.8832 3881.38
14.8842 3881.43
14.8852 3881.49
14.8862 3881.54
14.8872 3881.6
14.8882 3881.65
14.8892 3881.71
14.8902 3881.76
14.8912 3881.82
14.8922 3881.87
14.8932 3881.93
14.8942 3881.99
14.8952 3882.04
14.8962 3882.1
14.8972 3882.15
14.8982 3882.21
14.8992 3882.26
14.9002 3882.32
14.9012 3882.37
14.9022 3882.43
14.9032 3882.48
14.9042 3882.54
14.9052 3882.6
14.9062 3882.65
14.9072 3882.71
14.9082 3882.76
14.9092 3882.82
14.9102 3882.87
14.9112 3882.93
14.9122 3882.98
14.9132 3883.04
14.9142 3883.09
14.9152 3883.15
14.9162 3883.2
14.9172 3883.26
14.9182 3883.32
14.9192 3883.37
14.9202 3883.43
14.9212 3883.48
14.9222 3883.54
14.9232 3883.59
14.9242 3883.65
14.9252 3883.7
14.9262 3883.76
14.9272 3883.81
14.9282 3883.87
14.9292 3883.92
14.9302 3883.98
14.9312 3884.04
14.9322 3884.09
14.9332 3884.15
14.9342 3884.2
14.9352 3884.26
14.9362 3884.31
14.9372 3884.37
14.9382 3884.42
14.9392 3884.48
14.9402 3884.53
14.9412 3884.59
14.9422 3884.64
14.9432 3884.7
14.9442 3884.76
14.9452 3884.81
14.9462 3884.87
14.9472 3884.92
14.9482 3884.98
14.9492 3885.03
14.9502 3885.09
14.9512 3885.14
14.9522 3885.2
14.9532 3885.25
14.9542 3885.31
14.9552 3885.36
14.9562 3885.42
14.9572 3885.47
14.9582 3885.53
14.9592 3885.59
14.9602 3885.64
14.9612 3885.7
14.9622 3885.75
14.9632 3885.81
14.9642 3885.86
14.9652 3885.92
14.9662 3885.97
14.9672 3886.03
14.9682 3886.08
14.9692 3886.14
14.9702 3886.19
14.9712 3886.25
14.9722 3886.3
14.9732 3886.36
14.9742 3886.42
14.9752 3886.47
14.9762 3886.53
14.9772 3886.58
14.9782 3886.64
14.9792 3886.69
14.9802 3886.75
14.9812 3886.8
14.9822 3886.86
14.9832 3886.91
14.9842 3886.97
14.9852 3887.02
14.9862 3887.08
14.9872 3887.13
14.9882 3887.19
14.9892 3887.24
14.9902 3887.3
14.9912 3887.35
14.9922 3887.41
14.9932 3887.47
14.9942 3887.52
14.9952 3887.58
14.9962 3887.63
14.9972 3887.69
14.9982 3887.74
14.9992 3887.8
15.0002 3887.85
15.0012 3887.91
15.0022 3887.96
15.0032 3888.02
15.0042 3888.07
15.0052 3888.13
15.0062 3888.18
15.0072 3888.24
15.0082 3888.29
15.0092 3888.35
15.0102 3888.4
15.0112 3888.46
15.0122 3888.51
15.0132 3888.57
15.0142 3888.63
15.0152 3888.68
15.0162 3888.74
15.0172 3888.79
15.0182 3888.85
15.0192 3888.9
15.0202 3888.96
15.0212 3889.01
15.0222 3889.07
15.0232 3889.12
15.0242 3889.18
15.0252 3889.23
15.0262 3889.29
15.0272 3889.34
15.0282 3889.4
15.0292 3889.45
15.0302 3889.51
15.0312 3889.56
15.0322 3889.62
15.0332 3889.67
15.0342 3889.73
15.0352 3889.78
15.0362 3889.84
15.0372 3889.89
15.0382 3889.95
15.0392 3890.01
15.0402 3890.06
15.0412 3890.12
15.0422 3890.17
15.0432 3890.23
15.0442 3890.28
15.0452 3890.34
15.0462 3890.39
15.0472 3890.45
15.0482 3890.5
15.0492 3890.56
15.0502 3890.61
15.0512 3890.67
15.0522 3890.72
15.0532 3890.78
15.0542 3890.83
15.0552 3890.89
15.0562 3890.94
15.0572 3891
15.0582 3891.05
15.0592 3891.11
15.0602 3891.16
15.0612 3891.22
15.0622 3891.27
15.0632 3891.33
15.0642 3891.38
15.0652 3891.44
15.0662 3891.49
15.0672 3891.55
15.0682 3891.6
15.0692 3891.66
15.0702 3891.71
15.0712 3891.77
15.0722 3891.83
15.0732 3891.88
15.0742 3891.94
15.0752 3891.99
15.0762 3892.05
15.0772 3892.1
15.0782 3892.16
15.0792 3892.21
15.0802 3892.27
15.0812 3892.32
15.0822 3892.38
15.0832 3892.43
15.0842 3892.49
15.0852 3892.54
15.0862 3892.6
15.0872 3892.65
15.0882 3892.71
15.0892 3892.76
15.0902 3892.82
15.0912 3892.87
15.0922 3892.93
15.0932 3892.98
15.0942 3893.04
15.0952 3893.09
15.0962 3893.15
15.0972 3893.2
15.0982 3893.26
15.0992 3893.31
15.1002 3893.37
15.1012 3893.42
15.1022 3893.48
15.1032 3893.53
15.1042 3893.59
15.1052 3893.64
15.1062 3893.7
15.1072 3893.75
15.1082 3893.81
15.1092 3893.86
15.1102 3893.92
15.1112 3893.97
15.1122 3894.03
15.1132 3894.08
15.1142 3894.14
15.1152 3894.19
15.1162 3894.25
15.1172 3894.3
15.1182 3894.36
15.1192 3894.41
15.1202 3894.47
15.1212 3894.52
15.1222 3894.58
15.1232 3894.63
15.1242 3894.69
15.1252 3894.74
15.1262 3894.8
15.1272 3894.85
15.1282 3894.91
15.1292 3894.96
15.1302 3895.02
15.1312 3895.07
15.1322 3895.13
15.1332 3895.18
15.1342 3895.24
15.1352 3895.29
15.1362 3895.35
15.1372 3895.4
15.1382 3895.46
15.1392 3895.51
15.1402 3895.57
15.1412 3895.62
15.1422 3895.68
15.1432 3895.73
15.1442 3895.79
15.1452 3895.84
15.1462 3895.9
15.1472 3895.95
15.1482 3896.01
15.1492 3896.06
15.1502 3896.12
15.1512 3896.17
15.1522 3896.23
15.1532 3896.28
15.1542 3896.34
15.1552 3896.39
15.1562 3896.45
15.1572 3896.5
15.1582 3896.56
15.1592 3896.61
15.1602 3896.67
15.1612 3896.72
15.1622 3896.78
15.1632 3896.83
15.1642 3896.89
15.1652 3896.94
15.1662 3897
15.1672 3897.05
15.1682 3897.11
15.1692 3897.16
15.1702 3897.22
15.1712 3897.27
15.1722 3897.33
15.1732 3897.38
15.1742 3897.44
15.1752 3897.49
15.1762 3897.55
15.1772 3897.6
15.1782 3897.66
15.1792 3897.71
15.1802 3897.77
15.1812 3897.82
15.1822 3897.88
15.1832 3897.93
15.1842 3897.99
15.1852 3898.04
15.1862 3898.1
15.1872 3898.15
15.1882 3898.21
15.1892 3898.26
15.1902 3898.32
15.1912 3898.37
15.1922 3898.43
15.1932 3898.48
15.1942 3898.54
15.1952 3898.59
15.1962 3898.65
15.1972 3898.7
15.1982 3898.75
15.1992 3898.81
15.2002 3898.86
15.2012 3898.92
15.2022 3898.97
15.2032 3899.03
15.2042 3899.08
15.2052 3899.14
15.2062 3899.19
15.2072 3899.25
15.2082 3899.3
15.2092 3899.36
15.2102 3899.41
15.2112 3899.47
15.2122 3899.52
15.2132 3899.58
15.2142 3899.63
15.2152 3899.69
15.2162 3899.74
15.2172 3899.8
15.2182 3899.85
15.2192 3899.91
15.2202 3899.96
15.2212 3900.02
15.2222 3900.07
15.2232 3900.13
15.2242 3900.18
15.2252 3900.24
15.2262 3900.29
15.2272 3900.35
15.2282 3900.4
15.2292 3900.46
15.2302 3900.51
15.2312 3900.57
15.2322 3900.62
15.2332 3900.67
15.2342 3900.73
15.2352 3900.78
15.2362 3900.84
15.2372 3900.89
15.2382 3900.95
15.2392 3901
15.2402 3901.06
15.2412 3901.11
15.2422 3901.17
15.2432 3901.22
15.2442 3901.28
15.2452 3901.33
15.2462 3901.39
15.2472 3901.44
15.2482 3901.5
15.2492 3901.55
15.2502 3901.61
15.2512 3901.66
15.2522 3901.72
15.2532 3901.77
15.2542 3901.83
15.2552 3901.88
15.2562 3901.93
15.2572 3901.99
15.2582 3902.04
15.2592 3902.1
15.2602 3902.15
15.2612 3902.21
15.2622 3902.26
15.2632 3902.32
15.2642 3902.37
15.2652 3902.43
15.2662 3902.48
15.2672 3902.54
15.2682 3902.59
15.2692 3902.65
15.2702 3902.7
15.2712 3902.76
15.2722 3902.81
15.2732 3902.87
15.2742 3902.92
15.2752 3902.98
15.2762 3903.03
15.2772 3903.08
15.2782 3903.14
15.2792 3903.19
15.2802 3903.25
15.2812 3903.3
15.2822 3903.36
15.2832 3903.41
15.2842 3903.47
15.2852 3903.52
15.2862 3903.58
15.2872 3903.63
15.2882 3903.69
15.2892 3903.74
15.2902 3903.8
15.2912 3903.85
15.2922 3903.91
15.2932 3903.96
15.2942 3904.01
15.2952 3904.07
15.2962 3904.12
15.2972 3904.18
15.2982 3904.23
15.2992 3904.29
15.3002 3904.34
15.3012 3904.4
15.3022 3904.45
15.3032 3904.51
15.3042 3904.56
15.3052 3904.62
15.3062 3904.67
15.3072 3904.73
15.3082 3904.78
15.3092 3904.84
15.3102 3904.89
15.3112 3904.94
15.3122 3905
15.3132 3905.05
15.3142 3905.11
15.3152 3905.16
15.3162 3905.22
15.3172 3905.27
15.3182 3905.33
15.3192 3905.38
15.3202 3905.44
15.3212 3905.49
15.3222 3905.55
15.3232 3905.6
15.3242 3905.66
15.3252 3905.71
15.3262 3905.76
15.3272 3905.82
15.3282 3905.87
15.3292 3905.93
15.3302 3905.98
15.3312 3906.04
15.3322 3906.09
15.3332 3906.15
15.3342 3906.2
15.3352 3906.26
15.3362 3906.31
15.3372 3906.37
15.3382 3906.42
15.3392 3906.47
15.3402 3906.53
15.3412 3906.58
15.3422 3906.64
15.3432 3906.69
15.3442 3906.75
15.3452 3906.8
15.3462 3906.86
15.3472 3906.91
15.3482 3906.97
15.3492 3907.02
15.3502 3907.08
15.3512 3907.13
15.3522 3907.18
15.3532 3907.24
15.3542 3907.29
15.3552 3907.35
15.3562 3907.4
15.3572 3907.46
15.3582 3907.51
15.3592 3907.57
15.3602 3907.62
15.3612 3907.68
15.3622 3907.73
15.3632 3907.78
15.3642 3907.84
15.3652 3907.89
15.3662 3907.95
15.3672 3908
15.3682 3908.06
15.3692 3908.11
15.3702 3908.17
15.3712 3908.22
15.3722 3908.28
15.3732 3908.33
15.3742 3908.38
15.3752 3908.44
15.3762 3908.49
15.3772 3908.55
15.3782 3908.6
15.3792 3908.66
15.3802 3908.71
15.3812 3908.77
15.3822 3908.82
15.3832 3908.88
15.3842 3908.93
15.3852 3908.98
15.3862 3909.04
15.3872 3909.09
15.3882 3909.15
15.3892 3909.2
15.3902 3909.26
15.3912 3909.31
15.3922 3909.37
15.3932 3909.42
15.3942 3909.48
15.3952 3909.53
15.3962 3909.58
15.3972 3909.64
15.3982 3909.69
15.3992 3909.75
15.4002 3909.8
15.4012 3909.86
15.4022 3909.91
15.4032 3909.97
15.4042 3910.02
15.4052 3910.07
15.4062 3910.13
15.4072 3910.18
15.4082 3910.24
15.4092 3910.29
15.4102 3910.35
15.4112 3910.4
15.4122 3910.46
15.4132 3910.51
15.4142 3910.57
15.4152 3910.62
15.4162 3910.67
15.4172 3910.73
15.4182 3910.78
15.4192 3910.84
15.4202 3910.89
15.4212 3910.95
15.4222 3911
15.4232 3911.06
15.4242 3911.11
15.4252 3911.16
15.4262 3911.22
15.4272 3911.27
15.4282 3911.33
15.4292 3911.38
15.4302 3911.44
15.4312 3911.49
15.4322 3911.55
15.4332 3911.6
15.4342 3911.65
15.4352 3911.71
15.4362 3911.76
15.4372 3911.82
15.4382 3911.87
15.4392 3911.93
15.4402 3911.98
15.4412 3912.04
15.4422 3912.09
15.4432 3912.14
15.4442 3912.2
15.4452 3912.25
15.4462 3912.31
15.4472 3912.36
15.4482 3912.42
15.4492 3912.47
15.4502 3912.52
15.4512 3912.58
15.4522 3912.63
15.4532 3912.69
15.4542 3912.74
15.4552 3912.8
15.4562 3912.85
15.4572 3912.91
15.4582 3912.96
15.4592 3913.01
15.4602 3913.07
15.4612 3913.12
15.4622 3913.18
15.4632 3913.23
15.4642 3913.29
15.4652 3913.34
15.4662 3913.4
15.4672 3913.45
15.4682 3913.5
15.4692 3913.56
15.4702 3913.61
15.4712 3913.67
15.4722 3913.72
15.4732 3913.78
15.4742 3913.83
15.4752 3913.88
15.4762 3913.94
15.4772 3913.99
15.4782 3914.05
15.4792 3914.1
15.4802 3914.16
15.4812 3914.21
15.4822 3914.26
15.4832 3914.32
15.4842 3914.37
15.4852 3914.43
15.4862 3914.48
15.4872 3914.54
15.4882 3914.59
15.4892 3914.65
15.4902 3914.7
15.4912 3914.75
15.4922 3914.81
15.4932 3914.86
15.4942 3914.92
15.4952 3914.97
15.4962 3915.03
15.4972 3915.08
15.4982 3915.13
15.4992 3915.19
15.5002 3915.24
15.5012 3915.3
15.5022 3915.35
15.5032 3915.41
15.5042 3915.46
15.5052 3915.51
15.5062 3915.57
15.5072 3915.62
15.5082 3915.68
15.5092 3915.73
15.5102 3915.79
15.5112 3915.84
15.5122 3915.89
15.5132 3915.95
15.5142 3916
15.5152 3916.06
15.5162 3916.11
15.5172 3916.17
15.5182 3916.22
15.5192 3916.27
15.5202 3916.33
15.5212 3916.38
15.5222 3916.44
15.5232 3916.49
15.5242 3916.55
15.5252 3916.6
15.5262 3916.65
15.5272 3916.71
15.5282 3916.76
15.5292 3916.82
15.5302 3916.87
15.5312 3916.93
15.5322 3916.98
15.5332 3917.03
15.5342 3917.09
15.5352 3917.14
15.5362 3917.2
15.5372 3917.25
15.5382 3917.3
15.5392 3917.36
15.5402 3917.41
15.5412 3917.47
15.5422 3917.52
15.5432 3917.58
15.5442 3917.63
15.5452 3917.68
15.5462 3917.74
15.5472 3917.79
15.5482 3917.85
15.5492 3917.9
15.5502 3917.96
15.5512 3918.01
15.5522 3918.06
15.5532 3918.12
15.5542 3918.17
15.5552 3918.23
15.5562 3918.28
15.5572 3918.33
15.5582 3918.39
15.5592 3918.44
15.5602 3918.5
15.5612 3918.55
15.5622 3918.61
15.5632 3918.66
15.5642 3918.71
15.5652 3918.77
15.5662 3918.82
15.5672 3918.88
15.5682 3918.93
15.5692 3918.99
15.5702 3919.04
15.5712 3919.09
15.5722 3919.15
15.5732 3919.2
15.5742 3919.26
15.5752 3919.31
15.5762 3919.36
15.5772 3919.42
15.5782 3919.47
15.5792 3919.53
15.5802 3919.58
15.5812 3919.64
15.5822 3919.69
15.5832 3919.74
15.5842 3919.8
15.5852 3919.85
15.5862 3919.91
15.5872 3919.96
15.5882 3920.01
15.5892 3920.07
15.5902 3920.12
15.5912 3920.18
15.5922 3920.23
15.5932 3920.28
15.5942 3920.34
15.5952 3920.39
15.5962 3920.45
15.5972 3920.5
15.5982 3920.56
15.5992 3920.61
15.6002 3920.66
15.6012 3920.72
15.6022 3920.77
15.6032 3920.83
15.6042 3920.88
15.6052 3920.93
15.6062 3920.99
15.6072 3921.04
15.6082 3921.1
15.6092 3921.15
15.6102 3921.2
15.6112 3921.26
15.6122 3921.31
15.6132 3921.37
15.6142 3921.42
15.6152 3921.48
15.6162 3921.53
15.6172 3921.58
15.6182 3921.64
15.6192 3921.69
15.6202 3921.75
15.6212 3921.8
15.6222 3921.85
15.6232 3921.91
15.6242 3921.96
15.6252 3922.02
15.6262 3922.07
15.6272 3922.12
15.6282 3922.18
15.6292 3922.23
15.6302 3922.29
15.6312 3922.34
15.6322 3922.39
15.6332 3922.45
15.6342 3922.5
15.6352 3922.56
15.6362 3922.61
15.6372 3922.66
15.6382 3922.72
15.6392 3922.77
15.6402 3922.83
15.6412 3922.88
15.6422 3922.93
15.6432 3922.99
15.6442 3923.04
15.6452 3923.1
15.6462 3923.15
15.6472 3923.2
15.6482 3923.26
15.6492 3923.31
15.6502 3923.37
15.6512 3923.42
15.6522 3923.47
15.6532 3923.53
15.6542 3923.58
15.6552 3923.64
15.6562 3923.69
15.6572 3923.74
15.6582 3923.8
15.6592 3923.85
15.6602 3923.91
15.6612 3923.96
15.6622 3924.01
15.6632 3924.07
15.6642 3924.12
15.6652 3924.18
15.6662 3924.23
15.6672 3924.28
15.6682 3924.34
15.6692 3924.39
15.6702 3924.45
15.6712 3924.5
15.6722 3924.55
15.6732 3924.61
15.6742 3924.66
15.6752 3924.72
15.6762 3924.77
15.6772 3924.82
15.6782 3924.88
15.6792 3924.93
15.6802 3924.99
15.6812 3925.04
15.6822 3925.09
15.6832 3925.15
15.6842 3925.2
15.6852 3925.26
15.6862 3925.31
15.6872 3925.36
15.6882 3925.42
15.6892 3925.47
15.6902 3925.53
15.6912 3925.58
15.6922 3925.63
15.6932 3925.69
15.6942 3925.74
15.6952 3925.8
15.6962 3925.85
15.6972 3925.9
15.6982 3925.96
15.6992 3926.01
15.7002 3926.06
15.7012 3926.12
15.7022 3926.17
15.7032 3926.23
15.7042 3926.28
15.7052 3926.33
15.7062 3926.39
15.7072 3926.44
15.7082 3926.5
15.7092 3926.55
15.7102 3926.6
15.7112 3926.66
15.7122 3926.71
15.7132 3926.77
15.7142 3926.82
15.7152 3926.87
15.7162 3926.93
15.7172 3926.98
15.7182 3927.03
15.7192 3927.09
15.7202 3927.14
15.7212 3927.2
15.7222 3927.25
15.7232 3927.3
15.7242 3927.36
15.7252 3927.41
15.7262 3927.47
15.7272 3927.52
15.7282 3927.57
15.7292 3927.63
15.7302 3927.68
15.7312 3927.74
15.7322 3927.79
15.7332 3927.84
15.7342 3927.9
15.7352 3927.95
15.7362 3928
15.7372 3928.06
15.7382 3928.11
15.7392 3928.17
15.7402 3928.22
15.7412 3928.27
15.7422 3928.33
15.7432 3928.38
15.7442 3928.44
15.7452 3928.49
15.7462 3928.54
15.7472 3928.6
15.7482 3928.65
15.7492 3928.7
15.7502 3928.76
15.7512 3928.81
15.7522 3928.87
15.7532 3928.92
15.7542 3928.97
15.7552 3929.03
15.7562 3929.08
15.7572 3929.13
15.7582 3929.19
15.7592 3929.24
15.7602 3929.3
15.7612 3929.35
15.7622 3929.4
15.7632 3929.46
15.7642 3929.51
15.7652 3929.57
15.7662 3929.62
15.7672 3929.67
15.7682 3929.73
15.7692 3929.78
15.7702 3929.83
15.7712 3929.89
15.7722 3929.94
15.7732 3930
15.7742 3930.05
15.7752 3930.1
15.7762 3930.16
15.7772 3930.21
15.7782 3930.26
15.7792 3930.32
15.7802 3930.37
15.7812 3930.43
15.7822 3930.48
15.7832 3930.53
15.7842 3930.59
15.7852 3930.64
15.7862 3930.69
15.7872 3930.75
15.7882 3930.8
15.7892 3930.86
15.7902 3930.91
15.7912 3930.96
15.7922 3931.02
15.7932 3931.07
15.7942 3931.12
15.7952 3931.18
15.7962 3931.23
15.7972 3931.29
15.7982 3931.34
15.7992 3931.39
15.8002 3931.45
15.8012 3931.5
15.8022 3931.55
15.8032 3931.61
15.8042 3931.66
15.8052 3931.71
15.8062 3931.77
15.8072 3931.82
15.8082 3931.88
15.8092 3931.93
15.8102 3931.98
15.8112 3932.04
15.8122 3932.09
15.8132 3932.14
15.8142 3932.2
15.8152 3932.25
15.8162 3932.31
15.8172 3932.36
15.8182 3932.41
15.8192 3932.47
15.8202 3932.52
15.8212 3932.57
15.8222 3932.63
15.8232 3932.68
15.8242 3932.73
15.8252 3932.79
15.8262 3932.84
15.8272 3932.9
15.8282 3932.95
15.8292 3933
15.8302 3933.06
15.8312 3933.11
15.8322 3933.16
15.8332 3933.22
15.8342 3933.27
15.8352 3933.32
15.8362 3933.38
15.8372 3933.43
15.8382 3933.49
15.8392 3933.54
15.8402 3933.59
15.8412 3933.65
15.8422 3933.7
15.8432 3933.75
15.8442 3933.81
15.8452 3933.86
15.8462 3933.91
15.8472 3933.97
15.8482 3934.02
15.8492 3934.08
15.8502 3934.13
15.8512 3934.18
15.8522 3934.24
15.8532 3934.29
15.8542 3934.34
15.8552 3934.4
15.8562 3934.45
15.8572 3934.5
15.8582 3934.56
15.8592 3934.61
15.8602 3934.67
15.8612 3934.72
15.8622 3934.77
15.8632 3934.83
15.8642 3934.88
15.8652 3934.93
15.8662 3934.99
15.8672 3935.04
15.8682 3935.09
15.8692 3935.15
15.8702 3935.2
15.8712 3935.25
15.8722 3935.31
15.8732 3935.36
15.8742 3935.42
15.8752 3935.47
15.8762 3935.52
15.8772 3935.58
15.8782 3935.63
15.8792 3935.68
15.8802 3935.74
15.8812 3935.79
15.8822 3935.84
15.8832 3935.9
15.8842 3935.95
15.8852 3936
15.8862 3936.06
15.8872 3936.11
15.8882 3936.17
15.8892 3936.22
15.8902 3936.27
15.8912 3936.33
15.8922 3936.38
15.8932 3936.43
15.8942 3936.49
15.8952 3936.54
15.8962 3936.59
15.8972 3936.65
15.8982 3936.7
15.8992 3936.75
15.9002 3936.81
15.9012 3936.86
15.9022 3936.91
15.9032 3936.97
15.9042 3937.02
15.9052 3937.08
15.9062 3937.13
15.9072 3937.18
15.9082 3937.24
15.9092 3937.29
15.9102 3937.34
15.9112 3937.4
15.9122 3937.45
15.9132 3937.5
15.9142 3937.56
15.9152 3937.61
15.9162 3937.66
15.9172 3937.72
15.9182 3937.77
15.9192 3937.82
15.9202 3937.88
15.9212 3937.93
15.9222 3937.98
15.9232 3938.04
15.9242 3938.09
15.9252 3938.14
15.9262 3938.2
15.9272 3938.25
15.9282 3938.31
15.9292 3938.36
15.9302 3938.41
15.9312 3938.47
15.9322 3938.52
15.9332 3938.57
15.9342 3938.63
15.9352 3938.68
15.9362 3938.73
15.9372 3938.79
15.9382 3938.84
15.9392 3938.89
15.9402 3938.95
15.9412 3939
15.9422 3939.05
15.9432 3939.11
15.9442 3939.16
15.9452 3939.21
15.9462 3939.27
15.9472 3939.32
15.9482 3939.37
15.9492 3939.43
15.9502 3939.48
15.9512 3939.53
15.9522 3939.59
15.9532 3939.64
15.9542 3939.69
15.9552 3939.75
15.9562 3939.8
15.9572 3939.85
15.9582 3939.91
15.9592 3939.96
15.9602 3940.01
15.9612 3940.07
15.9622 3940.12
15.9632 3940.17
15.9642 3940.23
15.9652 3940.28
15.9662 3940.33
15.9672 3940.39
15.9682 3940.44
15.9692 3940.5
15.9702 3940.55
15.9712 3940.6
15.9722 3940.66
15.9732 3940.71
15.9742 3940.76
15.9752 3940.82
15.9762 3940.87
15.9772 3940.92
15.9782 3940.98
15.9792 3941.03
15.9802 3941.08
15.9812 3941.14
15.9822 3941.19
15.9832 3941.24
15.9842 3941.3
15.9852 3941.35
15.9862 3941.4
15.9872 3941.46
15.9882 3941.51
15.9892 3941.56
15.9902 3941.62
15.9912 3941.67
15.9922 3941.72
15.9932 3941.78
15.9942 3941.83
15.9952 3941.88
15.9962 3941.94
15.9972 3941.99
15.9982 3942.04
15.9992 3942.1
16.0002 3942.15
16.0012 3942.22
16.0022 3942.3
16.0032 3942.37
16.0042 3942.45
16.0052 3942.53
16.0062 3942.6
16.0072 3942.68
16.0082 3942.75
16.0092 3942.83
16.0102 3942.9
16.0112 3942.98
16.0122 3943.05
16.0132 3943.13
16.0142 3943.2
16.0152 3943.28
16.0162 3943.35
16.0172 3943.43
16.0182 3943.51
16.0192 3943.58
16.0202 3943.66
16.0212 3943.73
16.0222 3943.81
16.0232 3943.88
16.0242 3943.96
16.0252 3944.03
16.0262 3944.11
16.0272 3944.18
16.0282 3944.26
16.0292 3944.33
16.0302 3944.41
16.0312 3944.49
16.0322 3944.56
16.0332 3944.64
16.0342 3944.71
16.0352 3944.79
16.0362 3944.86
16.0372 3944.94
16.0382 3945.01
16.0392 3945.09
16.0402 3945.16
16.0412 3945.24
16.0422 3945.31
16.0432 3945.39
16.0442 3945.46
16.0452 3945.54
16.0462 3945.62
16.0472 3945.69
16.0482 3945.77
16.0492 3945.84
16.0502 3945.92
16.0512 3945.99
16.0522 3946.07
16.0532 3946.14
16.0542 3946.22
16.0552 3946.29
16.0562 3946.37
16.0572 3946.44
16.0582 3946.52
16.0592 3946.59
16.0602 3946.67
16.0612 3946.75
16.0622 3946.82
16.0632 3946.9
16.0642 3946.97
16.0652 3947.05
16.0662 3947.12
16.0672 3947.2
16.0682 3947.27
16.0692 3947.35
16.0702 3947.42
16.0712 3947.5
16.0722 3947.57
16.0732 3947.65
16.0742 3947.72
16.0752 3947.8
16.0762 3947.88
16.0772 3947.95
16.0782 3948.03
16.0792 3948.1
16.0802 3948.18
16.0812 3948.25
16.0822 3948.33
16.0832 3948.4
16.0842 3948.48
16.0852 3948.55
16.0862 3948.63
16.0872 3948.7
16.0882 3948.78
16.0892 3948.85
16.0902 3948.93
16.0912 3949.01
16.0922 3949.08
16.0932 3949.16
16.0942 3949.23
16.0952 3949.31
16.0962 3949.38
16.0972 3949.46
16.0982 3949.53
16.0992 3949.61
16.1002 3949.68
16.1012 3949.76
16.1022 3949.83
16.1032 3949.91
16.1042 3949.98
16.1052 3950.06
16.1062 3950.14
16.1072 3950.21
16.1082 3950.29
16.1092 3950.36
16.1102 3950.44
16.1112 3950.51
16.1122 3950.59
16.1132 3950.66
16.1142 3950.74
16.1152 3950.81
16.1162 3950.89
16.1172 3950.96
16.1182 3951.04
16.1192 3951.11
16.1202 3951.19
16.1212 3951.26
16.1222 3951.34
16.1232 3951.42
16.1242 3951.49
16.1252 3951.57
16.1262 3951.64
16.1272 3951.72
16.1282 3951.79
16.1292 3951.87
16.1302 3951.94
16.1312 3952.02
16.1322 3952.09
16.1332 3952.17
16.1342 3952.24
16.1352 3952.32
16.1362 3952.39
16.1372 3952.47
16.1382 3952.54
16.1392 3952.62
16.1402 3952.7
16.1412 3952.77
16.1422 3952.85
16.1432 3952.92
16.1442 3953
16.1452 3953.07
16.1462 3953.15
16.1472 3953.22
16.1482 3953.3
16.1492 3953.37
16.1502 3953.45
16.1512 3953.52
16.1522 3953.6
16.1532 3953.67
16.1542 3953.75
16.1552 3953.82
16.1562 3953.9
16.1572 3953.98
16.1582 3954.05
16.1592 3954.13
16.1602 3954.2
16.1612 3954.28
16.1622 3954.35
16.1632 3954.43
16.1642 3954.5
16.1652 3954.58
16.1662 3954.65
16.1672 3954.73
16.1682 3954.8
16.1692 3954.88
16.1702 3954.95
16.1712 3955.03
16.1722 3955.1
16.1732 3955.18
16.1742 3955.25
16.1752 3955.33
16.1762 3955.41
16.1772 3955.48
16.1782 3955.56
16.1792 3955.63
16.1802 3955.71
16.1812 3955.78
16.1822 3955.86
16.1832 3955.93
16.1842 3956.01
16.1852 3956.08
16.1862 3956.16
16.1872 3956.23
16.1882 3956.31
16.1892 3956.38
16.1902 3956.46
16.1912 3956.53
16.1922 3956.61
16.1932 3956.68
16.1942 3956.76
16.1952 3956.84
16.1962 3956.91
16.1972 3956.99
16.1982 3957.06
16.1992 3957.14
16.2002 3957.21
16.2012 3957.29
16.2022 3957.36
16.2032 3957.44
16.2042 3957.51
16.2052 3957.59
16.2062 3957.66
16.2072 3957.74
16.2082 3957.81
16.2092 3957.89
16.2102 3957.96
16.2112 3958.04
16.2122 3958.11
16.2132 3958.19
16.2142 3958.26
16.2152 3958.34
16.2162 3958.42
16.2172 3958.49
16.2182 3958.57
16.2192 3958.64
16.2202 3958.72
16.2212 3958.79
16.2222 3958.87
16.2232 3958.94
16.2242 3959.02
16.2252 3959.09
16.2262 3959.17
16.2272 3959.24
16.2282 3959.32
16.2292 3959.39
16.2302 3959.47
16.2312 3959.54
16.2322 3959.62
16.2332 3959.69
16.2342 3959.77
16.2352 3959.84
16.2362 3959.92
16.2372 3960
16.2382 3960.07
16.2392 3960.15
16.2402 3960.22
16.2412 3960.3
16.2422 3960.37
16.2432 3960.45
16.2442 3960.52
16.2452 3960.6
16.2462 3960.67
16.2472 3960.75
16.2482 3960.82
16.2492 3960.9
16.2502 3960.97
16.2512 3961.05
16.2522 3961.12
16.2532 3961.2
16.2542 3961.27
16.2552 3961.35
16.2562 3961.42
16.2572 3961.5
16.2582 3961.57
16.2592 3961.65
16.2602 3961.73
16.2612 3961.8
16.2622 3961.88
16.2632 3961.95
16.2642 3962.03
16.2652 3962.1
16.2662 3962.18
16.2672 3962.25
16.2682 3962.33
16.2692 3962.4
16.2702 3962.48
16.2712 3962.55
16.2722 3962.63
16.2732 3962.7
16.2742 3962.78
16.2752 3962.85
16.2762 3962.93
16.2772 3963
16.2782 3963.08
16.2792 3963.15
16.2802 3963.23
16.2812 3963.3
16.2822 3963.38
16.2832 3963.45
16.2842 3963.53
16.2852 3963.61
16.2862 3963.68
16.2872 3963.76
16.2882 3963.83
16.2892 3963.91
16.2902 3963.98
16.2912 3964.06
16.2922 3964.13
16.2932 3964.21
16.2942 3964.28
16.2952 3964.36
16.2962 3964.43
16.2972 3964.51
16.2982 3964.58
16.2992 3964.66
16.3002 3964.73
16.3012 3964.81
16.3022 3964.88
16.3032 3964.96
16.3042 3965.03
16.3052 3965.11
16.3062 3965.18
16.3072 3965.26
16.3082 3965.33
16.3092 3965.41
16.3102 3965.48
16.3112 3965.56
16.3122 3965.64
16.3132 3965.71
16.3142 3965.79
16.3152 3965.86
16.3162 3965.94
16.3172 3966.01
16.3182 3966.09
16.3192 3966.16
16.3202 3966.24
16.3212 3966.31
16.3222 3966.39
16.3232 3966.46
16.3242 3966.54
16.3252 3966.61
16.3262 3966.69
16.3272 3966.76
16.3282 3966.84
16.3292 3966.91
16.3302 3966.99
16.3312 3967.06
16.3322 3967.14
16.3332 3967.21
16.3342 3967.29
16.3352 3967.36
16.3362 3967.44
16.3372 3967.51
16.3382 3967.59
16.3392 3967.66
16.3402 3967.74
16.3412 3967.81
16.3422 3967.89
16.3432 3967.97
16.3442 3968.04
16.3452 3968.12
16.3462 3968.19
16.3472 3968.27
16.3482 3968.34
16.3492 3968.42
16.3502 3968.49
16.3512 3968.57
16.3522 3968.64
16.3532 3968.72
16.3542 3968.79
16.3552 3968.87
16.3562 3968.94
16.3572 3969.02
16.3582 3969.09
16.3592 3969.17
16.3602 3969.24
16.3612 3969.32
16.3622 3969.39
16.3632 3969.47
16.3642 3969.54
16.3652 3969.62
16.3662 3969.69
16.3672 3969.77
16.3682 3969.84
16.3692 3969.92
16.3702 3969.99
16.3712 3970.07
16.3722 3970.14
16.3732 3970.22
16.3742 3970.29
16.3752 3970.37
16.3762 3970.44
16.3772 3970.52
16.3782 3970.6
16.3792 3970.67
16.3802 3970.75
16.3812 3970.82
16.3822 3970.9
16.3832 3970.97
16.3842 3971.05
16.3852 3971.12
16.3862 3971.2
16.3872 3971.27
16.3882 3971.35
16.3892 3971.42
16.3902 3971.5
16.3912 3971.57
16.3922 3971.65
16.3932 3971.72
16.3942 3971.8
16.3952 3971.87
16.3962 3971.95
16.3972 3972.02
16.3982 3972.1
16.3992 3972.17
16.4002 3972.25
16.4012 3972.32
16.4022 3972.4
16.4032 3972.47
16.4042 3972.55
16.4052 3972.62
16.4062 3972.7
16.4072 3972.77
16.4082 3972.85
16.4092 3972.92
16.4102 3973
16.4112 3973.07
16.4122 3973.15
16.4132 3973.22
16.4142 3973.3
16.4152 3973.37
16.4162 3973.45
16.4172 3973.52
16.4182 3973.6
16.4192 3973.67
16.4202 3973.75
16.4212 3973.82
16.4222 3973.9
16.4232 3973.98
16.4242 3974.05
16.4252 3974.13
16.4262 3974.2
16.4272 3974.28
16.4282 3974.35
16.4292 3974.43
16.4302 3974.5
16.4312 3974.58
16.4322 3974.65
16.4332 3974.73
16.4342 3974.8
16.4352 3974.88
16.4362 3974.95
16.4372 3975.03
16.4382 3975.1
16.4392 3975.18
16.4402 3975.25
16.4412 3975.33
16.4422 3975.4
16.4432 3975.48
16.4442 3975.55
16.4452 3975.63
16.4462 3975.7
16.4472 3975.78
16.4482 3975.85
16.4492 3975.93
16.4502 3976
16.4512 3976.08
16.4522 3976.15
16.4532 3976.23
16.4542 3976.3
16.4552 3976.38
16.4562 3976.45
16.4572 3976.53
16.4582 3976.6
16.4592 3976.68
16.4602 3976.75
16.4612 3976.83
16.4622 3976.9
16.4632 3976.98
16.4642 3977.05
16.4652 3977.13
16.4662 3977.2
16.4672 3977.28
16.4682 3977.35
16.4692 3977.43
16.4702 3977.5
16.4712 3977.58
16.4722 3977.65
16.4732 3977.73
16.4742 3977.8
16.4752 3977.88
16.4762 3977.95
16.4772 3978.03
16.4782 3978.1
16.4792 3978.18
16.4802 3978.25
16.4812 3978.33
16.4822 3978.4
16.4832 3978.48
16.4842 3978.55
16.4852 3978.63
16.4862 3978.7
16.4872 3978.78
16.4882 3978.85
16.4892 3978.93
16.4902 3979
16.4912 3979.08
16.4922 3979.16
16.4932 3979.23
16.4942 3979.31
16.4952 3979.38
16.4962 3979.46
16.4972 3979.53
16.4982 3979.61
16.4992 3979.68
16.5002 3979.76
16.5012 3979.83
16.5022 3979.91
16.5032 3979.98
16.5042 3980.06
16.5052 3980.13
16.5062 3980.21
16.5072 3980.28
16.5082 3980.36
16.5092 3980.43
16.5102 3980.51
16.5112 3980.58
16.5122 3980.66
16.5132 3980.73
16.5142 3980.81
16.5152 3980.88
16.5162 3980.96
16.5172 3981.03
16.5182 3981.11
16.5192 3981.18
16.5202 3981.26
16.5212 3981.33
16.5222 3981.41
16.5232 3981.48
16.5242 3981.56
16.5252 3981.63
16.5262 3981.71
16.5272 3981.78
16.5282 3981.86
16.5292 3981.93
16.5302 3982.01
16.5312 3982.08
16.5322 3982.16
16.5332 3982.23
16.5342 3982.31
16.5352 3982.38
16.5362 3982.46
16.5372 3982.53
16.5382 3982.61
16.5392 3982.68
16.5402 3982.76
16.5412 3982.83
16.5422 3982.91
16.5432 3982.98
16.5442 3983.06
16.5452 3983.13
16.5462 3983.21
16.5472 3983.28
16.5482 3983.36
16.5492 3983.43
16.5502 3983.51
16.5512 3983.58
16.5522 3983.66
16.5532 3983.73
16.5542 3983.81
16.5552 3983.88
16.5562 3983.96
16.5572 3984.03
16.5582 3984.11
16.5592 3984.18
16.5602 3984.26
16.5612 3984.33
16.5622 3984.41
16.5632 3984.48
16.5642 3984.56
16.5652 3984.63
16.5662 3984.71
16.5672 3984.78
16.5682 3984.86
16.5692 3984.93
16.5702 3985.01
16.5712 3985.08
16.5722 3985.16
16.5732 3985.23
16.5742 3985.31
16.5752 3985.38
16.5762 3985.46
16.5772 3985.53
16.5782 3985.61
16.5792 3985.68
16.5802 3985.76
16.5812 3985.83
16.5822 3985.91
16.5832 3985.98
16.5842 3986.06
16.5852 3986.13
16.5862 3986.21
16.5872 3986.28
16.5882 3986.36
16.5892 3986.43
16.5902 3986.51
16.5912 3986.58
16.5922 3986.66
16.5932 3986.73
16.5942 3986.81
16.5952 3986.88
16.5962 3986.96
16.5972 3987.03
16.5982 3987.11
16.5992 3987.18
16.6002 3987.26
16.6012 3987.33
16.6022 3987.41
16.6032 3987.48
16.6042 3987.56
16.6052 3987.63
16.6062 3987.71
16.6072 3987.78
16.6082 3987.86
16.6092 3987.93
16.6102 3988.01
16.6112 3988.08
16.6122 3988.16
16.6132 3988.23
16.6142 3988.31
16.6152 3988.38
16.6162 3988.46
16.6172 3988.53
16.6182 3988.61
16.6192 3988.68
16.6202 3988.76
16.6212 3988.83
16.6222 3988.9
16.6232 3988.98
16.6242 3989.05
16.6252 3989.13
16.6262 3989.2
16.6272 3989.28
16.6282 3989.35
16.6292 3989.43
16.6302 3989.5
16.6312 3989.58
16.6322 3989.65
16.6332 3989.73
16.6342 3989.8
16.6352 3989.88
16.6362 3989.95
16.6372 3990.03
16.6382 3990.1
16.6392 3990.18
16.6402 3990.25
16.6412 3990.33
16.6422 3990.4
16.6432 3990.48
16.6442 3990.55
16.6452 3990.63
16.6462 3990.7
16.6472 3990.78
16.6482 3990.85
16.6492 3990.93
16.6502 3991
16.6512 3991.08
16.6522 3991.15
16.6532 3991.23
16.6542 3991.3
16.6552 3991.38
16.6562 3991.45
16.6572 3991.53
16.6582 3991.6
16.6592 3991.68
16.6602 3991.75
16.6612 3991.83
16.6622 3991.9
16.6632 3991.98
16.6642 3992.05
16.6652 3992.13
16.6662 3992.2
16.6672 3992.28
16.6682 3992.35
16.6692 3992.43
16.6702 3992.5
16.6712 3992.58
16.6722 3992.65
16.6732 3992.73
16.6742 3992.8
16.6752 3992.88
16.6762 3992.95
16.6772 3993.03
16.6782 3993.1
16.6792 3993.18
16.6802 3993.25
16.6812 3993.33
16.6822 3993.4
16.6832 3993.48
16.6842 3993.55
16.6852 3993.63
16.6862 3993.7
16.6872 3993.78
16.6882 3993.85
16.6892 3993.92
16.6902 3994
16.6912 3994.07
16.6922 3994.15
16.6932 3994.22
16.6942 3994.3
16.6952 3994.37
16.6962 3994.45
16.6972 3994.52
16.6982 3994.6
16.6992 3994.67
16.7002 3994.75
16.7012 3994.82
16.7022 3994.9
16.7032 3994.97
16.7042 3995.05
16.7052 3995.12
16.7062 3995.2
16.7072 3995.27
16.7082 3995.35
16.7092 3995.42
16.7102 3995.5
16.7112 3995.57
16.7122 3995.65
16.7132 3995.72
16.7142 3995.8
16.7152 3995.87
16.7162 3995.95
16.7172 3996.02
16.7182 3996.1
16.7192 3996.17
16.7202 3996.25
16.7212 3996.32
16.7222 3996.4
16.7232 3996.47
16.7242 3996.55
16.7252 3996.62
16.7262 3996.7
16.7272 3996.77
16.7282 3996.85
16.7292 3996.92
16.7302 3997
16.7312 3997.07
16.7322 3997.14
16.7332 3997.22
16.7342 3997.29
16.7352 3997.37
16.7362 3997.44
16.7372 3997.52
16.7382 3997.59
16.7392 3997.67
16.7402 3997.74
16.7412 3997.82
16.7422 3997.89
16.7432 3997.97
16.7442 3998.04
16.7452 3998.12
16.7462 3998.19
16.7472 3998.27
16.7482 3998.34
16.7492 3998.42
16.7502 3998.49
16.7512 3998.57
16.7522 3998.64
16.7532 3998.72
16.7542 3998.79
16.7552 3998.87
16.7562 3998.94
16.7572 3999.02
16.7582 3999.09
16.7592 3999.17
16.7602 3999.24
16.7612 3999.32
16.7622 3999.39
16.7632 3999.47
16.7642 3999.54
16.7652 3999.61
16.7662 3999.69
16.7672 3999.76
16.7682 3999.84
16.7692 3999.91
16.7702 3999.99
16.7712 4000.06
16.7722 4000.14
16.7732 4000.21
16.7742 4000.29
16.7752 4000.36
16.7762 4000.44
16.7772 4000.51
16.7782 4000.59
16.7792 4000.66
16.7802 4000.74
16.7812 4000.81
16.7822 4000.89
16.7832 4000.96
16.7842 4001.04
16.7852 4001.11
16.7862 4001.19
16.7872 4001.26
16.7882 4001.34
16.7892 4001.41
16.7902 4001.49
16.7912 4001.56
16.7922 4001.64
16.7932 4001.71
16.7942 4001.78
16.7952 4001.86
16.7962 4001.93
16.7972 4002.01
16.7982 4002.08
16.7992 4002.16
16.8002 4002.23
16.8012 4002.31
16.8022 4002.38
16.8032 4002.46
16.8042 4002.53
16.8052 4002.61
16.8062 4002.68
16.8072 4002.76
16.8082 4002.83
16.8092 4002.91
16.8102 4002.98
16.8112 4003.06
16.8122 4003.13
16.8132 4003.21
16.8142 4003.28
16.8152 4003.36
16.8162 4003.43
16.8172 4003.51
16.8182 4003.58
16.8192 4003.66
16.8202 4003.73
16.8212 4003.8
16.8222 4003.88
16.8232 4003.95
16.8242 4004.03
16.8252 4004.1
16.8262 4004.18
16.8272 4004.25
16.8282 4004.33
16.8292 4004.4
16.8302 4004.48
16.8312 4004.55
16.8322 4004.63
16.8332 4004.7
16.8342 4004.78
16.8352 4004.85
16.8362 4004.93
16.8372 4005
16.8382 4005.08
16.8392 4005.15
16.8402 4005.23
16.8412 4005.3
16.8422 4005.38
16.8432 4005.45
16.8442 4005.52
16.8452 4005.6
16.8462 4005.67
16.8472 4005.75
16.8482 4005.82
16.8492 4005.9
16.8502 4005.97
16.8512 4006.05
16.8522 4006.12
16.8532 4006.2
16.8542 4006.27
16.8552 4006.35
16.8562 4006.42
16.8572 4006.5
16.8582 4006.57
16.8592 4006.65
16.8602 4006.72
16.8612 4006.8
16.8622 4006.87
16.8632 4006.95
16.8642 4007.02
16.8652 4007.09
16.8662 4007.17
16.8672 4007.24
16.8682 4007.32
16.8692 4007.39
16.8702 4007.47
16.8712 4007.54
16.8722 4007.62
16.8732 4007.69
16.8742 4007.77
16.8752 4007.84
16.8762 4007.92
16.8772 4007.99
16.8782 4008.07
16.8792 4008.14
16.8802 4008.22
16.8812 4008.29
16.8822 4008.37
16.8832 4008.44
16.8842 4008.52
16.8852 4008.59
16.8862 4008.66
16.8872 4008.74
16.8882 4008.81
16.8892 4008.89
16.8902 4008.96
16.8912 4009.04
16.8922 4009.11
16.8932 4009.19
16.8942 4009.26
16.8952 4009.34
16.8962 4009.41
16.8972 4009.49
16.8982 4009.56
16.8992 4009.64
16.9002 4009.71
16.9012 4009.79
16.9022 4009.86
16.9032 4009.94
16.9042 4010.01
16.9052 4010.08
16.9062 4010.16
16.9072 4010.23
16.9082 4010.31
16.9092 4010.38
16.9102 4010.46
16.9112 4010.53
16.9122 4010.61
16.9132 4010.68
16.9142 4010.76
16.9152 4010.83
16.9162 4010.91
16.9172 4010.98
16.9182 4011.06
16.9192 4011.13
16.9202 4011.21
16.9212 4011.28
16.9222 4011.35
16.9232 4011.43
16.9242 4011.5
16.9252 4011.58
16.9262 4011.65
16.9272 4011.73
16.9282 4011.8
16.9292 4011.88
16.9302 4011.95
16.9312 4012.03
16.9322 4012.1
16.9332 4012.18
16.9342 4012.25
16.9352 4012.33
16.9362 4012.4
16.9372 4012.48
16.9382 4012.55
16.9392 4012.62
16.9402 4012.7
16.9412 4012.77
16.9422 4012.85
16.9432 4012.92
16.9442 4013
16.9452 4013.07
16.9462 4013.15
16.9472 4013.22
16.9482 4013.3
16.9492 4013.37
16.9502 4013.45
16.9512 4013.52
16.9522 4013.6
16.9532 4013.67
16.9542 4013.75
16.9552 4013.82
16.9562 4013.89
16.9572 4013.97
16.9582 4014.04
16.9592 4014.12
16.9602 4014.19
16.9612 4014.27
16.9622 4014.34
16.9632 4014.42
16.9642 4014.49
16.9652 4014.57
16.9662 4014.64
16.9672 4014.72
16.9682 4014.79
16.9692 4014.87
16.9702 4014.94
16.9712 4015.01
16.9722 4015.09
16.9732 4015.16
16.9742 4015.24
16.9752 4015.31
16.9762 4015.39
16.9772 4015.46
16.9782 4015.54
16.9792 4015.61
16.9802 4015.69
16.9812 4015.76
16.9822 4015.84
16.9832 4015.91
16.9842 4015.99
16.9852 4016.06
16.9862 4016.13
16.9872 4016.21
16.9882 4016.28
16.9892 4016.36
16.9902 4016.43
16.9912 4016.51
16.9922 4016.58
16.9932 4016.66
16.9942 4016.73
16.9952 4016.81
16.9962 4016.88
16.9972 4016.96
16.9982 4017.03
16.9992 4017.11
17.0002 4017.18
17.0012 4017.25
17.0022 4017.33
17.0032 4017.4
17.0042 4017.48
17.0052 4017.55
17.0062 4017.63
17.0072 4017.7
17.0082 4017.78
17.0092 4017.85
17.0102 4017.93
17.0112 4018
17.0122 4018.08
17.0132 4018.15
17.0142 4018.22
17.0152 4018.3
17.0162 4018.37
17.0172 4018.45
17.0182 4018.52
17.0192 4018.6
17.0202 4018.67
17.0212 4018.75
17.0222 4018.82
17.0232 4018.9
17.0242 4018.97
17.0252 4019.05
17.0262 4019.12
17.0272 4019.19
17.0282 4019.27
17.0292 4019.34
17.0302 4019.42
17.0312 4019.49
17.0322 4019.57
17.0332 4019.64
17.0342 4019.72
17.0352 4019.79
17.0362 4019.87
17.0372 4019.94
17.0382 4020.02
17.0392 4020.09
17.0402 4020.16
17.0412 4020.24
17.0422 4020.31
17.0432 4020.39
17.0442 4020.46
17.0452 4020.54
17.0462 4020.61
17.0472 4020.69
17.0482 4020.76
17.0492 4020.84
17.0502 4020.91
17.0512 4020.99
17.0522 4021.06
17.0532 4021.13
17.0542 4021.21
17.0552 4021.28
17.0562 4021.36
17.0572 4021.43
17.0582 4021.51
17.0592 4021.58
17.0602 4021.66
17.0612 4021.73
17.0622 4021.81
17.0632 4021.88
17.0642 4021.96
17.0652 4022.03
17.0662 4022.1
17.0672 4022.18
17.0682 4022.25
17.0692 4022.33
17.0702 4022.4
17.0712 4022.48
17.0722 4022.55
17.0732 4022.63
17.0742 4022.7
17.0752 4022.78
17.0762 4022.85
17.0772 4022.92
17.0782 4023
17.0792 4023.07
17.0802 4023.15
17.0812 4023.22
17.0822 4023.3
17.0832 4023.37
17.0842 4023.45
17.0852 4023.52
17.0862 4023.6
17.0872 4023.67
17.0882 4023.75
17.0892 4023.82
17.0902 4023.89
17.0912 4023.97
17.0922 4024.04
17.0932 4024.12
17.0942 4024.19
17.0952 4024.27
17.0962 4024.34
17.0972 4024.42
17.0982 4024.49
17.0992 4024.57
17.1002 4024.64
17.1012 4024.71
17.1022 4024.79
17.1032 4024.86
17.1042 4024.94
17.1052 4025.01
17.1062 4025.09
17.1072 4025.16
17.1082 4025.24
17.1092 4025.31
17.1102 4025.39
17.1112 4025.46
17.1122 4025.53
17.1132 4025.61
17.1142 4025.68
17.1152 4025.76
17.1162 4025.83
17.1172 4025.91
17.1182 4025.98
17.1192 4026.06
17.1202 4026.13
17.1212 4026.21
17.1222 4026.28
17.1232 4026.35
17.1242 4026.43
17.1252 4026.5
17.1262 4026.58
17.1272 4026.65
17.1282 4026.73
17.1292 4026.8
17.1302 4026.88
17.1312 4026.95
17.1322 4027.03
17.1332 4027.1
17.1342 4027.17
17.1352 4027.25
17.1362 4027.32
17.1372 4027.4
17.1382 4027.47
17.1392 4027.55
17.1402 4027.62
17.1412 4027.7
17.1422 4027.77
17.1432 4027.85
17.1442 4027.92
17.1452 4027.99
17.1462 4028.07
17.1472 4028.14
17.1482 4028.22
17.1492 4028.29
17.1502 4028.37
17.1512 4028.44
17.1522 4028.52
17.1532 4028.59
17.1542 4028.66
17.1552 4028.74
17.1562 4028.81
17.1572 4028.89
17.1582 4028.96
17.1592 4029.04
17.1602 4029.11
17.1612 4029.19
17.1622 4029.26
17.1632 4029.34
17.1642 4029.41
17.1652 4029.48
17.1662 4029.56
17.1672 4029.63
17.1682 4029.71
17.1692 4029.78
17.1702 4029.86
17.1712 4029.93
17.1722 4030.01
17.1732 4030.08
17.1742 4030.15
17.1752 4030.23
17.1762 4030.3
17.1772 4030.38
17.1782 4030.45
17.1792 4030.53
17.1802 4030.6
17.1812 4030.68
17.1822 4030.75
17.1832 4030.83
17.1842 4030.9
17.1852 4030.97
17.1862 4031.05
17.1872 4031.12
17.1882 4031.2
17.1892 4031.27
17.1902 4031.35
17.1912 4031.42
17.1922 4031.5
17.1932 4031.57
17.1942 4031.64
17.1952 4031.72
17.1962 4031.79
17.1972 4031.87
17.1982 4031.94
17.1992 4032.02
17.2002 4032.09
17.2012 4032.17
17.2022 4032.24
17.2032 4032.31
17.2042 4032.39
17.2052 4032.46
17.2062 4032.54
17.2072 4032.61
17.2082 4032.69
17.2092 4032.76
17.2102 4032.84
17.2112 4032.91
17.2122 4032.99
17.2132 4033.06
17.2142 4033.13
17.2152 4033.21
17.2162 4033.28
17.2172 4033.36
17.2182 4033.43
17.2192 4033.51
17.2202 4033.58
17.2212 4033.66
17.2222 4033.73
17.2232 4033.8
17.2242 4033.88
17.2252 4033.95
17.2262 4034.03
17.2272 4034.1
17.2282 4034.18
17.2292 4034.25
17.2302 4034.33
17.2312 4034.4
17.2322 4034.47
17.2332 4034.55
17.2342 4034.62
17.2352 4034.7
17.2362 4034.77
17.2372 4034.85
17.2382 4034.92
17.2392 4035
17.2402 4035.07
17.2412 4035.14
17.2422 4035.22
17.2432 4035.29
17.2442 4035.37
17.2452 4035.44
17.2462 4035.52
17.2472 4035.59
17.2482 4035.67
17.2492 4035.74
17.2502 4035.81
17.2512 4035.89
17.2522 4035.96
17.2532 4036.04
17.2542 4036.11
17.2552 4036.19
17.2562 4036.26
17.2572 4036.33
17.2582 4036.41
17.2592 4036.48
17.2602 4036.56
17.2612 4036.63
17.2622 4036.71
17.2632 4036.78
17.2642 4036.86
17.2652 4036.93
17.2662 4037
17.2672 4037.08
17.2682 4037.15
17.2692 4037.23
17.2702 4037.3
17.2712 4037.38
17.2722 4037.45
17.2732 4037.53
17.2742 4037.6
17.2752 4037.67
17.2762 4037.75
17.2772 4037.82
17.2782 4037.9
17.2792 4037.97
17.2802 4038.05
17.2812 4038.12
17.2822 4038.19
17.2832 4038.27
17.2842 4038.34
17.2852 4038.42
17.2862 4038.49
17.2872 4038.57
17.2882 4038.64
17.2892 4038.72
17.2902 4038.79
17.2912 4038.86
17.2922 4038.94
17.2932 4039.01
17.2942 4039.09
17.2952 4039.16
17.2962 4039.24
17.2972 4039.31
17.2982 4039.39
17.2992 4039.46
17.3002 4039.53
17.3012 4039.61
17.3022 4039.68
17.3032 4039.76
17.3042 4039.83
17.3052 4039.91
17.3062 4039.98
17.3072 4040.05
17.3082 4040.13
17.3092 4040.2
17.3102 4040.28
17.3112 4040.35
17.3122 4040.43
17.3132 4040.5
17.3142 4040.58
17.3152 4040.65
17.3162 4040.72
17.3172 4040.8
17.3182 4040.87
17.3192 4040.95
17.3202 4041.02
17.3212 4041.1
17.3222 4041.17
17.3232 4041.24
17.3242 4041.32
17.3252 4041.39
17.3262 4041.47
17.3272 4041.54
17.3282 4041.62
17.3292 4041.69
17.3302 4041.76
17.3312 4041.84
17.3322 4041.91
17.3332 4041.99
17.3342 4042.06
17.3352 4042.14
17.3362 4042.21
17.3372 4042.29
17.3382 4042.36
17.3392 4042.43
17.3402 4042.51
17.3412 4042.58
17.3422 4042.66
17.3432 4042.73
17.3442 4042.81
17.3452 4042.88
17.3462 4042.95
17.3472 4043.03
17.3482 4043.1
17.3492 4043.18
17.3502 4043.25
17.3512 4043.33
17.3522 4043.4
17.3532 4043.47
17.3542 4043.55
17.3552 4043.62
17.3562 4043.7
17.3572 4043.77
17.3582 4043.85
17.3592 4043.92
17.3602 4043.99
17.3612 4044.07
17.3622 4044.14
17.3632 4044.22
17.3642 4044.29
17.3652 4044.37
17.3662 4044.44
17.3672 4044.52
17.3682 4044.59
17.3692 4044.66
17.3702 4044.74
17.3712 4044.81
17.3722 4044.89
17.3732 4044.96
17.3742 4045.04
17.3752 4045.11
17.3762 4045.18
17.3772 4045.26
17.3782 4045.33
17.3792 4045.41
17.3802 4045.48
17.3812 4045.56
17.3822 4045.63
17.3832 4045.7
17.3842 4045.78
17.3852 4045.85
17.3862 4045.93
17.3872 4046
17.3882 4046.08
17.3892 4046.15
17.3902 4046.22
17.3912 4046.3
17.3922 4046.37
17.3932 4046.45
17.3942 4046.52
17.3952 4046.6
17.3962 4046.67
17.3972 4046.74
17.3982 4046.82
17.3992 4046.89
17.4002 4046.97
17.4012 4047.04
17.4022 4047.12
17.4032 4047.19
17.4042 4047.26
17.4052 4047.34
17.4062 4047.41
17.4072 4047.49
17.4082 4047.56
17.4092 4047.64
17.4102 4047.71
17.4112 4047.78
17.4122 4047.86
17.4132 4047.93
17.4142 4048.01
17.4152 4048.08
17.4162 4048.16
17.4172 4048.23
17.4182 4048.3
17.4192 4048.38
17.4202 4048.45
17.4212 4048.53
17.4222 4048.6
17.4232 4048.68
17.4242 4048.75
17.4252 4048.82
17.4262 4048.9
17.4272 4048.97
17.4282 4049.05
17.4292 4049.12
17.4302 4049.2
17.4312 4049.27
17.4322 4049.34
17.4332 4049.42
17.4342 4049.49
17.4352 4049.57
17.4362 4049.64
17.4372 4049.71
17.4382 4049.79
17.4392 4049.86
17.4402 4049.94
17.4412 4050.01
17.4422 4050.09
17.4432 4050.16
17.4442 4050.23
17.4452 4050.31
17.4462 4050.38
17.4472 4050.46
17.4482 4050.53
17.4492 4050.61
17.4502 4050.68
17.4512 4050.75
17.4522 4050.83
17.4532 4050.9
17.4542 4050.98
17.4552 4051.05
17.4562 4051.13
17.4572 4051.2
17.4582 4051.27
17.4592 4051.35
17.4602 4051.42
17.4612 4051.5
17.4622 4051.57
17.4632 4051.65
17.4642 4051.72
17.4652 4051.79
17.4662 4051.87
17.4672 4051.94
17.4682 4052.02
17.4692 4052.09
17.4702 4052.16
17.4712 4052.24
17.4722 4052.31
17.4732 4052.39
17.4742 4052.46
17.4752 4052.54
17.4762 4052.61
17.4772 4052.68
17.4782 4052.76
17.4792 4052.83
17.4802 4052.91
17.4812 4052.98
17.4822 4053.06
17.4832 4053.13
17.4842 4053.2
17.4852 4053.28
17.4862 4053.35
17.4872 4053.43
17.4882 4053.5
17.4892 4053.57
17.4902 4053.65
17.4912 4053.72
17.4922 4053.8
17.4932 4053.87
17.4942 4053.95
17.4952 4054.02
17.4962 4054.09
17.4972 4054.17
17.4982 4054.24
17.4992 4054.32
17.5002 4054.39
17.5012 4054.46
17.5022 4054.54
17.5032 4054.61
17.5042 4054.69
17.5052 4054.76
17.5062 4054.84
17.5072 4054.91
17.5082 4054.98
17.5092 4055.06
17.5102 4055.13
17.5112 4055.21
17.5122 4055.28
17.5132 4055.36
17.5142 4055.43
17.5152 4055.5
17.5162 4055.58
17.5172 4055.65
17.5182 4055.73
17.5192 4055.8
17.5202 4055.87
17.5212 4055.95
17.5222 4056.02
17.5232 4056.1
17.5242 4056.17
17.5252 4056.25
17.5262 4056.32
17.5272 4056.39
17.5282 4056.47
17.5292 4056.54
17.5302 4056.62
17.5312 4056.69
17.5322 4056.76
17.5332 4056.84
17.5342 4056.91
17.5352 4056.99
17.5362 4057.06
17.5372 4057.14
17.5382 4057.21
17.5392 4057.28
17.5402 4057.36
17.5412 4057.43
17.5422 4057.51
17.5432 4057.58
17.5442 4057.65
17.5452 4057.73
17.5462 4057.8
17.5472 4057.88
17.5482 4057.95
17.5492 4058.02
17.5502 4058.1
17.5512 4058.17
17.5522 4058.25
17.5532 4058.32
17.5542 4058.4
17.5552 4058.47
17.5562 4058.54
17.5572 4058.62
17.5582 4058.69
17.5592 4058.77
17.5602 4058.84
17.5612 4058.91
17.5622 4058.99
17.5632 4059.06
17.5642 4059.14
17.5652 4059.21
17.5662 4059.28
17.5672 4059.36
17.5682 4059.43
17.5692 4059.51
17.5702 4059.58
17.5712 4059.66
17.5722 4059.73
17.5732 4059.8
17.5742 4059.88
17.5752 4059.95
17.5762 4060.03
17.5772 4060.1
17.5782 4060.17
17.5792 4060.25
17.5802 4060.32
17.5812 4060.4
17.5822 4060.47
17.5832 4060.54
17.5842 4060.62
17.5852 4060.69
17.5862 4060.77
17.5872 4060.84
17.5882 4060.92
17.5892 4060.99
17.5902 4061.06
17.5912 4061.14
17.5922 4061.21
17.5932 4061.29
17.5942 4061.36
17.5952 4061.43
17.5962 4061.51
17.5972 4061.58
17.5982 4061.66
17.5992 4061.73
17.6002 4061.8
17.6012 4061.88
17.6022 4061.95
17.6032 4062.03
17.6042 4062.1
17.6052 4062.18
17.6062 4062.25
17.6072 4062.32
17.6082 4062.4
17.6092 4062.47
17.6102 4062.55
17.6112 4062.62
17.6122 4062.69
17.6132 4062.77
17.6142 4062.84
17.6152 4062.92
17.6162 4062.99
17.6172 4063.06
17.6182 4063.14
17.6192 4063.21
17.6202 4063.29
17.6212 4063.36
17.6222 4063.43
17.6232 4063.51
17.6242 4063.58
17.6252 4063.66
17.6262 4063.73
17.6272 4063.8
17.6282 4063.88
17.6292 4063.95
17.6302 4064.03
17.6312 4064.1
17.6322 4064.17
17.6332 4064.25
17.6342 4064.32
17.6352 4064.4
17.6362 4064.47
17.6372 4064.55
17.6382 4064.62
17.6392 4064.69
17.6402 4064.77
17.6412 4064.84
17.6422 4064.92
17.6432 4064.99
17.6442 4065.06
17.6452 4065.14
17.6462 4065.21
17.6472 4065.29
17.6482 4065.36
17.6492 4065.43
17.6502 4065.51
17.6512 4065.58
17.6522 4065.66
17.6532 4065.73
17.6542 4065.8
17.6552 4065.88
17.6562 4065.95
17.6572 4066.03
17.6582 4066.1
17.6592 4066.17
17.6602 4066.25
17.6612 4066.32
17.6622 4066.4
17.6632 4066.47
17.6642 4066.54
17.6652 4066.62
17.6662 4066.69
17.6672 4066.77
17.6682 4066.84
17.6692 4066.91
17.6702 4066.99
17.6712 4067.06
17.6722 4067.14
17.6732 4067.21
17.6742 4067.28
17.6752 4067.36
17.6762 4067.43
17.6772 4067.51
17.6782 4067.58
17.6792 4067.65
17.6802 4067.73
17.6812 4067.8
17.6822 4067.88
17.6832 4067.95
17.6842 4068.02
17.6852 4068.1
17.6862 4068.17
17.6872 4068.25
17.6882 4068.32
17.6892 4068.39
17.6902 4068.47
17.6912 4068.54
17.6922 4068.62
17.6932 4068.69
17.6942 4068.76
17.6952 4068.84
17.6962 4068.91
17.6972 4068.99
17.6982 4069.06
17.6992 4069.13
17.7002 4069.21
17.7012 4069.28
17.7022 4069.36
17.7032 4069.43
17.7042 4069.5
17.7052 4069.58
17.7062 4069.65
17.7072 4069.73
17.7082 4069.8
17.7092 4069.87
17.7102 4069.95
17.7112 4070.02
17.7122 4070.1
17.7132 4070.17
17.7142 4070.24
17.7152 4070.32
17.7162 4070.39
17.7172 4070.47
17.7182 4070.54
17.7192 4070.61
17.7202 4070.69
17.7212 4070.76
17.7222 4070.84
17.7232 4070.91
17.7242 4070.98
17.7252 4071.06
17.7262 4071.13
17.7272 4071.21
17.7282 4071.28
17.7292 4071.35
17.7302 4071.43
17.7312 4071.5
17.7322 4071.58
17.7332 4071.65
17.7342 4071.72
17.7352 4071.8
17.7362 4071.87
17.7372 4071.95
17.7382 4072.02
17.7392 4072.09
17.7402 4072.17
17.7412 4072.24
17.7422 4072.31
17.7432 4072.39
17.7442 4072.46
17.7452 4072.54
17.7462 4072.61
17.7472 4072.68
17.7482 4072.76
17.7492 4072.83
17.7502 4072.91
17.7512 4072.98
17.7522 4073.05
17.7532 4073.13
17.7542 4073.2
17.7552 4073.28
17.7562 4073.35
17.7572 4073.42
17.7582 4073.5
17.7592 4073.57
17.7602 4073.65
17.7612 4073.72
17.7622 4073.79
17.7632 4073.87
17.7642 4073.94
17.7652 4074.02
17.7662 4074.09
17.7672 4074.16
17.7682 4074.24
17.7692 4074.31
17.7702 4074.38
17.7712 4074.46
17.7722 4074.53
17.7732 4074.61
17.7742 4074.68
17.7752 4074.75
17.7762 4074.83
17.7772 4074.9
17.7782 4074.98
17.7792 4075.05
17.7802 4075.12
17.7812 4075.2
17.7822 4075.27
17.7832 4075.35
17.7842 4075.42
17.7852 4075.49
17.7862 4075.57
17.7872 4075.64
17.7882 4075.72
17.7892 4075.79
17.7902 4075.86
17.7912 4075.94
17.7922 4076.01
17.7932 4076.08
17.7942 4076.16
17.7952 4076.23
17.7962 4076.31
17.7972 4076.38
17.7982 4076.45
17.7992 4076.53
17.8002 4076.6
17.8012 4076.68
17.8022 4076.75
17.8032 4076.82
17.8042 4076.9
17.8052 4076.97
17.8062 4077.05
17.8072 4077.12
17.8082 4077.19
17.8092 4077.27
17.8102 4077.34
17.8112 4077.41
17.8122 4077.49
17.8132 4077.56
17.8142 4077.64
17.8152 4077.71
17.8162 4077.78
17.8172 4077.86
17.8182 4077.93
17.8192 4078.01
17.8202 4078.08
17.8212 4078.15
17.8222 4078.23
17.8232 4078.3
17.8242 4078.37
17.8252 4078.45
17.8262 4078.52
17.8272 4078.6
17.8282 4078.67
17.8292 4078.74
17.8302 4078.82
17.8312 4078.89
17.8322 4078.97
17.8332 4079.04
17.8342 4079.11
17.8352 4079.19
17.8362 4079.26
17.8372 4079.33
17.8382 4079.41
17.8392 4079.48
17.8402 4079.56
17.8412 4079.63
17.8422 4079.7
17.8432 4079.78
17.8442 4079.85
17.8452 4079.93
17.8462 4080
17.8472 4080.07
17.8482 4080.15
17.8492 4080.22
17.8502 4080.29
17.8512 4080.37
17.8522 4080.44
17.8532 4080.52
17.8542 4080.59
17.8552 4080.66
17.8562 4080.74
17.8572 4080.81
17.8582 4080.89
17.8592 4080.96
17.8602 4081.03
17.8612 4081.11
17.8622 4081.18
17.8632 4081.25
17.8642 4081.33
17.8652 4081.4
17.8662 4081.48
17.8672 4081.55
17.8682 4081.62
17.8692 4081.7
17.8702 4081.77
17.8712 4081.84
17.8722 4081.92
17.8732 4081.99
17.8742 4082.07
17.8752 4082.14
17.8762 4082.21
17.8772 4082.29
17.8782 4082.36
17.8792 4082.44
17.8802 4082.51
17.8812 4082.58
17.8822 4082.66
17.8832 4082.73
17.8842 4082.8
17.8852 4082.88
17.8862 4082.95
17.8872 4083.03
17.8882 4083.1
17.8892 4083.17
17.8902 4083.25
17.8912 4083.32
17.8922 4083.39
17.8932 4083.47
17.8942 4083.54
17.8952 4083.62
17.8962 4083.69
17.8972 4083.76
17.8982 4083.84
17.8992 4083.91
17.9002 4083.98
17.9012 4084.06
17.9022 4084.13
17.9032 4084.21
17.9042 4084.28
17.9052 4084.35
17.9062 4084.43
17.9072 4084.5
17.9082 4084.57
17.9092 4084.65
17.9102 4084.72
17.9112 4084.8
17.9122 4084.87
17.9132 4084.94
17.9142 4085.02
17.9152 4085.09
17.9162 4085.17
17.9172 4085.24
17.9182 4085.31
17.9192 4085.39
17.9202 4085.46
17.9212 4085.53
17.9222 4085.61
17.9232 4085.68
17.9242 4085.76
17.9252 4085.83
17.9262 4085.9
17.9272 4085.98
17.9282 4086.05
17.9292 4086.12
17.9302 4086.2
17.9312 4086.27
17.9322 4086.35
17.9332 4086.42
17.9342 4086.49
17.9352 4086.57
17.9362 4086.64
17.9372 4086.71
17.9382 4086.79
17.9392 4086.86
17.9402 4086.93
17.9412 4087.01
17.9422 4087.08
17.9432 4087.16
17.9442 4087.23
17.9452 4087.3
17.9462 4087.38
17.9472 4087.45
17.9482 4087.52
17.9492 4087.6
17.9502 4087.67
17.9512 4087.75
17.9522 4087.82
17.9532 4087.89
17.9542 4087.97
17.9552 4088.04
17.9562 4088.11
17.9572 4088.19
17.9582 4088.26
17.9592 4088.34
17.9602 4088.41
17.9612 4088.48
17.9622 4088.56
17.9632 4088.63
17.9642 4088.7
17.9652 4088.78
17.9662 4088.85
17.9672 4088.93
17.9682 4089
17.9692 4089.07
17.9702 4089.15
17.9712 4089.22
17.9722 4089.29
17.9732 4089.37
17.9742 4089.44
17.9752 4089.51
17.9762 4089.59
17.9772 4089.66
17.9782 4089.74
17.9792 4089.81
17.9802 4089.88
17.9812 4089.96
17.9822 4090.03
17.9832 4090.1
17.9842 4090.18
17.9852 4090.25
17.9862 4090.33
17.9872 4090.4
17.9882 4090.47
17.9892 4090.55
17.9902 4090.62
17.9912 4090.69
17.9922 4090.77
17.9932 4090.84
17.9942 4090.91
17.9952 4090.99
17.9962 4091.06
17.9972 4091.14
17.9982 4091.21
17.9992 4091.28
18.0002 4091.36
18.0012 4091.37
18.0022 4091.38
18.0032 4091.39
18.0042 4091.4
18.0052 4091.41
18.0062 4091.42
18.0072 4091.44
18.0082 4091.45
18.0092 4091.46
18.0102 4091.47
18.0112 4091.48
18.0122 4091.49
18.0132 4091.5
18.0142 4091.51
18.0152 4091.53
18.0162 4091.54
18.0172 4091.55
18.0182 4091.56
18.0192 4091.57
18.0202 4091.58
18.0212 4091.59
18.0222 4091.6
18.0232 4091.62
18.0242 4091.63
18.0252 4091.64
18.0262 4091.65
18.0272 4091.66
18.0282 4091.67
18.0292 4091.68
18.0302 4091.69
18.0312 4091.71
18.0322 4091.72
18.0332 4091.73
18.0342 4091.74
18.0352 4091.75
18.0362 4091.76
18.0372 4091.77
18.0382 4091.78
18.0392 4091.79
18.0402 4091.81
18.0412 4091.82
18.0422 4091.83
18.0432 4091.84
18.0442 4091.85
18.0452 4091.86
18.0462 4091.87
18.0472 4091.88
18.0482 4091.89
18.0492 4091.91
18.0502 4091.92
18.0512 4091.93
18.0522 4091.94
18.0532 4091.95
18.0542 4091.96
18.0552 4091.97
18.0562 4091.98
18.0572 4091.99
18.0582 4092.01
18.0592 4092.02
18.0602 4092.03
18.0612 4092.04
18.0622 4092.05
18.0632 4092.06
18.0642 4092.07
18.0652 4092.08
18.0662 4092.09
18.0672 4092.11
18.0682 4092.12
18.0692 4092.13
18.0702 4092.14
18.0712 4092.15
18.0722 4092.16
18.0732 4092.17
18.0742 4092.18
18.0752 4092.19
18.0762 4092.2
18.0772 4092.22
18.0782 4092.23
18.0792 4092.24
18.0802 4092.25
18.0812 4092.26
18.0822 4092.27
18.0832 4092.28
18.0842 4092.29
18.0852 4092.3
18.0862 4092.31
18.0872 4092.33
18.0882 4092.34
18.0892 4092.35
18.0902 4092.36
18.0912 4092.37
18.0922 4092.38
18.0932 4092.39
18.0942 4092.4
18.0952 4092.41
18.0962 4092.42
18.0972 4092.44
18.0982 4092.45
18.0992 4092.46
18.1002 4092.47
18.1012 4092.48
18.1022 4092.49
18.1032 4092.5
18.1042 4092.51
18.1052 4092.52
18.1062 4092.53
18.1072 4092.54
18.1082 4092.56
18.1092 4092.57
18.1102 4092.58
18.1112 4092.59
18.1122 4092.6
18.1132 4092.61
18.1142 4092.62
18.1152 4092.63
18.1162 4092.64
18.1172 4092.65
18.1182 4092.66
18.1192 4092.67
18.1202 4092.69
18.1212 4092.7
18.1222 4092.71
18.1232 4092.72
18.1242 4092.73
18.1252 4092.74
18.1262 4092.75
18.1272 4092.76
18.1282 4092.77
18.1292 4092.78
18.1302 4092.79
18.1312 4092.8
18.1322 4092.82
18.1332 4092.83
18.1342 4092.84
18.1352 4092.85
18.1362 4092.86
18.1372 4092.87
18.1382 4092.88
18.1392 4092.89
18.1402 4092.9
18.1412 4092.91
18.1422 4092.92
18.1432 4092.93
18.1442 4092.94
18.1452 4092.96
18.1462 4092.97
18.1472 4092.98
18.1482 4092.99
18.1492 4093
18.1502 4093.01
18.1512 4093.02
18.1522 4093.03
18.1532 4093.04
18.1542 4093.05
18.1552 4093.06
18.1562 4093.07
18.1572 4093.08
18.1582 4093.1
18.1592 4093.11
18.1602 4093.12
18.1612 4093.13
18.1622 4093.14
18.1632 4093.15
18.1642 4093.16
18.1652 4093.17
18.1662 4093.18
18.1672 4093.19
18.1682 4093.2
18.1692 4093.21
18.1702 4093.22
18.1712 4093.23
18.1722 4093.24
18.1732 4093.26
18.1742 4093.27
18.1752 4093.28
18.1762 4093.29
18.1772 4093.3
18.1782 4093.31
18.1792 4093.32
18.1802 4093.33
18.1812 4093.34
18.1822 4093.35
18.1832 4093.36
18.1842 4093.37
18.1852 4093.38
18.1862 4093.39
18.1872 4093.4
18.1882 4093.41
18.1892 4093.43
18.1902 4093.44
18.1912 4093.45
18.1922 4093.46
18.1932 4093.47
18.1942 4093.48
18.1952 4093.49
18.1962 4093.5
18.1972 4093.51
18.1982 4093.52
18.1992 4093.53
18.2002 4093.54
18.2012 4093.55
18.2022 4093.56
18.2032 4093.57
18.2042 4093.58
18.2052 4093.59
18.2062 4093.61
18.2072 4093.62
18.2082 4093.63
18.2092 4093.64
18.2102 4093.65
18.2112 4093.66
18.2122 4093.67
18.2132 4093.68
18.2142 4093.69
18.2152 4093.7
18.2162 4093.71
18.2172 4093.72
18.2182 4093.73
18.2192 4093.74
18.2202 4093.75
18.2212 4093.76
18.2222 4093.77
18.2232 4093.78
18.2242 4093.79
18.2252 4093.8
18.2262 4093.81
18.2272 4093.83
18.2282 4093.84
18.2292 4093.85
18.2302 4093.86
18.2312 4093.87
18.2322 4093.88
18.2332 4093.89
18.2342 4093.9
18.2352 4093.91
18.2362 4093.92
18.2372 4093.93
18.2382 4093.94
18.2392 4093.95
18.2402 4093.96
18.2412 4093.97
18.2422 4093.98
18.2432 4093.99
18.2442 4094
18.2452 4094.01
18.2462 4094.02
18.2472 4094.03
18.2482 4094.04
18.2492 4094.05
18.2502 4094.06
18.2512 4094.08
18.2522 4094.09
18.2532 4094.1
18.2542 4094.11
18.2552 4094.12
18.2562 4094.13
18.2572 4094.14
18.2582 4094.15
18.2592 4094.16
18.2602 4094.17
18.2612 4094.18
18.2622 4094.19
18.2632 4094.2
18.2642 4094.21
18.2652 4094.22
18.2662 4094.23
18.2672 4094.24
18.2682 4094.25
18.2692 4094.26
18.2702 4094.27
18.2712 4094.28
18.2722 4094.29
18.2732 4094.3
18.2742 4094.31
18.2752 4094.32
18.2762 4094.33
18.2772 4094.34
18.2782 4094.35
18.2792 4094.36
18.2802 4094.37
18.2812 4094.38
18.2822 4094.39
18.2832 4094.41
18.2842 4094.42
18.2852 4094.43
18.2862 4094.44
18.2872 4094.45
18.2882 4094.46
18.2892 4094.47
18.2902 4094.48
18.2912 4094.49
18.2922 4094.5
18.2932 4094.51
18.2942 4094.52
18.2952 4094.53
18.2962 4094.54
18.2972 4094.55
18.2982 4094.56
18.2992 4094.57
18.3002 4094.58
18.3012 4094.59
18.3022 4094.6
18.3032 4094.61
18.3042 4094.62
18.3052 4094.63
18.3062 4094.64
18.3072 4094.65
18.3082 4094.66
18.3092 4094.67
18.3102 4094.68
18.3112 4094.69
18.3122 4094.7
18.3132 4094.71
18.3142 4094.72
18.3152 4094.73
18.3162 4094.74
18.3172 4094.75
18.3182 4094.76
18.3192 4094.77
18.3202 4094.78
18.3212 4094.79
18.3222 4094.8
18.3232 4094.81
18.3242 4094.82
18.3252 4094.83
18.3262 4094.84
18.3272 4094.85
18.3282 4094.86
18.3292 4094.87
18.3302 4094.88
18.3312 4094.89
18.3322 4094.9
18.3332 4094.91
18.3342 4094.92
18.3352 4094.93
18.3362 4094.94
18.3372 4094.95
18.3382 4094.96
18.3392 4094.97
18.3402 4094.98
18.3412 4094.99
18.3422 4095
18.3432 4095.01
18.3442 4095.02
18.3452 4095.03
18.3462 4095.04
18.3472 4095.05
18.3482 4095.06
18.3492 4095.07
18.3502 4095.08
18.3512 4095.09
18.3522 4095.1
18.3532 4095.11
18.3542 4095.12
18.3552 4095.13
18.3562 4095.14
18.3572 4095.15
18.3582 4095.16
18.3592 4095.17
18.3602 4095.18
18.3612 4095.19
18.3622 4095.2
18.3632 4095.21
18.3642 4095.22
18.3652 4095.23
18.3662 4095.24
18.3672 4095.25
18.3682 4095.26
18.3692 4095.27
18.3702 4095.28
18.3712 4095.29
18.3722 4095.3
18.3732 4095.31
18.3742 4095.32
18.3752 4095.33
18.3762 4095.34
18.3772 4095.35
18.3782 4095.36
18.3792 4095.37
18.3802 4095.38
18.3812 4095.39
18.3822 4095.4
18.3832 4095.41
18.3842 4095.42
18.3852 4095.43
18.3862 4095.44
18.3872 4095.45
18.3882 4095.46
18.3892 4095.47
18.3902 4095.48
18.3912 4095.49
18.3922 4095.5
18.3932 4095.51
18.3942 4095.52
18.3952 4095.53
18.3962 4095.54
18.3972 4095.55
18.3982 4095.56
18.3992 4095.57
18.4002 4095.58
18.4012 4095.59
18.4022 4095.6
18.4032 4095.61
18.4042 4095.62
18.4052 4095.63
18.4062 4095.64
18.4072 4095.65
18.4082 4095.66
18.4092 4095.67
18.4102 4095.68
18.4112 4095.69
18.4122 4095.7
18.4132 4095.71
18.4142 4095.72
18.4152 4095.73
18.4162 4095.73
18.4172 4095.74
18.4182 4095.75
18.4192 4095.76
18.4202 4095.77
18.4212 4095.78
18.4222 4095.79
18.4232 4095.8
18.4242 4095.81
18.4252 4095.82
18.4262 4095.83
18.4272 4095.84
18.4282 4095.85
18.4292 4095.86
18.4302 4095.87
18.4312 4095.88
18.4322 4095.89
18.4332 4095.9
18.4342 4095.91
18.4352 4095.92
18.4362 4095.93
18.4372 4095.94
18.4382 4095.95
18.4392 4095.96
18.4402 4095.97
18.4412 4095.98
18.4422 4095.99
18.4432 4096
18.4442 4096.01
18.4452 4096.02
18.4462 4096.03
18.4472 4096.04
18.4482 4096.05
18.4492 4096.05
18.4502 4096.06
18.4512 4096.07
18.4522 4096.08
18.4532 4096.09
18.4542 4096.1
18.4552 4096.11
18.4562 4096.12
18.4572 4096.13
18.4582 4096.14
18.4592 4096.15
18.4602 4096.16
18.4612 4096.17
18.4622 4096.18
18.4632 4096.19
18.4642 4096.2
18.4652 4096.21
18.4662 4096.22
18.4672 4096.23
18.4682 4096.24
18.4692 4096.25
18.4702 4096.26
18.4712 4096.27
18.4722 4096.28
18.4732 4096.28
18.4742 4096.29
18.4752 4096.3
18.4762 4096.31
18.4772 4096.32
18.4782 4096.33
18.4792 4096.34
18.4802 4096.35
18.4812 4096.36
18.4822 4096.37
18.4832 4096.38
18.4842 4096.39
18.4852 4096.4
18.4862 4096.41
18.4872 4096.42
18.4882 4096.43
18.4892 4096.44
18.4902 4096.45
18.4912 4096.46
18.4922 4096.47
18.4932 4096.47
18.4942 4096.48
18.4952 4096.49
18.4962 4096.5
18.4972 4096.51
18.4982 4096.52
18.4992 4096.53
18.5002 4096.54
18.5012 4096.55
18.5022 4096.56
18.5032 4096.57
18.5042 4096.58
18.5052 4096.59
18.5062 4096.6
18.5072 4096.61
18.5082 4096.62
18.5092 4096.63
18.5102 4096.64
18.5112 4096.64
18.5122 4096.65
18.5132 4096.66
18.5142 4096.67
18.5152 4096.68
18.5162 4096.69
18.5172 4096.7
18.5182 4096.71
18.5192 4096.72
18.5202 4096.73
18.5212 4096.74
18.5222 4096.75
18.5232 4096.76
18.5242 4096.77
18.5252 4096.78
18.5262 4096.78
18.5272 4096.79
18.5282 4096.8
18.5292 4096.81
18.5302 4096.82
18.5312 4096.83
18.5322 4096.84
18.5332 4096.85
18.5342 4096.86
18.5352 4096.87
18.5362 4096.88
18.5372 4096.89
18.5382 4096.9
18.5392 4096.91
18.5402 4096.92
18.5412 4096.92
18.5422 4096.93
18.5432 4096.94
18.5442 4096.95
18.5452 4096.96
18.5462 4096.97
18.5472 4096.98
18.5482 4096.99
18.5492 4097
18.5502 4097.01
18.5512 4097.02
18.5522 4097.03
18.5532 4097.04
18.5542 4097.05
18.5552 4097.05
18.5562 4097.06
18.5572 4097.07
18.5582 4097.08
18.5592 4097.09
18.5602 4097.1
18.5612 4097.11
18.5622 4097.12
18.5632 4097.13
18.5642 4097.14
18.5652 4097.15
18.5662 4097.16
18.5672 4097.16
18.5682 4097.17
18.5692 4097.18
18.5702 4097.19
18.5712 4097.2
18.5722 4097.21
18.5732 4097.22
18.5742 4097.23
18.5752 4097.24
18.5762 4097.25
18.5772 4097.26
18.5782 4097.27
18.5792 4097.27
18.5802 4097.28
18.5812 4097.29
18.5822 4097.3
18.5832 4097.31
18.5842 4097.32
18.5852 4097.33
18.5862 4097.34
18.5872 4097.35
18.5882 4097.36
18.5892 4097.37
18.5902 4097.38
18.5912 4097.38
18.5922 4097.39
18.5932 4097.4
18.5942 4097.41
18.5952 4097.42
18.5962 4097.43
18.5972 4097.44
18.5982 4097.45
18.5992 4097.46
18.6002 4097.47
18.6012 4097.48
18.6022 4097.48
18.6032 4097.49
18.6042 4097.5
18.6052 4097.51
18.6062 4097.52
18.6072 4097.53
18.6082 4097.54
18.6092 4097.55
18.6102 4097.56
18.6112 4097.57
18.6122 4097.57
18.6132 4097.58
18.6142 4097.59
18.6152 4097.6
18.6162 4097.61
18.6172 4097.62
18.6182 4097.63
18.6192 4097.64
18.6202 4097.65
18.6212 4097.66
18.6222 4097.66
18.6232 4097.67
18.6242 4097.68
18.6252 4097.69
18.6262 4097.7
18.6272 4097.71
18.6282 4097.72
18.6292 4097.73
18.6302 4097.74
18.6312 4097.75
18.6322 4097.75
18.6332 4097.76
18.6342 4097.77
18.6352 4097.78
18.6362 4097.79
18.6372 4097.8
18.6382 4097.81
18.6392 4097.82
18.6402 4097.83
18.6412 4097.83
18.6422 4097.84
18.6432 4097.85
18.6442 4097.86
18.6452 4097.87
18.6462 4097.88
18.6472 4097.89
18.6482 4097.9
18.6492 4097.91
18.6502 4097.91
18.6512 4097.92
18.6522 4097.93
18.6532 4097.94
18.6542 4097.95
18.6552 4097.96
18.6562 4097.97
18.6572 4097.98
18.6582 4097.99
18.6592 4097.99
18.6602 4098
18.6612 4098.01
18.6622 4098.02
18.6632 4098.03
18.6642 4098.04
18.6652 4098.05
18.6662 4098.06
18.6672 4098.06
18.6682 4098.07
18.6692 4098.08
18.6702 4098.09
18.6712 4098.1
18.6722 4098.11
18.6732 4098.12
18.6742 4098.13
18.6752 4098.14
18.6762 4098.14
18.6772 4098.15
18.6782 4098.16
18.6792 4098.17
18.6802 4098.18
18.6812 4098.19
18.6822 4098.2
18.6832 4098.21
18.6842 4098.21
18.6852 4098.22
18.6862 4098.23
18.6872 4098.24
18.6882 4098.25
18.6892 4098.26
18.6902 4098.27
18.6912 4098.28
18.6922 4098.28
18.6932 4098.29
18.6942 4098.3
18.6952 4098.31
18.6962 4098.32
18.6972 4098.33
18.6982 4098.34
18.6992 4098.35
18.7002 4098.35
18.7012 4098.36
18.7022 4098.37
18.7032 4098.38
18.7042 4098.39
18.7052 4098.4
18.7062 4098.41
18.7072 4098.41
18.7082 4098.42
18.7092 4098.43
18.7102 4098.44
18.7112 4098.45
18.7122 4098.46
18.7132 4098.47
18.7142 4098.48
18.7152 4098.48
18.7162 4098.49
18.7172 4098.5
18.7182 4098.51
18.7192 4098.52
18.7202 4098.53
18.7212 4098.54
18.7222 4098.54
18.7232 4098.55
18.7242 4098.56
18.7252 4098.57
18.7262 4098.58
18.7272 4098.59
18.7282 4098.6
18.7292 4098.6
18.7302 4098.61
18.7312 4098.62
18.7322 4098.63
18.7332 4098.64
18.7342 4098.65
18.7352 4098.66
18.7362 4098.66
18.7372 4098.67
18.7382 4098.68
18.7392 4098.69
18.7402 4098.7
18.7412 4098.71
18.7422 4098.72
18.7432 4098.72
18.7442 4098.73
18.7452 4098.74
18.7462 4098.75
18.7472 4098.76
18.7482 4098.77
18.7492 4098.78
18.7502 4098.78
18.7512 4098.79
18.7522 4098.8
18.7532 4098.81
18.7542 4098.82
18.7552 4098.83
18.7562 4098.83
18.7572 4098.84
18.7582 4098.85
18.7592 4098.86
18.7602 4098.87
18.7612 4098.88
18.7622 4098.89
18.7632 4098.89
18.7642 4098.9
18.7652 4098.91
18.7662 4098.92
18.7672 4098.93
18.7682 4098.94
18.7692 4098.94
18.7702 4098.95
18.7712 4098.96
18.7722 4098.97
18.7732 4098.98
18.7742 4098.99
18.7752 4099
18.7762 4099
18.7772 4099.01
18.7782 4099.02
18.7792 4099.03
18.7802 4099.04
18.7812 4099.05
18.7822 4099.05
18.7832 4099.06
18.7842 4099.07
18.7852 4099.08
18.7862 4099.09
18.7872 4099.1
18.7882 4099.1
18.7892 4099.11
18.7902 4099.12
18.7912 4099.13
18.7922 4099.14
18.7932 4099.15
18.7942 4099.15
18.7952 4099.16
18.7962 4099.17
18.7972 4099.18
18.7982 4099.19
18.7992 4099.2
18.8002 4099.2
18.8012 4099.21
18.8022 4099.22
18.8032 4099.23
18.8042 4099.24
18.8052 4099.25
18.8062 4099.25
18.8072 4099.26
18.8082 4099.27
18.8092 4099.28
18.8102 4099.29
18.8112 4099.3
18.8122 4099.3
18.8132 4099.31
18.8142 4099.32
18.8152 4099.33
18.8162 4099.34
18.8172 4099.35
18.8182 4099.35
18.8192 4099.36
18.8202 4099.37
18.8212 4099.38
18.8222 4099.39
18.8232 4099.39
18.8242 4099.4
18.8252 4099.41
18.8262 4099.42
18.8272 4099.43
18.8282 4099.44
18.8292 4099.44
18.8302 4099.45
18.8312 4099.46
18.8322 4099.47
18.8332 4099.48
18.8342 4099.48
18.8352 4099.49
18.8362 4099.5
18.8372 4099.51
18.8382 4099.52
18.8392 4099.53
18.8402 4099.53
18.8412 4099.54
18.8422 4099.55
18.8432 4099.56
18.8442 4099.57
18.8452 4099.57
18.8462 4099.58
18.8472 4099.59
18.8482 4099.6
18.8492 4099.61
18.8502 4099.62
18.8512 4099.62
18.8522 4099.63
18.8532 4099.64
18.8542 4099.65
18.8552 4099.66
18.8562 4099.66
18.8572 4099.67
18.8582 4099.68
18.8592 4099.69
18.8602 4099.7
18.8612 4099.7
18.8622 4099.71
18.8632 4099.72
18.8642 4099.73
18.8652 4099.74
18.8662 4099.75
18.8672 4099.75
18.8682 4099.76
18.8692 4099.77
18.8702 4099.78
18.8712 4099.79
18.8722 4099.79
18.8732 4099.8
18.8742 4099.81
18.8752 4099.82
18.8762 4099.83
18.8772 4099.83
18.8782 4099.84
18.8792 4099.85
18.8802 4099.86
18.8812 4099.87
18.8822 4099.87
18.8832 4099.88
18.8842 4099.89
18.8852 4099.9
18.8862 4099.91
18.8872 4099.91
18.8882 4099.92
18.8892 4099.93
18.8902 4099.94
18.8912 4099.95
18.8922 4099.95
18.8932 4099.96
18.8942 4099.97
18.8952 4099.98
18.8962 4099.99
18.8972 4099.99
18.8982 4100
18.8992 4100.01
18.9002 4100.02
18.9012 4100.03
18.9022 4100.03
18.9032 4100.04
18.9042 4100.05
18.9052 4100.06
18.9062 4100.06
18.9072 4100.07
18.9082 4100.08
18.9092 4100.09
18.9102 4100.1
18.9112 4100.1
18.9122 4100.11
18.9132 4100.12
18.9142 4100.13
18.9152 4100.14
18.9162 4100.14
18.9172 4100.15
18.9182 4100.16
18.9192 4100.17
18.9202 4100.18
18.9212 4100.18
18.9222 4100.19
18.9232 4100.2
18.9242 4100.21
18.9252 4100.21
18.9262 4100.22
18.9272 4100.23
18.9282 4100.24
18.9292 4100.25
18.9302 4100.25
18.9312 4100.26
18.9322 4100.27
18.9332 4100.28
18.9342 4100.29
18.9352 4100.29
18.9362 4100.3
18.9372 4100.31
18.9382 4100.32
18.9392 4100.32
18.9402 4100.33
18.9412 4100.34
18.9422 4100.35
18.9432 4100.36
18.9442 4100.36
18.9452 4100.37
18.9462 4100.38
18.9472 4100.39
18.9482 4100.39
18.9492 4100.4
18.9502 4100.41
18.9512 4100.42
18.9522 4100.43
18.9532 4100.43
18.9542 4100.44
18.9552 4100.45
18.9562 4100.46
18.9572 4100.46
18.9582 4100.47
18.9592 4100.48
18.9602 4100.49
18.9612 4100.49
18.9622 4100.5
18.9632 4100.51
18.9642 4100.52
18.9652 4100.53
18.9662 4100.53
18.9672 4100.54
18.9682 4100.55
18.9692 4100.56
18.9702 4100.56
18.9712 4100.57
18.9722 4100.58
18.9732 4100.59
18.9742 4100.59
18.9752 4100.6
18.9762 4100.61
18.9772 4100.62
18.9782 4100.63
18.9792 4100.63
18.9802 4100.64
18.9812 4100.65
18.9822 4100.66
18.9832 4100.66
18.9842 4100.67
18.9852 4100.68
18.9862 4100.69
18.9872 4100.69
18.9882 4100.7
18.9892 4100.71
18.9902 4100.72
18.9912 4100.72
18.9922 4100.73
18.9932 4100.74
18.9942 4100.75
18.9952 4100.76
18.9962 4100.76
18.9972 4100.77
18.9982 4100.78
18.9992 4100.79
19.0002 4100.79
19.0012 4100.8
19.0022 4100.81
19.0032 4100.82
19.0042 4100.82
19.0052 4100.83
19.0062 4100.84
19.0072 4100.85
19.0082 4100.85
19.0092 4100.86
19.0102 4100.87
19.0112 4100.88
19.0122 4100.88
19.0132 4100.89
19.0142 4100.9
19.0152 4100.91
19.0162 4100.91
19.0172 4100.92
19.0182 4100.93
19.0192 4100.94
19.0202 4100.94
19.0212 4100.95
19.0222 4100.96
19.0232 4100.97
19.0242 4100.97
19.0252 4100.98
19.0262 4100.99
19.0272 4101
19.0282 4101
19.0292 4101.01
19.0302 4101.02
19.0312 4101.03
19.0322 4101.03
19.0332 4101.04
19.0342 4101.05
19.0352 4101.06
19.0362 4101.06
19.0372 4101.07
19.0382 4101.08
19.0392 4101.09
19.0402 4101.09
19.0412 4101.1
19.0422 4101.11
19.0432 4101.11
19.0442 4101.12
19.0452 4101.13
19.0462 4101.14
19.0472 4101.14
19.0482 4101.15
19.0492 4101.16
19.0502 4101.17
19.0512 4101.17
19.0522 4101.18
19.0532 4101.19
19.0542 4101.2
19.0552 4101.2
19.0562 4101.21
19.0572 4101.22
19.0582 4101.23
19.0592 4101.23
19.0602 4101.24
19.0612 4101.25
19.0622 4101.25
19.0632 4101.26
19.0642 4101.27
19.0652 4101.28
19.0662 4101.28
19.0672 4101.29
19.0682 4101.3
19.0692 4101.31
19.0702 4101.31
19.0712 4101.32
19.0722 4101.33
19.0732 4101.34
19.0742 4101.34
19.0752 4101.35
19.0762 4101.36
19.0772 4101.36
19.0782 4101.37
19.0792 4101.38
19.0802 4101.39
19.0812 4101.39
19.0822 4101.4
19.0832 4101.41
19.0842 4101.42
19.0852 4101.42
19.0862 4101.43
19.0872 4101.44
19.0882 4101.44
19.0892 4101.45
19.0902 4101.46
19.0912 4101.47
19.0922 4101.47
19.0932 4101.48
19.0942 4101.49
19.0952 4101.49
19.0962 4101.5
19.0972 4101.51
19.0982 4101.52
19.0992 4101.52
19.1002 4101.53
19.1012 4101.54
19.1022 4101.55
19.1032 4101.55
19.1042 4101.56
19.1052 4101.57
19.1062 4101.57
19.1072 4101.58
19.1082 4101.59
19.1092 4101.6
19.1102 4101.6
19.1112 4101.61
19.1122 4101.62
19.1132 4101.62
19.1142 4101.63
19.1152 4101.64
19.1162 4101.65
19.1172 4101.65
19.1182 4101.66
19.1192 4101.67
19.1202 4101.67
19.1212 4101.68
19.1222 4101.69
19.1232 4101.7
19.1242 4101.7
19.1252 4101.71
19.1262 4101.72
19.1272 4101.72
19.1282 4101.73
19.1292 4101.74
19.1302 4101.75
19.1312 4101.75
19.1322 4101.76
19.1332 4101.77
19.1342 4101.77
19.1352 4101.78
19.1362 4101.79
19.1372 4101.79
19.1382 4101.8
19.1392 4101.81
19.1402 4101.82
19.1412 4101.82
19.1422 4101.83
19.1432 4101.84
19.1442 4101.84
19.1452 4101.85
19.1462 4101.86
19.1472 4101.86
19.1482 4101.87
19.1492 4101.88
19.1502 4101.89
19.1512 4101.89
19.1522 4101.9
19.1532 4101.91
19.1542 4101.91
19.1552 4101.92
19.1562 4101.93
19.1572 4101.93
19.1582 4101.94
19.1592 4101.95
19.1602 4101.96
19.1612 4101.96
19.1622 4101.97
19.1632 4101.98
19.1642 4101.98
19.1652 4101.99
19.1662 4102
19.1672 4102
19.1682 4102.01
19.1692 4102.02
19.1702 4102.03
19.1712 4102.03
19.1722 4102.04
19.1732 4102.05
19.1742 4102.05
19.1752 4102.06
19.1762 4102.07
19.1772 4102.07
19.1782 4102.08
19.1792 4102.09
19.1802 4102.09
19.1812 4102.1
19.1822 4102.11
19.1832 4102.12
19.1842 4102.12
19.1852 4102.13
19.1862 4102.14
19.1872 4102.14
19.1882 4102.15
19.1892 4102.16
19.1902 4102.16
19.1912 4102.17
19.1922 4102.18
19.1932 4102.18
19.1942 4102.19
19.1952 4102.2
19.1962 4102.2
19.1972 4102.21
19.1982 4102.22
19.1992 4102.22
19.2002 4102.23
19.2012 4102.24
19.2022 4102.25
19.2032 4102.25
19.2042 4102.26
19.2052 4102.27
19.2062 4102.27
19.2072 4102.28
19.2082 4102.29
19.2092 4102.29
19.2102 4102.3
19.2112 4102.31
19.2122 4102.31
19.2132 4102.32
19.2142 4102.33
19.2152 4102.33
19.2162 4102.34
19.2172 4102.35
19.2182 4102.35
19.2192 4102.36
19.2202 4102.37
19.2212 4102.37
19.2222 4102.38
19.2232 4102.39
19.2242 4102.39
19.2252 4102.4
19.2262 4102.41
19.2272 4102.41
19.2282 4102.42
19.2292 4102.43
19.2302 4102.43
19.2312 4102.44
19.2322 4102.45
19.2332 4102.45
19.2342 4102.46
19.2352 4102.47
19.2362 4102.47
19.2372 4102.48
19.2382 4102.49
19.2392 4102.49
19.2402 4102.5
19.2412 4102.51
19.2422 4102.51
19.2432 4102.52
19.2442 4102.53
19.2452 4102.53
19.2462 4102.54
19.2472 4102.55
19.2482 4102.55
19.2492 4102.56
19.2502 4102.57
19.2512 4102.57
19.2522 4102.58
19.2532 4102.59
19.2542 4102.59
19.2552 4102.6
19.2562 4102.61
19.2572 4102.61
19.2582 4102.62
19.2592 4102.63
19.2602 4102.63
19.2612 4102.64
19.2622 4102.65
19.2632 4102.65
19.2642 4102.66
19.2652 4102.67
19.2662 4102.67
19.2672 4102.68
19.2682 4102.69
19.2692 4102.69
19.2702 4102.7
19.2712 4102.71
19.2722 4102.71
19.2732 4102.72
19.2742 4102.73
19.2752 4102.73
19.2762 4102.74
19.2772 4102.75
19.2782 4102.75
19.2792 4102.76
19.2802 4102.76
19.2812 4102.77
19.2822 4102.78
19.2832 4102.78
19.2842 4102.79
19.2852 4102.8
19.2862 4102.8
19.2872 4102.81
19.2882 4102.82
19.2892 4102.82
19.2902 4102.83
19.2912 4102.84
19.2922 4102.84
19.2932 4102.85
19.2942 4102.86
19.2952 4102.86
19.2962 4102.87
19.2972 4102.88
19.2982 4102.88
19.2992 4102.89
19.3002 4102.89
19.3012 4102.9
19.3022 4102.91
19.3032 4102.91
19.3042 4102.92
19.3052 4102.93
19.3062 4102.93
19.3072 4102.94
19.3082 4102.95
19.3092 4102.95
19.3102 4102.96
19.3112 4102.96
19.3122 4102.97
19.3132 4102.98
19.3142 4102.98
19.3152 4102.99
19.3162 4103
19.3172 4103
19.3182 4103.01
19.3192 4103.02
19.3202 4103.02
19.3212 4103.03
19.3222 4103.04
19.3232 4103.04
19.3242 4103.05
19.3252 4103.05
19.3262 4103.06
19.3272 4103.07
19.3282 4103.07
19.3292 4103.08
19.3302 4103.09
19.3312 4103.09
19.3322 4103.1
19.3332 4103.1
19.3342 4103.11
19.3352 4103.12
19.3362 4103.12
19.3372 4103.13
19.3382 4103.14
19.3392 4103.14
19.3402 4103.15
19.3412 4103.16
19.3422 4103.16
19.3432 4103.17
19.3442 4103.17
19.3452 4103.18
19.3462 4103.19
19.3472 4103.19
19.3482 4103.2
19.3492 4103.21
19.3502 4103.21
19.3512 4103.22
19.3522 4103.22
19.3532 4103.23
19.3542 4103.24
19.3552 4103.24
19.3562 4103.25
19.3572 4103.26
19.3582 4103.26
19.3592 4103.27
19.3602 4103.27
19.3612 4103.28
19.3622 4103.29
19.3632 4103.29
19.3642 4103.3
19.3652 4103.31
19.3662 4103.31
19.3672 4103.32
19.3682 4103.32
19.3692 4103.33
19.3702 4103.34
19.3712 4103.34
19.3722 4103.35
19.3732 4103.35
19.3742 4103.36
19.3752 4103.37
19.3762 4103.37
19.3772 4103.38
19.3782 4103.39
19.3792 4103.39
19.3802 4103.4
19.3812 4103.4
19.3822 4103.41
19.3832 4103.42
19.3842 4103.42
19.3852 4103.43
19.3862 4103.43
19.3872 4103.44
19.3882 4103.45
19.3892 4103.45
19.3902 4103.46
19.3912 4103.46
19.3922 4103.47
19.3932 4103.48
19.3942 4103.48
19.3952 4103.49
19.3962 4103.5
19.3972 4103.5
19.3982 4103.51
19.3992 4103.51
19.4002 4103.52
19.4012 4103.53
19.4022 4103.53
19.4032 4103.54
19.4042 4103.54
19.4052 4103.55
19.4062 4103.56
19.4072 4103.56
19.4082 4103.57
19.4092 4103.57
19.4102 4103.58
19.4112 4103.59
19.4122 4103.59
19.4132 4103.6
19.4142 4103.6
19.4152 4103.61
19.4162 4103.62
19.4172 4103.62
19.4182 4103.63
19.4192 4103.63
19.4202 4103.64
19.4212 4103.65
19.4222 4103.65
19.4232 4103.66
19.4242 4103.66
19.4252 4103.67
19.4262 4103.68
19.4272 4103.68
19.4282 4103.69
19.4292 4103.69
19.4302 4103.7
19.4312 4103.71
19.4322 4103.71
19.4332 4103.72
19.4342 4103.72
19.4352 4103.73
19.4362 4103.74
19.4372 4103.74
19.4382 4103.75
19.4392 4103.75
19.4402 4103.76
19.4412 4103.77
19.4422 4103.77
19.4432 4103.78
19.4442 4103.78
19.4452 4103.79
19.4462 4103.79
19.4472 4103.8
19.4482 4103.81
19.4492 4103.81
19.4502 4103.82
19.4512 4103.82
19.4522 4103.83
19.4532 4103.84
19.4542 4103.84
19.4552 4103.85
19.4562 4103.85
19.4572 4103.86
19.4582 4103.87
19.4592 4103.87
19.4602 4103.88
19.4612 4103.88
19.4622 4103.89
19.4632 4103.89
19.4642 4103.9
19.4652 4103.91
19.4662 4103.91
19.4672 4103.92
19.4682 4103.92
19.4692 4103.93
19.4702 4103.93
19.4712 4103.94
19.4722 4103.95
19.4732 4103.95
19.4742 4103.96
19.4752 4103.96
19.4762 4103.97
19.4772 4103.98
19.4782 4103.98
19.4792 4103.99
19.4802 4103.99
19.4812 4104
19.4822 4104
19.4832 4104.01
19.4842 4104.02
19.4852 4104.02
19.4862 4104.03
19.4872 4104.03
19.4882 4104.04
19.4892 4104.04
19.4902 4104.05
19.4912 4104.06
19.4922 4104.06
19.4932 4104.07
19.4942 4104.07
19.4952 4104.08
19.4962 4104.08
19.4972 4104.09
19.4982 4104.1
19.4992 4104.1
19.5002 4104.11
19.5012 4104.11
19.5022 4104.12
19.5032 4104.12
19.5042 4104.13
19.5052 4104.14
19.5062 4104.14
19.5072 4104.15
19.5082 4104.15
19.5092 4104.16
19.5102 4104.16
19.5112 4104.17
19.5122 4104.18
19.5132 4104.18
19.5142 4104.19
19.5152 4104.19
19.5162 4104.2
19.5172 4104.2
19.5182 4104.21
19.5192 4104.21
19.5202 4104.22
19.5212 4104.23
19.5222 4104.23
19.5232 4104.24
19.5242 4104.24
19.5252 4104.25
19.5262 4104.25
19.5272 4104.26
19.5282 4104.27
19.5292 4104.27
19.5302 4104.28
19.5312 4104.28
19.5322 4104.29
19.5332 4104.29
19.5342 4104.3
19.5352 4104.3
19.5362 4104.31
19.5372 4104.32
19.5382 4104.32
19.5392 4104.33
19.5402 4104.33
19.5412 4104.34
19.5422 4104.34
19.5432 4104.35
19.5442 4104.35
19.5452 4104.36
19.5462 4104.36
19.5472 4104.37
19.5482 4104.38
19.5492 4104.38
19.5502 4104.39
19.5512 4104.39
19.5522 4104.4
19.5532 4104.4
19.5542 4104.41
19.5552 4104.41
19.5562 4104.42
19.5572 4104.43
19.5582 4104.43
19.5592 4104.44
19.5602 4104.44
19.5612 4104.45
19.5622 4104.45
19.5632 4104.46
19.5642 4104.46
19.5652 4104.47
19.5662 4104.47
19.5672 4104.48
19.5682 4104.49
19.5692 4104.49
19.5702 4104.5
19.5712 4104.5
19.5722 4104.51
19.5732 4104.51
19.5742 4104.52
19.5752 4104.52
19.5762 4104.53
19.5772 4104.53
19.5782 4104.54
19.5792 4104.54
19.5802 4104.55
19.5812 4104.56
19.5822 4104.56
19.5832 4104.57
19.5842 4104.57
19.5852 4104.58
19.5862 4104.58
19.5872 4104.59
19.5882 4104.59
19.5892 4104.6
19.5902 4104.6
19.5912 4104.61
19.5922 4104.61
19.5932 4104.62
19.5942 4104.63
19.5952 4104.63
19.5962 4104.64
19.5972 4104.64
19.5982 4104.65
19.5992 4104.65
19.6002 4104.66
19.6012 4104.66
19.6022 4104.67
19.6032 4104.67
19.6042 4104.68
19.6052 4104.68
19.6062 4104.69
19.6072 4104.69
19.6082 4104.7
19.6092 4104.7
19.6102 4104.71
19.6112 4104.72
19.6122 4104.72
19.6132 4104.73
19.6142 4104.73
19.6152 4104.74
19.6162 4104.74
19.6172 4104.75
19.6182 4104.75
19.6192 4104.76
19.6202 4104.76
19.6212 4104.77
19.6222 4104.77
19.6232 4104.78
19.6242 4104.78
19.6252 4104.79
19.6262 4104.79
19.6272 4104.8
19.6282 4104.8
19.6292 4104.81
19.6302 4104.81
19.6312 4104.82
19.6322 4104.83
19.6332 4104.83
19.6342 4104.84
19.6352 4104.84
19.6362 4104.85
19.6372 4104.85
19.6382 4104.86
19.6392 4104.86
19.6402 4104.87
19.6412 4104.87
19.6422 4104.88
19.6432 4104.88
19.6442 4104.89
19.6452 4104.89
19.6462 4104.9
19.6472 4104.9
19.6482 4104.91
19.6492 4104.91
19.6502 4104.92
19.6512 4104.92
19.6522 4104.93
19.6532 4104.93
19.6542 4104.94
19.6552 4104.94
19.6562 4104.95
19.6572 4104.95
19.6582 4104.96
19.6592 4104.96
19.6602 4104.97
19.6612 4104.97
19.6622 4104.98
19.6632 4104.98
19.6642 4104.99
19.6652 4104.99
19.6662 4105
19.6672 4105
19.6682 4105.01
19.6692 4105.01
19.6702 4105.02
19.6712 4105.02
19.6722 4105.03
19.6732 4105.03
19.6742 4105.04
19.6752 4105.04
19.6762 4105.05
19.6772 4105.05
19.6782 4105.06
19.6792 4105.06
19.6802 4105.07
19.6812 4105.07
19.6822 4105.08
19.6832 4105.08
19.6842 4105.09
19.6852 4105.09
19.6862 4105.1
19.6872 4105.1
19.6882 4105.11
19.6892 4105.11
19.6902 4105.12
19.6912 4105.12
19.6922 4105.13
19.6932 4105.13
19.6942 4105.14
19.6952 4105.14
19.6962 4105.15
19.6972 4105.15
19.6982 4105.16
19.6992 4105.16
19.7002 4105.17
19.7012 4105.17
19.7022 4105.18
19.7032 4105.18
19.7042 4105.19
19.7052 4105.19
19.7062 4105.2
19.7072 4105.2
19.7082 4105.21
19.7092 4105.21
19.7102 4105.22
19.7112 4105.22
19.7122 4105.23
19.7132 4105.23
19.7142 4105.24
19.7152 4105.24
19.7162 4105.25
19.7172 4105.25
19.7182 4105.26
19.7192 4105.26
19.7202 4105.27
19.7212 4105.27
19.7222 4105.28
19.7232 4105.28
19.7242 4105.29
19.7252 4105.29
19.7262 4105.3
19.7272 4105.3
19.7282 4105.31
19.7292 4105.31
19.7302 4105.32
19.7312 4105.32
19.7322 4105.33
19.7332 4105.33
19.7342 4105.33
19.7352 4105.34
19.7362 4105.34
19.7372 4105.35
19.7382 4105.35
19.7392 4105.36
19.7402 4105.36
19.7412 4105.37
19.7422 4105.37
19.7432 4105.38
19.7442 4105.38
19.7452 4105.39
19.7462 4105.39
19.7472 4105.4
19.7482 4105.4
19.7492 4105.41
19.7502 4105.41
19.7512 4105.42
19.7522 4105.42
19.7532 4105.43
19.7542 4105.43
19.7552 4105.43
19.7562 4105.44
19.7572 4105.44
19.7582 4105.45
19.7592 4105.45
19.7602 4105.46
19.7612 4105.46
19.7622 4105.47
19.7632 4105.47
19.7642 4105.48
19.7652 4105.48
19.7662 4105.49
19.7672 4105.49
19.7682 4105.5
19.7692 4105.5
19.7702 4105.51
19.7712 4105.51
19.7722 4105.51
19.7732 4105.52
19.7742 4105.52
19.7752 4105.53
19.7762 4105.53
19.7772 4105.54
19.7782 4105.54
19.7792 4105.55
19.7802 4105.55
19.7812 4105.56
19.7822 4105.56
19.7832 4105.57
19.7842 4105.57
19.7852 4105.57
19.7862 4105.58
19.7872 4105.58
19.7882 4105.59
19.7892 4105.59
19.7902 4105.6
19.7912 4105.6
19.7922 4105.61
19.7932 4105.61
19.7942 4105.62
19.7952 4105.62
19.7962 4105.63
19.7972 4105.63
19.7982 4105.63
19.7992 4105.64
19.8002 4105.64
19.8012 4105.65
19.8022 4105.65
19.8032 4105.66
19.8042 4105.66
19.8052 4105.67
19.8062 4105.67
19.8072 4105.68
19.8082 4105.68
19.8092 4105.68
19.8102 4105.69
19.8112 4105.69
19.8122 4105.7
19.8132 4105.7
19.8142 4105.71
19.8152 4105.71
19.8162 4105.72
19.8172 4105.72
19.8182 4105.73
19.8192 4105.73
19.8202 4105.73
19.8212 4105.74
19.8222 4105.74
19.8232 4105.75
19.8242 4105.75
19.8252 4105.76
19.8262 4105.76
19.8272 4105.77
19.8282 4105.77
19.8292 4105.77
19.8302 4105.78
19.8312 4105.78
19.8322 4105.79
19.8332 4105.79
19.8342 4105.8
19.8352 4105.8
19.8362 4105.81
19.8372 4105.81
19.8382 4105.81
19.8392 4105.82
19.8402 4105.82
19.8412 4105.83
19.8422 4105.83
19.8432 4105.84
19.8442 4105.84
19.8452 4105.84
19.8462 4105.85
19.8472 4105.85
19.8482 4105.86
19.8492 4105.86
19.8502 4105.87
19.8512 4105.87
19.8522 4105.88
19.8532 4105.88
19.8542 4105.88
19.8552 4105.89
19.8562 4105.89
19.8572 4105.9
19.8582 4105.9
19.8592 4105.91
19.8602 4105.91
19.8612 4105.91
19.8622 4105.92
19.8632 4105.92
19.8642 4105.93
19.8652 4105.93
19.8662 4105.94
19.8672 4105.94
19.8682 4105.94
19.8692 4105.95
19.8702 4105.95
19.8712 4105.96
19.8722 4105.96
19.8732 4105.97
19.8742 4105.97
19.8752 4105.97
19.8762 4105.98
19.8772 4105.98
19.8782 4105.99
19.8792 4105.99
19.8802 4106
19.8812 4106
19.8822 4106
19.8832 4106.01
19.8842 4106.01
19.8852 4106.02
19.8862 4106.02
19.8872 4106.03
19.8882 4106.03
19.8892 4106.03
19.8902 4106.04
19.8912 4106.04
19.8922 4106.05
19.8932 4106.05
19.8942 4106.06
19.8952 4106.06
19.8962 4106.06
19.8972 4106.07
19.8982 4106.07
19.8992 4106.08
19.9002 4106.08
19.9012 4106.08
19.9022 4106.09
19.9032 4106.09
19.9042 4106.1
19.9052 4106.1
19.9062 4106.11
19.9072 4106.11
19.9082 4106.11
19.9092 4106.12
19.9102 4106.12
19.9112 4106.13
19.9122 4106.13
19.9132 4106.13
19.9142 4106.14
19.9152 4106.14
19.9162 4106.15
19.9172 4106.15
19.9182 4106.15
19.9192 4106.16
19.9202 4106.16
19.9212 4106.17
19.9222 4106.17
19.9232 4106.18
19.9242 4106.18
19.9252 4106.18
19.9262 4106.19
19.9272 4106.19
19.9282 4106.2
19.9292 4106.2
19.9302 4106.2
19.9312 4106.21
19.9322 4106.21
19.9332 4106.22
19.9342 4106.22
19.9352 4106.22
19.9362 4106.23
19.9372 4106.23
19.9382 4106.24
19.9392 4106.24
19.9402 4106.24
19.9412 4106.25
19.9422 4106.25
19.9432 4106.26
19.9442 4106.26
19.9452 4106.26
19.9462 4106.27
19.9472 4106.27
19.9482 4106.28
19.9492 4106.28
19.9502 4106.28
19.9512 4106.29
19.9522 4106.29
19.9532 4106.3
19.9542 4106.3
19.9552 4106.3
19.9562 4106.31
19.9572 4106.31
19.9582 4106.32
19.9592 4106.32
19.9602 4106.32
19.9612 4106.33
19.9622 4106.33
19.9632 4106.34
19.9642 4106.34
19.9652 4106.34
19.9662 4106.35
19.9672 4106.35
19.9682 4106.36
19.9692 4106.36
19.9702 4106.36
19.9712 4106.37
19.9722 4106.37
19.9732 4106.38
19.9742 4106.38
19.9752 4106.38
19.9762 4106.39
19.9772 4106.39
19.9782 4106.39
19.9792 4106.4
19.9802 4106.4
19.9812 4106.41
19.9822 4106.41
19.9832 4106.41
19.9842 4106.42
19.9852 4106.42
19.9862 4106.43
19.9872 4106.43
19.9882 4106.43
19.9892 4106.44
19.9902 4106.44
19.9912 4106.44
19.9922 4106.45
19.9932 4106.45
19.9942 4106.46
19.9952 4106.46
19.9962 4106.46
19.9972 4106.47
19.9982 4106.47
19.9992 4106.48
20.0002 4106.48
20.0012 4106.37
20.0022 4106.26
20.0032 4106.14
20.0042 4106.03
20.0052 4105.92
20.0062 4105.81
20.0072 4105.7
20.0082 4105.59
20.0092 4105.48
20.0102 4105.36
20.0112 4105.25
20.0122 4105.14
20.0132 4105.03
20.0142 4104.92
20.0152 4104.81
20.0162 4104.7
20.0172 4104.58
20.0182 4104.47
20.0192 4104.36
20.0202 4104.25
20.0212 4104.14
20.0222 4104.03
20.0232 4103.92
20.0242 4103.8
20.0252 4103.69
20.0262 4103.58
20.0272 4103.47
20.0282 4103.36
20.0292 4103.25
20.0302 4103.14
20.0312 4103.02
20.0322 4102.91
20.0332 4102.8
20.0342 4102.69
20.0352 4102.58
20.0362 4102.47
20.0372 4102.36
20.0382 4102.24
20.0392 4102.13
20.0402 4102.02
20.0412 4101.91
20.0422 4101.8
20.0432 4101.69
20.0442 4101.58
20.0452 4101.47
20.0462 4101.35
20.0472 4101.24
20.0482 4101.13
20.0492 4101.02
20.0502 4100.91
20.0512 4100.8
20.0522 4100.69
20.0532 4100.57
20.0542 4100.46
20.0552 4100.35
20.0562 4100.24
20.0572 4100.13
20.0582 4100.02
20.0592 4099.91
20.0602 4099.79
20.0612 4099.68
20.0622 4099.57
20.0632 4099.46
20.0642 4099.35
20.0652 4099.24
20.0662 4099.13
20.0672 4099.02
20.0682 4098.9
20.0692 4098.79
20.0702 4098.68
20.0712 4098.57
20.0722 4098.46
20.0732 4098.35
20.0742 4098.24
20.0752 4098.12
20.0762 4098.01
20.0772 4097.9
20.0782 4097.79
20.0792 4097.68
20.0802 4097.57
20.0812 4097.46
20.0822 4097.35
20.0832 4097.23
20.0842 4097.12
20.0852 4097.01
20.0862 4096.9
20.0872 4096.79
20.0882 4096.68
20.0892 4096.57
20.0902 4096.46
20.0912 4096.34
20.0922 4096.23
20.0932 4096.12
20.0942 4096.01
20.0952 4095.9
20.0962 4095.79
20.0972 4095.68
20.0982 4095.57
20.0992 4095.45
20.1002 4095.34
20.1012 4095.23
20.1022 4095.12
20.1032 4095.01
20.1042 4094.9
20.1052 4094.79
20.1062 4094.68
20.1072 4094.56
20.1082 4094.45
20.1092 4094.34
20.1102 4094.23
20.1112 4094.12
20.1122 4094.01
20.1132 4093.9
20.1142 4093.79
20.1152 4093.67
20.1162 4093.56
20.1172 4093.45
20.1182 4093.34
20.1192 4093.23
20.1202 4093.12
20.1212 4093.01
20.1222 4092.9
20.1232 4092.78
20.1242 4092.67
20.1252 4092.56
20.1262 4092.45
20.1272 4092.34
20.1282 4092.23
20.1292 4092.12
20.1302 4092.01
20.1312 4091.9
20.1322 4091.78
20.1332 4091.67
20.1342 4091.56
20.1352 4091.45
20.1362 4091.34
20.1372 4091.23
20.1382 4091.12
20.1392 4091.01
20.1402 4090.89
20.1412 4090.78
20.1422 4090.67
20.1432 4090.56
20.1442 4090.45
20.1452 4090.34
20.1462 4090.23
20.1472 4090.12
20.1482 4090.01
20.1492 4089.89
20.1502 4089.78
20.1512 4089.67
20.1522 4089.56
20.1532 4089.45
20.1542 4089.34
20.1552 4089.23
20.1562 4089.12
20.1572 4089.01
20.1582 4088.89
20.1592 4088.78
20.1602 4088.67
20.1612 4088.56
20.1622 4088.45
20.1632 4088.34
20.1642 4088.23
20.1652 4088.12
20.1662 4088.01
20.1672 4087.89
20.1682 4087.78
20.1692 4087.67
20.1702 4087.56
20.1712 4087.45
20.1722 4087.34
20.1732 4087.23
20.1742 4087.12
20.1752 4087.01
20.1762 4086.89
20.1772 4086.78
20.1782 4086.67
20.1792 4086.56
20.1802 4086.45
20.1812 4086.34
20.1822 4086.23
20.1832 4086.12
20.1842 4086.01
20.1852 4085.89
20.1862 4085.78
20.1872 4085.67
20.1882 4085.56
20.1892 4085.45
20.1902 4085.34
20.1912 4085.23
20.1922 4085.12
20.1932 4085.01
20.1942 4084.9
20.1952 4084.78
20.1962 4084.67
20.1972 4084.56
20.1982 4084.45
20.1992 4084.34
20.2002 4084.23
20.2012 4084.12
20.2022 4084.01
20.2032 4083.9
20.2042 4083.79
20.2052 4083.67
20.2062 4083.56
20.2072 4083.45
20.2082 4083.34
20.2092 4083.23
20.2102 4083.12
20.2112 4083.01
20.2122 4082.9
20.2132 4082.79
20.2142 4082.68
20.2152 4082.56
20.2162 4082.45
20.2172 4082.34
20.2182 4082.23
20.2192 4082.12
20.2202 4082.01
20.2212 4081.9
20.2222 4081.79
20.2232 4081.68
20.2242 4081.57
20.2252 4081.45
20.2262 4081.34
20.2272 4081.23
20.2282 4081.12
20.2292 4081.01
20.2302 4080.9
20.2312 4080.79
20.2322 4080.68
20.2332 4080.57
20.2342 4080.46
20.2352 4080.35
20.2362 4080.23
20.2372 4080.12
20.2382 4080.01
20.2392 4079.9
20.2402 4079.79
20.2412 4079.68
20.2422 4079.57
20.2432 4079.46
20.2442 4079.35
20.2452 4079.24
20.2462 4079.12
20.2472 4079.01
20.2482 4078.9
20.2492 4078.79
20.2502 4078.68
20.2512 4078.57
20.2522 4078.46
20.2532 4078.35
20.2542 4078.24
20.2552 4078.13
20.2562 4078.02
20.2572 4077.9
20.2582 4077.79
20.2592 4077.68
20.2602 4077.57
20.2612 4077.46
20.2622 4077.35
20.2632 4077.24
20.2642 4077.13
20.2652 4077.02
20.2662 4076.91
20.2672 4076.8
20.2682 4076.69
20.2692 4076.57
20.2702 4076.46
20.2712 4076.35
20.2722 4076.24
20.2732 4076.13
20.2742 4076.02
20.2752 4075.91
20.2762 4075.8
20.2772 4075.69
20.2782 4075.58
20.2792 4075.47
20.2802 4075.36
20.2812 4075.24
20.2822 4075.13
20.2832 4075.02
20.2842 4074.91
20.2852 4074.8
20.2862 4074.69
20.2872 4074.58
20.2882 4074.47
20.2892 4074.36
20.2902 4074.25
20.2912 4074.14
20.2922 4074.03
20.2932 4073.91
20.2942 4073.8
20.2952 4073.69
20.2962 4073.58
20.2972 4073.47
20.2982 4073.36
20.2992 4073.25
20.3002 4073.14
20.3012 4073.03
20.3022 4072.92
20.3032 4072.81
20.3042 4072.7
20.3052 4072.58
20.3062 4072.47
20.3072 4072.36
20.3082 4072.25
20.3092 4072.14
20.3102 4072.03
20.3112 4071.92
20.3122 4071.81
20.3132 4071.7
20.3142 4071.59
20.3152 4071.48
20.3162 4071.37
20.3172 4071.26
20.3182 4071.14
20.3192 4071.03
20.3202 4070.92
20.3212 4070.81
20.3222 4070.7
20.3232 4070.59
20.3242 4070.48
20.3252 4070.37
20.3262 4070.26
20.3272 4070.15
20.3282 4070.04
20.3292 4069.93
20.3302 4069.82
20.3312 4069.71
20.3322 4069.59
20.3332 4069.48
20.3342 4069.37
20.3352 4069.26
20.3362 4069.15
20.3372 4069.04
20.3382 4068.93
20.3392 4068.82
20.3402 4068.71
20.3412 4068.6
20.3422 4068.49
20.3432 4068.38
20.3442 4068.27
20.3452 4068.16
20.3462 4068.04
20.3472 4067.93
20.3482 4067.82
20.3492 4067.71
20.3502 4067.6
20.3512 4067.49
20.3522 4067.38
20.3532 4067.27
20.3542 4067.16
20.3552 4067.05
20.3562 4066.94
20.3572 4066.83
20.3582 4066.72
20.3592 4066.61
20.3602 4066.5
20.3612 4066.38
20.3622 4066.27
20.3632 4066.16
20.3642 4066.05
20.3652 4065.94
20.3662 4065.83
20.3672 4065.72
20.3682 4065.61
20.3692 4065.5
20.3702 4065.39
20.3712 4065.28
20.3722 4065.17
20.3732 4065.06
20.3742 4064.95
20.3752 4064.84
20.3762 4064.73
20.3772 4064.61
20.3782 4064.5
20.3792 4064.39
20.3802 4064.28
20.3812 4064.17
20.3822 4064.06
20.3832 4063.95
20.3842 4063.84
20.3852 4063.73
20.3862 4063.62
20.3872 4063.51
20.3882 4063.4
20.3892 4063.29
20.3902 4063.18
20.3912 4063.07
20.3922 4062.96
20.3932 4062.85
20.3942 4062.73
20.3952 4062.62
20.3962 4062.51
20.3972 4062.4
20.3982 4062.29
20.3992 4062.18
20.4002 4062.07
20.4012 4061.96
20.4022 4061.85
20.4032 4061.74
20.4042 4061.63
20.4052 4061.52
20.4062 4061.41
20.4072 4061.3
20.4082 4061.19
20.4092 4061.08
20.4102 4060.97
20.4112 4060.86
20.4122 4060.74
20.4132 4060.63
20.4142 4060.52
20.4152 4060.41
20.4162 4060.3
20.4172 4060.19
20.4182 4060.08
20.4192 4059.97
20.4202 4059.86
20.4212 4059.75
20.4222 4059.64
20.4232 4059.53
20.4242 4059.42
20.4252 4059.31
20.4262 4059.2
20.4272 4059.09
20.4282 4058.98
20.4292 4058.87
20.4302 4058.76
20.4312 4058.64
20.4322 4058.53
20.4332 4058.42
20.4342 4058.31
20.4352 4058.2
20.4362 4058.09
20.4372 4057.98
20.4382 4057.87
20.4392 4057.76
20.4402 4057.65
20.4412 4057.54
20.4422 4057.43
20.4432 4057.32
20.4442 4057.21
20.4452 4057.1
20.4462 4056.99
20.4472 4056.88
20.4482 4056.77
20.4492 4056.66
20.4502 4056.55
20.4512 4056.44
20.4522 4056.32
20.4532 4056.21
20.4542 4056.1
20.4552 4055.99
20.4562 4055.88
20.4572 4055.77
20.4582 4055.66
20.4592 4055.55
20.4602 4055.44
20.4612 4055.33
20.4622 4055.22
20.4632 4055.11
20.4642 4055
20.4652 4054.89
20.4662 4054.78
20.4672 4054.67
20.4682 4054.56
20.4692 4054.45
20.4702 4054.34
20.4712 4054.23
20.4722 4054.12
20.4732 4054.01
20.4742 4053.9
20.4752 4053.79
20.4762 4053.68
20.4772 4053.56
20.4782 4053.45
20.4792 4053.34
20.4802 4053.23
20.4812 4053.12
20.4822 4053.01
20.4832 4052.9
20.4842 4052.79
20.4852 4052.68
20.4862 4052.57
20.4872 4052.46
20.4882 4052.35
20.4892 4052.24
20.4902 4052.13
20.4912 4052.02
20.4922 4051.91
20.4932 4051.8
20.4942 4051.69
20.4952 4051.58
20.4962 4051.47
20.4972 4051.36
20.4982 4051.25
20.4992 4051.14
20.5002 4051.03
20.5012 4050.92
20.5022 4050.81
20.5032 4050.7
20.5042 4050.59
20.5052 4050.47
20.5062 4050.36
20.5072 4050.25
20.5082 4050.14
20.5092 4050.03
20.5102 4049.92
20.5112 4049.81
20.5122 4049.7
20.5132 4049.59
20.5142 4049.48
20.5152 4049.37
20.5162 4049.26
20.5172 4049.15
20.5182 4049.04
20.5192 4048.93
20.5202 4048.82
20.5212 4048.71
20.5222 4048.6
20.5232 4048.49
20.5242 4048.38
20.5252 4048.27
20.5262 4048.16
20.5272 4048.05
20.5282 4047.94
20.5292 4047.83
20.5302 4047.72
20.5312 4047.61
20.5322 4047.5
20.5332 4047.39
20.5342 4047.28
20.5352 4047.17
20.5362 4047.06
20.5372 4046.95
20.5382 4046.84
20.5392 4046.73
20.5402 4046.62
20.5412 4046.5
20.5422 4046.39
20.5432 4046.28
20.5442 4046.17
20.5452 4046.06
20.5462 4045.95
20.5472 4045.84
20.5482 4045.73
20.5492 4045.62
20.5502 4045.51
20.5512 4045.4
20.5522 4045.29
20.5532 4045.18
20.5542 4045.07
20.5552 4044.96
20.5562 4044.85
20.5572 4044.74
20.5582 4044.63
20.5592 4044.52
20.5602 4044.41
20.5612 4044.3
20.5622 4044.19
20.5632 4044.08
20.5642 4043.97
20.5652 4043.86
20.5662 4043.75
20.5672 4043.64
20.5682 4043.53
20.5692 4043.42
20.5702 4043.31
20.5712 4043.2
20.5722 4043.09
20.5732 4042.98
20.5742 4042.87
20.5752 4042.76
20.5762 4042.65
20.5772 4042.54
20.5782 4042.43
20.5792 4042.32
20.5802 4042.21
20.5812 4042.1
20.5822 4041.99
20.5832 4041.88
20.5842 4041.77
20.5852 4041.66
20.5862 4041.55
20.5872 4041.44
20.5882 4041.33
20.5892 4041.22
20.5902 4041.11
20.5912 4041
20.5922 4040.89
20.5932 4040.78
20.5942 4040.67
20.5952 4040.56
20.5962 4040.45
20.5972 4040.34
20.5982 4040.23
20.5992 4040.12
20.6002 4040.01
20.6012 4039.9
20.6022 4039.78
20.6032 4039.67
20.6042 4039.56
20.6052 4039.45
20.6062 4039.34
20.6072 4039.23
20.6082 4039.12
20.6092 4039.01
20.6102 4038.9
20.6112 4038.79
20.6122 4038.68
20.6132 4038.57
20.6142 4038.46
20.6152 4038.35
20.6162 4038.24
20.6172 4038.13
20.6182 4038.02
20.6192 4037.91
20.6202 4037.8
20.6212 4037.69
20.6222 4037.58
20.6232 4037.47
20.6242 4037.36
20.6252 4037.25
20.6262 4037.14
20.6272 4037.03
20.6282 4036.92
20.6292 4036.81
20.6302 4036.7
20.6312 4036.59
20.6322 4036.48
20.6332 4036.37
20.6342 4036.26
20.6352 4036.15
20.6362 4036.04
20.6372 4035.93
20.6382 4035.82
20.6392 4035.71
20.6402 4035.6
20.6412 4035.49
20.6422 4035.38
20.6432 4035.27
20.6442 4035.16
20.6452 4035.05
20.6462 4034.94
20.6472 4034.83
20.6482 4034.72
20.6492 4034.61
20.6502 4034.5
20.6512 4034.39
20.6522 4034.28
20.6532 4034.17
20.6542 4034.06
20.6552 4033.95
20.6562 4033.84
20.6572 4033.73
20.6582 4033.62
20.6592 4033.51
20.6602 4033.4
20.6612 4033.29
20.6622 4033.18
20.6632 4033.07
20.6642 4032.96
20.6652 4032.85
20.6662 4032.74
20.6672 4032.63
20.6682 4032.52
20.6692 4032.41
20.6702 4032.3
20.6712 4032.19
20.6722 4032.08
20.6732 4031.97
20.6742 4031.86
20.6752 4031.75
20.6762 4031.64
20.6772 4031.53
20.6782 4031.42
20.6792 4031.31
20.6802 4031.2
20.6812 4031.09
20.6822 4030.98
20.6832 4030.88
20.6842 4030.77
20.6852 4030.66
20.6862 4030.55
20.6872 4030.44
20.6882 4030.33
20.6892 4030.22
20.6902 4030.11
20.6912 4030
20.6922 4029.89
20.6932 4029.78
20.6942 4029.67
20.6952 4029.56
20.6962 4029.45
20.6972 4029.34
20.6982 4029.23
20.6992 4029.12
20.7002 4029.01
20.7012 4028.9
20.7022 4028.79
20.7032 4028.68
20.7042 4028.57
20.7052 4028.46
20.7062 4028.35
20.7072 4028.24
20.7082 4028.13
20.7092 4028.02
20.7102 4027.91
20.7112 4027.8
20.7122 4027.69
20.7132 4027.58
20.7142 4027.47
20.7152 4027.36
20.7162 4027.25
20.7172 4027.14
20.7182 4027.03
20.7192 4026.92
20.7202 4026.81
20.7212 4026.7
20.7222 4026.59
20.7232 4026.48
20.7242 4026.37
20.7252 4026.26
20.7262 4026.15
20.7272 4026.04
20.7282 4025.93
20.7292 4025.82
20.7302 4025.71
20.7312 4025.6
20.7322 4025.49
20.7332 4025.38
20.7342 4025.27
20.7352 4025.16
20.7362 4025.05
20.7372 4024.94
20.7382 4024.83
20.7392 4024.72
20.7402 4024.61
20.7412 4024.5
20.7422 4024.39
20.7432 4024.29
20.7442 4024.18
20.7452 4024.07
20.7462 4023.96
20.7472 4023.85
20.7482 4023.74
20.7492 4023.63
20.7502 4023.52
20.7512 4023.41
20.7522 4023.3
20.7532 4023.19
20.7542 4023.08
20.7552 4022.97
20.7562 4022.86
20.7572 4022.75
20.7582 4022.64
20.7592 4022.53
20.7602 4022.42
20.7612 4022.31
20.7622 4022.2
20.7632 4022.09
20.7642 4021.98
20.7652 4021.87
20.7662 4021.76
20.7672 4021.65
20.7682 4021.54
20.7692 4021.43
20.7702 4021.32
20.7712 4021.21
20.7722 4021.1
20.7732 4020.99
20.7742 4020.88
20.7752 4020.77
20.7762 4020.66
20.7772 4020.55
20.7782 4020.44
20.7792 4020.34
20.7802 4020.23
20.7812 4020.12
20.7822 4020.01
20.7832 4019.9
20.7842 4019.79
20.7852 4019.68
20.7862 4019.57
20.7872 4019.46
20.7882 4019.35
20.7892 4019.24
20.7902 4019.13
20.7912 4019.02
20.7922 4018.91
20.7932 4018.8
20.7942 4018.69
20.7952 4018.58
20.7962 4018.47
20.7972 4018.36
20.7982 4018.25
20.7992 4018.14
20.8002 4018.03
20.8012 4017.92
20.8022 4017.81
20.8032 4017.7
20.8042 4017.59
20.8052 4017.48
20.8062 4017.37
20.8072 4017.27
20.8082 4017.16
20.8092 4017.05
20.8102 4016.94
20.8112 4016.83
20.8122 4016.72
20.8132 4016.61
20.8142 4016.5
20.8152 4016.39
20.8162 4016.28
20.8172 4016.17
20.8182 4016.06
20.8192 4015.95
20.8202 4015.84
20.8212 4015.73
20.8222 4015.62
20.8232 4015.51
20.8242 4015.4
20.8252 4015.29
20.8262 4015.18
20.8272 4015.07
20.8282 4014.96
20.8292 4014.85
20.8302 4014.74
20.8312 4014.64
20.8322 4014.53
20.8332 4014.42
20.8342 4014.31
20.8352 4014.2
20.8362 4014.09
20.8372 4013.98
20.8382 4013.87
20.8392 4013.76
20.8402 4013.65
20.8412 4013.54
20.8422 4013.43
20.8432 4013.32
20.8442 4013.21
20.8452 4013.1
20.8462 4012.99
20.8472 4012.88
20.8482 4012.77
20.8492 4012.66
20.8502 4012.55
20.8512 4012.44
20.8522 4012.33
20.8532 4012.23
20.8542 4012.12
20.8552 4012.01
20.8562 4011.9
20.8572 4011.79
20.8582 4011.68
20.8592 4011.57
20.8602 4011.46
20.8612 4011.35
20.8622 4011.24
20.8632 4011.13
20.8642 4011.02
20.8652 4010.91
20.8662 4010.8
20.8672 4010.69
20.8682 4010.58
20.8692 4010.47
20.8702 4010.36
20.8712 4010.25
20.8722 4010.15
20.8732 4010.04
20.8742 4009.93
20.8752 4009.82
20.8762 4009.71
20.8772 4009.6
20.8782 4009.49
20.8792 4009.38
20.8802 4009.27
20.8812 4009.16
20.8822 4009.05
20.8832 4008.94
20.8842 4008.83
20.8852 4008.72
20.8862 4008.61
20.8872 4008.5
20.8882 4008.39
20.8892 4008.28
20.8902 4008.18
20.8912 4008.07
20.8922 4007.96
20.8932 4007.85
20.8942 4007.74
20.8952 4007.63
20.8962 4007.52
20.8972 4007.41
20.8982 4007.3
20.8992 4007.19
20.9002 4007.08
20.9012 4006.97
20.9022 4006.86
20.9032 4006.75
20.9042 4006.64
20.9052 4006.53
20.9062 4006.43
20.9072 4006.32
20.9082 4006.21
20.9092 4006.1
20.9102 4005.99
20.9112 4005.88
20.9122 4005.77
20.9132 4005.66
20.9142 4005.55
20.9152 4005.44
20.9162 4005.33
20.9172 4005.22
20.9182 4005.11
20.9192 4005
20.9202 4004.89
20.9212 4004.78
20.9222 4004.68
20.9232 4004.57
20.9242 4004.46
20.9252 4004.35
20.9262 4004.24
20.9272 4004.13
20.9282 4004.02
20.9292 4003.91
20.9302 4003.8
20.9312 4003.69
20.9322 4003.58
20.9332 4003.47
20.9342 4003.36
20.9352 4003.25
20.9362 4003.14
20.9372 4003.04
20.9382 4002.93
20.9392 4002.82
20.9402 4002.71
20.9412 4002.6
20.9422 4002.49
20.9432 4002.38
20.9442 4002.27
20.9452 4002.16
20.9462 4002.05
20.9472 4001.94
20.9482 4001.83
20.9492 4001.72
20.9502 4001.61
20.9512 4001.51
20.9522 4001.4
20.9532 4001.29
20.9542 4001.18
20.9552 4001.07
20.9562 4000.96
20.9572 4000.85
20.9582 4000.74
20.9592 4000.63
20.9602 4000.52
20.9612 4000.41
20.9622 4000.3
20.9632 4000.19
20.9642 4000.09
20.9652 3999.98
20.9662 3999.87
20.9672 3999.76
20.9682 3999.65
20.9692 3999.54
20.9702 3999.43
20.9712 3999.32
20.9722 3999.21
20.9732 3999.1
20.9742 3998.99
20.9752 3998.88
20.9762 3998.77
20.9772 3998.67
20.9782 3998.56
20.9792 3998.45
20.9802 3998.34
20.9812 3998.23
20.9822 3998.12
20.9832 3998.01
20.9842 3997.9
20.9852 3997.79
20.9862 3997.68
20.9872 3997.57
20.9882 3997.46
20.9892 3997.35
20.9902 3997.25
20.9912 3997.14
20.9922 3997.03
20.9932 3996.92
20.9942 3996.81
20.9952 3996.7
20.9962 3996.59
20.9972 3996.48
20.9982 3996.37
20.9992 3996.26
21.0002 3996.15
21.0012 3996.04
21.0022 3995.94
21.0032 3995.83
21.0042 3995.72
21.0052 3995.61
21.0062 3995.5
21.0072 3995.39
21.0082 3995.28
21.0092 3995.17
21.0102 3995.06
21.0112 3994.95
21.0122 3994.84
21.0132 3994.74
21.0142 3994.63
21.0152 3994.52
21.0162 3994.41
21.0172 3994.3
21.0182 3994.19
21.0192 3994.08
21.0202 3993.97
21.0212 3993.86
21.0222 3993.75
21.0232 3993.64
21.0242 3993.53
21.0252 3993.43
21.0262 3993.32
21.0272 3993.21
21.0282 3993.1
21.0292 3992.99
21.0302 3992.88
21.0312 3992.77
21.0322 3992.66
21.0332 3992.55
21.0342 3992.44
21.0352 3992.33
21.0362 3992.23
21.0372 3992.12
21.0382 3992.01
21.0392 3991.9
21.0402 3991.79
21.0412 3991.68
21.0422 3991.57
21.0432 3991.46
21.0442 3991.35
21.0452 3991.24
21.0462 3991.14
21.0472 3991.03
21.0482 3990.92
21.0492 3990.81
21.0502 3990.7
21.0512 3990.59
21.0522 3990.48
21.0532 3990.37
21.0542 3990.26
21.0552 3990.15
21.0562 3990.04
21.0572 3989.94
21.0582 3989.83
21.0592 3989.72
21.0602 3989.61
21.0612 3989.5
21.0622 3989.39
21.0632 3989.28
21.0642 3989.17
21.0652 3989.06
21.0662 3988.95
21.0672 3988.85
21.0682 3988.74
21.0692 3988.63
21.0702 3988.52
21.0712 3988.41
21.0722 3988.3
21.0732 3988.19
21.0742 3988.08
21.0752 3987.97
21.0762 3987.87
21.0772 3987.76
21.0782 3987.65
21.0792 3987.54
21.0802 3987.43
21.0812 3987.32
21.0822 3987.21
21.0832 3987.1
21.0842 3986.99
21.0852 3986.88
21.0862 3986.78
21.0872 3986.67
21.0882 3986.56
21.0892 3986.45
21.0902 3986.34
21.0912 3986.23
21.0922 3986.12
21.0932 3986.01
21.0942 3985.9
21.0952 3985.79
21.0962 3985.69
21.0972 3985.58
21.0982 3985.47
21.0992 3985.36
21.1002 3985.25
21.1012 3985.14
21.1022 3985.03
21.1032 3984.92
21.1042 3984.81
21.1052 3984.71
21.1062 3984.6
21.1072 3984.49
21.1082 3984.38
21.1092 3984.27
21.1102 3984.16
21.1112 3984.05
21.1122 3983.94
21.1132 3983.83
21.1142 3983.73
21.1152 3983.62
21.1162 3983.51
21.1172 3983.4
21.1182 3983.29
21.1192 3983.18
21.1202 3983.07
21.1212 3982.96
21.1222 3982.85
21.1232 3982.75
21.1242 3982.64
21.1252 3982.53
21.1262 3982.42
21.1272 3982.31
21.1282 3982.2
21.1292 3982.09
21.1302 3981.98
21.1312 3981.87
21.1322 3981.77
21.1332 3981.66
21.1342 3981.55
21.1352 3981.44
21.1362 3981.33
21.1372 3981.22
21.1382 3981.11
21.1392 3981
21.1402 3980.9
21.1412 3980.79
21.1422 3980.68
21.1432 3980.57
21.1442 3980.46
21.1452 3980.35
21.1462 3980.24
21.1472 3980.13
21.1482 3980.02
21.1492 3979.92
21.1502 3979.81
21.1512 3979.7
21.1522 3979.59
21.1532 3979.48
21.1542 3979.37
21.1552 3979.26
21.1562 3979.15
21.1572 3979.05
21.1582 3978.94
21.1592 3978.83
21.1602 3978.72
21.1612 3978.61
21.1622 3978.5
21.1632 3978.39
21.1642 3978.28
21.1652 3978.18
21.1662 3978.07
21.1672 3977.96
21.1682 3977.85
21.1692 3977.74
21.1702 3977.63
21.1712 3977.52
21.1722 3977.41
21.1732 3977.31
21.1742 3977.2
21.1752 3977.09
21.1762 3976.98
21.1772 3976.87
21.1782 3976.76
21.1792 3976.65
21.1802 3976.54
21.1812 3976.44
21.1822 3976.33
21.1832 3976.22
21.1842 3976.11
21.1852 3976
21.1862 3975.89
21.1872 3975.78
21.1882 3975.67
21.1892 3975.57
21.1902 3975.46
21.1912 3975.35
21.1922 3975.24
21.1932 3975.13
21.1942 3975.02
21.1952 3974.91
21.1962 3974.81
21.1972 3974.7
21.1982 3974.59
21.1992 3974.48
21.2002 3974.37
21.2012 3974.26
21.2022 3974.15
21.2032 3974.04
21.2042 3973.94
21.2052 3973.83
21.2062 3973.72
21.2072 3973.61
21.2082 3973.5
21.2092 3973.39
21.2102 3973.28
21.2112 3973.18
21.2122 3973.07
21.2132 3972.96
21.2142 3972.85
21.2152 3972.74
21.2162 3972.63
21.2172 3972.52
21.2182 3972.41
21.2192 3972.31
21.2202 3972.2
21.2212 3972.09
21.2222 3971.98
21.2232 3971.87
21.2242 3971.76
21.2252 3971.65
21.2262 3971.55
21.2272 3971.44
21.2282 3971.33
21.2292 3971.22
21.2302 3971.11
21.2312 3971
21.2322 3970.89
21.2332 3970.79
21.2342 3970.68
21.2352 3970.57
21.2362 3970.46
21.2372 3970.35
21.2382 3970.24
21.2392 3970.13
21.2402 3970.03
21.2412 3969.92
21.2422 3969.81
21.2432 3969.7
21.2442 3969.59
21.2452 3969.48
21.2462 3969.37
21.2472 3969.27
21.2482 3969.16
21.2492 3969.05
21.2502 3968.94
21.2512 3968.83
21.2522 3968.72
21.2532 3968.61
21.2542 3968.51
21.2552 3968.4
21.2562 3968.29
21.2572 3968.18
21.2582 3968.07
21.2592 3967.96
21.2602 3967.85
21.2612 3967.75
21.2622 3967.64
21.2632 3967.53
21.2642 3967.42
21.2652 3967.31
21.2662 3967.2
21.2672 3967.09
21.2682 3966.99
21.2692 3966.88
21.2702 3966.77
21.2712 3966.66
21.2722 3966.55
21.2732 3966.44
21.2742 3966.33
21.2752 3966.23
21.2762 3966.12
21.2772 3966.01
21.2782 3965.9
21.2792 3965.79
21.2802 3965.68
21.2812 3965.58
21.2822 3965.47
21.2832 3965.36
21.2842 3965.25
21.2852 3965.14
21.2862 3965.03
21.2872 3964.92
21.2882 3964.82
21.2892 3964.71
21.2902 3964.6
21.2912 3964.49
21.2922 3964.38
21.2932 3964.27
21.2942 3964.17
21.2952 3964.06
21.2962 3963.95
21.2972 3963.84
21.2982 3963.73
21.2992 3963.62
21.3002 3963.51
21.3012 3963.41
21.3022 3963.3
21.3032 3963.19
21.3042 3963.08
21.3052 3962.97
21.3062 3962.86
21.3072 3962.76
21.3082 3962.65
21.3092 3962.54
21.3102 3962.43
21.3112 3962.32
21.3122 3962.21
21.3132 3962.11
21.3142 3962
21.3152 3961.89
21.3162 3961.78
21.3172 3961.67
21.3182 3961.56
21.3192 3961.45
21.3202 3961.35
21.3212 3961.24
21.3222 3961.13
21.3232 3961.02
21.3242 3960.91
21.3252 3960.8
21.3262 3960.7
21.3272 3960.59
21.3282 3960.48
21.3292 3960.37
21.3302 3960.26
21.3312 3960.15
21.3322 3960.05
21.3332 3959.94
21.3342 3959.83
21.3352 3959.72
21.3362 3959.61
21.3372 3959.5
21.3382 3959.4
21.3392 3959.29
21.3402 3959.18
21.3412 3959.07
21.3422 3958.96
21.3432 3958.85
21.3442 3958.75
21.3452 3958.64
21.3462 3958.53
21.3472 3958.42
21.3482 3958.31
21.3492 3958.2
21.3502 3958.1
21.3512 3957.99
21.3522 3957.88
21.3532 3957.77
21.3542 3957.66
21.3552 3957.55
21.3562 3957.45
21.3572 3957.34
21.3582 3957.23
21.3592 3957.12
21.3602 3957.01
21.3612 3956.9
21.3622 3956.8
21.3632 3956.69
21.3642 3956.58
21.3652 3956.47
21.3662 3956.36
21.3672 3956.25
21.3682 3956.15
21.3692 3956.04
21.3702 3955.93
21.3712 3955.82
21.3722 3955.71
21.3732 3955.6
21.3742 3955.5
21.3752 3955.39
21.3762 3955.28
21.3772 3955.17
21.3782 3955.06
21.3792 3954.96
21.3802 3954.85
21.3812 3954.74
21.3822 3954.63
21.3832 3954.52
21.3842 3954.41
21.3852 3954.31
21.3862 3954.2
21.3872 3954.09
21.3882 3953.98
21.3892 3953.87
21.3902 3953.76
21.3912 3953.66
21.3922 3953.55
21.3932 3953.44
21.3942 3953.33
21.3952 3953.22
21.3962 3953.12
21.3972 3953.01
21.3982 3952.9
21.3992 3952.79
21.4002 3952.68
21.4012 3952.57
21.4022 3952.47
21.4032 3952.36
21.4042 3952.25
21.4052 3952.14
21.4062 3952.03
21.4072 3951.93
21.4082 3951.82
21.4092 3951.71
21.4102 3951.6
21.4112 3951.49
21.4122 3951.38
21.4132 3951.28
21.4142 3951.17
21.4152 3951.06
21.4162 3950.95
21.4172 3950.84
21.4182 3950.74
21.4192 3950.63
21.4202 3950.52
21.4212 3950.41
21.4222 3950.3
21.4232 3950.19
21.4242 3950.09
21.4252 3949.98
21.4262 3949.87
21.4272 3949.76
21.4282 3949.65
21.4292 3949.55
21.4302 3949.44
21.4312 3949.33
21.4322 3949.22
21.4332 3949.11
21.4342 3949.01
21.4352 3948.9
21.4362 3948.79
21.4372 3948.68
21.4382 3948.57
21.4392 3948.46
21.4402 3948.36
21.4412 3948.25
21.4422 3948.14
21.4432 3948.03
21.4442 3947.92
21.4452 3947.82
21.4462 3947.71
21.4472 3947.6
21.4482 3947.49
21.4492 3947.38
21.4502 3947.28
21.4512 3947.17
21.4522 3947.06
21.4532 3946.95
21.4542 3946.84
21.4552 3946.74
21.4562 3946.63
21.4572 3946.52
21.4582 3946.41
21.4592 3946.3
21.4602 3946.2
21.4612 3946.09
21.4622 3945.98
21.4632 3945.87
21.4642 3945.76
21.4652 3945.65
21.4662 3945.55
21.4672 3945.44
21.4682 3945.33
21.4692 3945.22
21.4702 3945.11
21.4712 3945.01
21.4722 3944.9
21.4732 3944.79
21.4742 3944.68
21.4752 3944.57
21.4762 3944.47
21.4772 3944.36
21.4782 3944.25
21.4792 3944.14
21.4802 3944.03
21.4812 3943.93
21.4822 3943.82
21.4832 3943.71
21.4842 3943.6
21.4852 3943.49
21.4862 3943.39
21.4872 3943.28
21.4882 3943.17
21.4892 3943.06
21.4902 3942.95
21.4912 3942.85
21.4922 3942.74
21.4932 3942.63
21.4942 3942.52
21.4952 3942.41
21.4962 3942.31
21.4972 3942.2
21.4982 3942.09
21.4992 3941.98
21.5002 3941.87
21.5012 3941.77
21.5022 3941.66
21.5032 3941.55
21.5042 3941.44
21.5052 3941.34
21.5062 3941.23
21.5072 3941.12
21.5082 3941.01
21.5092 3940.9
21.5102 3940.8
21.5112 3940.69
21.5122 3940.58
21.5132 3940.47
21.5142 3940.36
21.5152 3940.26
21.5162 3940.15
21.5172 3940.04
21.5182 3939.93
21.5192 3939.82
21.5202 3939.72
21.5212 3939.61
21.5222 3939.5
21.5232 3939.39
21.5242 3939.28
21.5252 3939.18
21.5262 3939.07
21.5272 3938.96
21.5282 3938.85
21.5292 3938.75
21.5302 3938.64
21.5312 3938.53
21.5322 3938.42
21.5332 3938.31
21.5342 3938.21
21.5352 3938.1
21.5362 3937.99
21.5372 3937.88
21.5382 3937.77
21.5392 3937.67
21.5402 3937.56
21.5412 3937.45
21.5422 3937.34
21.5432 3937.24
21.5442 3937.13
21.5452 3937.02
21.5462 3936.91
21.5472 3936.8
21.5482 3936.7
21.5492 3936.59
21.5502 3936.48
21.5512 3936.37
21.5522 3936.26
21.5532 3936.16
21.5542 3936.05
21.5552 3935.94
21.5562 3935.83
21.5572 3935.73
21.5582 3935.62
21.5592 3935.51
21.5602 3935.4
21.5612 3935.29
21.5622 3935.19
21.5632 3935.08
21.5642 3934.97
21.5652 3934.86
21.5662 3934.76
21.5672 3934.65
21.5682 3934.54
21.5692 3934.43
21.5702 3934.32
21.5712 3934.22
21.5722 3934.11
21.5732 3934
21.5742 3933.89
21.5752 3933.78
21.5762 3933.68
21.5772 3933.57
21.5782 3933.46
21.5792 3933.35
21.5802 3933.25
21.5812 3933.14
21.5822 3933.03
21.5832 3932.92
21.5842 3932.82
21.5852 3932.71
21.5862 3932.6
21.5872 3932.49
21.5882 3932.38
21.5892 3932.28
21.5902 3932.17
21.5912 3932.06
21.5922 3931.95
21.5932 3931.85
21.5942 3931.74
21.5952 3931.63
21.5962 3931.52
21.5972 3931.41
21.5982 3931.31
21.5992 3931.2
21.6002 3931.09
21.6012 3930.98
21.6022 3930.88
21.6032 3930.77
21.6042 3930.66
21.6052 3930.55
21.6062 3930.45
21.6072 3930.34
21.6082 3930.23
21.6092 3930.12
21.6102 3930.01
21.6112 3929.91
21.6122 3929.8
21.6132 3929.69
21.6142 3929.58
21.6152 3929.48
21.6162 3929.37
21.6172 3929.26
21.6182 3929.15
21.6192 3929.05
21.6202 3928.94
21.6212 3928.83
21.6222 3928.72
21.6232 3928.61
21.6242 3928.51
21.6252 3928.4
21.6262 3928.29
21.6272 3928.18
21.6282 3928.08
21.6292 3927.97
21.6302 3927.86
21.6312 3927.75
21.6322 3927.65
21.6332 3927.54
21.6342 3927.43
21.6352 3927.32
21.6362 3927.22
21.6372 3927.11
21.6382 3927
21.6392 3926.89
21.6402 3926.78
21.6412 3926.68
21.6422 3926.57
21.6432 3926.46
21.6442 3926.35
21.6452 3926.25
21.6462 3926.14
21.6472 3926.03
21.6482 3925.92
21.6492 3925.82
21.6502 3925.71
21.6512 3925.6
21.6522 3925.49
21.6532 3925.39
21.6542 3925.28
21.6552 3925.17
21.6562 3925.06
21.6572 3924.96
21.6582 3924.85
21.6592 3924.74
21.6602 3924.63
21.6612 3924.53
21.6622 3924.42
21.6632 3924.31
21.6642 3924.2
21.6652 3924.1
21.6662 3923.99
21.6672 3923.88
21.6682 3923.77
21.6692 3923.66
21.6702 3923.56
21.6712 3923.45
21.6722 3923.34
21.6732 3923.23
21.6742 3923.13
21.6752 3923.02
21.6762 3922.91
21.6772 3922.8
21.6782 3922.7
21.6792 3922.59
21.6802 3922.48
21.6812 3922.37
21.6822 3922.27
21.6832 3922.16
21.6842 3922.05
21.6852 3921.94
21.6862 3921.84
21.6872 3921.73
21.6882 3921.62
21.6892 3921.51
21.6902 3921.41
21.6912 3921.3
21.6922 3921.19
21.6932 3921.08
21.6942 3920.98
21.6952 3920.87
21.6962 3920.76
21.6972 3920.65
21.6982 3920.55
21.6992 3920.44
21.7002 3920.33
21.7012 3920.22
21.7022 3920.12
21.7032 3920.01
21.7042 3919.9
21.7052 3919.79
21.7062 3919.69
21.7072 3919.58
21.7082 3919.47
21.7092 3919.36
21.7102 3919.26
21.7112 3919.15
21.7122 3919.04
21.7132 3918.94
21.7142 3918.83
21.7152 3918.72
21.7162 3918.61
21.7172 3918.51
21.7182 3918.4
21.7192 3918.29
21.7202 3918.18
21.7212 3918.08
21.7222 3917.97
21.7232 3917.86
21.7242 3917.75
21.7252 3917.65
21.7262 3917.54
21.7272 3917.43
21.7282 3917.32
21.7292 3917.22
21.7302 3917.11
21.7312 3917
21.7322 3916.89
21.7332 3916.79
21.7342 3916.68
21.7352 3916.57
21.7362 3916.46
21.7372 3916.36
21.7382 3916.25
21.7392 3916.14
21.7402 3916.04
21.7412 3915.93
21.7422 3915.82
21.7432 3915.71
21.7442 3915.61
21.7452 3915.5
21.7462 3915.39
21.7472 3915.28
21.7482 3915.18
21.7492 3915.07
21.7502 3914.96
21.7512 3914.85
21.7522 3914.75
21.7532 3914.64
21.7542 3914.53
21.7552 3914.42
21.7562 3914.32
21.7572 3914.21
21.7582 3914.1
21.7592 3914
21.7602 3913.89
21.7612 3913.78
21.7622 3913.67
21.7632 3913.57
21.7642 3913.46
21.7652 3913.35
21.7662 3913.24
21.7672 3913.14
21.7682 3913.03
21.7692 3912.92
21.7702 3912.82
21.7712 3912.71
21.7722 3912.6
21.7732 3912.49
21.7742 3912.39
21.7752 3912.28
21.7762 3912.17
21.7772 3912.06
21.7782 3911.96
21.7792 3911.85
21.7802 3911.74
21.7812 3911.63
21.7822 3911.53
21.7832 3911.42
21.7842 3911.31
21.7852 3911.21
21.7862 3911.1
21.7872 3910.99
21.7882 3910.88
21.7892 3910.78
21.7902 3910.67
21.7912 3910.56
21.7922 3910.46
21.7932 3910.35
21.7942 3910.24
21.7952 3910.13
21.7962 3910.03
21.7972 3909.92
21.7982 3909.81
21.7992 3909.7
21.8002 3909.6
21.8012 3909.49
21.8022 3909.38
21.8032 3909.28
21.8042 3909.17
21.8052 3909.06
21.8062 3908.95
21.8072 3908.85
21.8082 3908.74
21.8092 3908.63
21.8102 3908.53
21.8112 3908.42
21.8122 3908.31
21.8132 3908.2
21.8142 3908.1
21.8152 3907.99
21.8162 3907.88
21.8172 3907.77
21.8182 3907.67
21.8192 3907.56
21.8202 3907.45
21.8212 3907.35
21.8222 3907.24
21.8232 3907.13
21.8242 3907.02
21.8252 3906.92
21.8262 3906.81
21.8272 3906.7
21.8282 3906.6
21.8292 3906.49
21.8302 3906.38
21.8312 3906.27
21.8322 3906.17
21.8332 3906.06
21.8342 3905.95
21.8352 3905.85
21.8362 3905.74
21.8372 3905.63
21.8382 3905.52
21.8392 3905.42
21.8402 3905.31
21.8412 3905.2
21.8422 3905.1
21.8432 3904.99
21.8442 3904.88
21.8452 3904.77
21.8462 3904.67
21.8472 3904.56
21.8482 3904.45
21.8492 3904.35
21.8502 3904.24
21.8512 3904.13
21.8522 3904.02
21.8532 3903.92
21.8542 3903.81
21.8552 3903.7
21.8562 3903.6
21.8572 3903.49
21.8582 3903.38
21.8592 3903.28
21.8602 3903.17
21.8612 3903.06
21.8622 3902.95
21.8632 3902.85
21.8642 3902.74
21.8652 3902.63
21.8662 3902.53
21.8672 3902.42
21.8682 3902.31
21.8692 3902.2
21.8702 3902.1
21.8712 3901.99
21.8722 3901.88
21.8732 3901.78
21.8742 3901.67
21.8752 3901.56
21.8762 3901.46
21.8772 3901.35
21.8782 3901.24
21.8792 3901.13
21.8802 3901.03
21.8812 3900.92
21.8822 3900.81
21.8832 3900.71
21.8842 3900.6
21.8852 3900.49
21.8862 3900.38
21.8872 3900.28
21.8882 3900.17
21.8892 3900.06
21.8902 3899.96
21.8912 3899.85
21.8922 3899.74
21.8932 3899.64
21.8942 3899.53
21.8952 3899.42
21.8962 3899.31
21.8972 3899.21
21.8982 3899.1
21.8992 3898.99
21.9002 3898.89
21.9012 3898.78
21.9022 3898.67
21.9032 3898.57
21.9042 3898.46
21.9052 3898.35
21.9062 3898.24
21.9072 3898.14
21.9082 3898.03
21.9092 3897.92
21.9102 3897.82
21.9112 3897.71
21.9122 3897.6
21.9132 3897.5
21.9142 3897.39
21.9152 3897.28
21.9162 3897.18
21.9172 3897.07
21.9182 3896.96
21.9192 3896.85
21.9202 3896.75
21.9212 3896.64
21.9222 3896.53
21.9232 3896.43
21.9242 3896.32
21.9252 3896.21
21.9262 3896.11
21.9272 3896
21.9282 3895.89
21.9292 3895.79
21.9302 3895.68
21.9312 3895.57
21.9322 3895.46
21.9332 3895.36
21.9342 3895.25
21.9352 3895.14
21.9362 3895.04
21.9372 3894.93
21.9382 3894.82
21.9392 3894.72
21.9402 3894.61
21.9412 3894.5
21.9422 3894.4
21.9432 3894.29
21.9442 3894.18
21.9452 3894.08
21.9462 3893.97
21.9472 3893.86
21.9482 3893.75
21.9492 3893.65
21.9502 3893.54
21.9512 3893.43
21.9522 3893.33
21.9532 3893.22
21.9542 3893.11
21.9552 3893.01
21.9562 3892.9
21.9572 3892.79
21.9582 3892.69
21.9592 3892.58
21.9602 3892.47
21.9612 3892.37
21.9622 3892.26
21.9632 3892.15
21.9642 3892.05
21.9652 3891.94
21.9662 3891.83
21.9672 3891.72
21.9682 3891.62
21.9692 3891.51
21.9702 3891.4
21.9712 3891.3
21.9722 3891.19
21.9732 3891.08
21.9742 3890.98
21.9752 3890.87
21.9762 3890.76
21.9772 3890.66
21.9782 3890.55
21.9792 3890.44
21.9802 3890.34
21.9812 3890.23
21.9822 3890.12
21.9832 3890.02
21.9842 3889.91
21.9852 3889.8
21.9862 3889.7
21.9872 3889.59
21.9882 3889.48
21.9892 3889.38
21.9902 3889.27
21.9912 3889.16
21.9922 3889.05
21.9932 3888.95
21.9942 3888.84
21.9952 3888.73
21.9962 3888.63
21.9972 3888.52
21.9982 3888.41
21.9992 3888.31
22.0002 3888.2
22.0012 3888.18
22.0022 3888.15
22.0032 3888.12
22.0042 3888.1
22.0052 3888.07
22.0062 3888.05
22.0072 3888.02
22.0082 3888
22.0092 3887.97
22.0102 3887.94
22.0112 3887.92
22.0122 3887.89
22.0132 3887.87
22.0142 3887.84
22.0152 3887.82
22.0162 3887.79
22.0172 3887.76
22.0182 3887.74
22.0192 3887.71
22.0202 3887.69
22.0212 3887.66
22.0222 3887.63
22.0232 3887.61
22.0242 3887.58
22.0252 3887.56
22.0262 3887.53
22.0272 3887.51
22.0282 3887.48
22.0292 3887.45
22.0302 3887.43
22.0312 3887.4
22.0322 3887.38
22.0332 3887.35
22.0342 3887.33
22.0352 3887.3
22.0362 3887.27
22.0372 3887.25
22.0382 3887.22
22.0392 3887.2
22.0402 3887.17
22.0412 3887.14
22.0422 3887.12
22.0432 3887.09
22.0442 3887.07
22.0452 3887.04
22.0462 3887.02
22.0472 3886.99
22.0482 3886.96
22.0492 3886.94
22.0502 3886.91
22.0512 3886.89
22.0522 3886.86
22.0532 3886.83
22.0542 3886.81
22.0552 3886.78
22.0562 3886.76
22.0572 3886.73
22.0582 3886.7
22.0592 3886.68
22.0602 3886.65
22.0612 3886.63
22.0622 3886.6
22.0632 3886.58
22.0642 3886.55
22.0652 3886.52
22.0662 3886.5
22.0672 3886.47
22.0682 3886.45
22.0692 3886.42
22.0702 3886.39
22.0712 3886.37
22.0722 3886.34
22.0732 3886.32
22.0742 3886.29
22.0752 3886.26
22.0762 3886.24
22.0772 3886.21
22.0782 3886.19
22.0792 3886.16
22.0802 3886.13
22.0812 3886.11
22.0822 3886.08
22.0832 3886.06
22.0842 3886.03
22.0852 3886
22.0862 3885.98
22.0872 3885.95
22.0882 3885.93
22.0892 3885.9
22.0902 3885.88
22.0912 3885.85
22.0922 3885.82
22.0932 3885.8
22.0942 3885.77
22.0952 3885.75
22.0962 3885.72
22.0972 3885.69
22.0982 3885.67
22.0992 3885.64
22.1002 3885.62
22.1012 3885.59
22.1022 3885.56
22.1032 3885.54
22.1042 3885.51
22.1052 3885.49
22.1062 3885.46
22.1072 3885.43
22.1082 3885.41
22.1092 3885.38
22.1102 3885.35
22.1112 3885.33
22.1122 3885.3
22.1132 3885.28
22.1142 3885.25
22.1152 3885.22
22.1162 3885.2
22.1172 3885.17
22.1182 3885.15
22.1192 3885.12
22.1202 3885.09
22.1212 3885.07
22.1222 3885.04
22.1232 3885.02
22.1242 3884.99
22.1252 3884.96
22.1262 3884.94
22.1272 3884.91
22.1282 3884.89
22.1292 3884.86
22.1302 3884.83
22.1312 3884.81
22.1322 3884.78
22.1332 3884.76
22.1342 3884.73
22.1352 3884.7
22.1362 3884.68
22.1372 3884.65
22.1382 3884.62
22.1392 3884.6
22.1402 3884.57
22.1412 3884.55
22.1422 3884.52
22.1432 3884.49
22.1442 3884.47
22.1452 3884.44
22.1462 3884.42
22.1472 3884.39
22.1482 3884.36
22.1492 3884.34
22.1502 3884.31
22.1512 3884.28
22.1522 3884.26
22.1532 3884.23
22.1542 3884.21
22.1552 3884.18
22.1562 3884.15
22.1572 3884.13
22.1582 3884.1
22.1592 3884.08
22.1602 3884.05
22.1612 3884.02
22.1622 3884
22.1632 3883.97
22.1642 3883.94
22.1652 3883.92
22.1662 3883.89
22.1672 3883.87
22.1682 3883.84
22.1692 3883.81
22.1702 3883.79
22.1712 3883.76
22.1722 3883.73
22.1732 3883.71
22.1742 3883.68
22.1752 3883.66
22.1762 3883.63
22.1772 3883.6
22.1782 3883.58
22.1792 3883.55
22.1802 3883.52
22.1812 3883.5
22.1822 3883.47
22.1832 3883.45
22.1842 3883.42
22.1852 3883.39
22.1862 3883.37
22.1872 3883.34
22.1882 3883.31
22.1892 3883.29
22.1902 3883.26
22.1912 3883.24
22.1922 3883.21
22.1932 3883.18
22.1942 3883.16
22.1952 3883.13
22.1962 3883.1
22.1972 3883.08
22.1982 3883.05
22.1992 3883.03
22.2002 3883
22.2012 3882.97
22.2022 3882.95
22.2032 3882.92
22.2042 3882.89
22.2052 3882.87
22.2062 3882.84
22.2072 3882.81
22.2082 3882.79
22.2092 3882.76
22.2102 3882.74
22.2112 3882.71
22.2122 3882.68
22.2132 3882.66
22.2142 3882.63
22.2152 3882.6
22.2162 3882.58
22.2172 3882.55
22.2182 3882.52
22.2192 3882.5
22.2202 3882.47
22.2212 3882.45
22.2222 3882.42
22.2232 3882.39
22.2242 3882.37
22.2252 3882.34
22.2262 3882.31
22.2272 3882.29
22.2282 3882.26
22.2292 3882.23
22.2302 3882.21
22.2312 3882.18
22.2322 3882.16
22.2332 3882.13
22.2342 3882.1
22.2352 3882.08
22.2362 3882.05
22.2372 3882.02
22.2382 3882
22.2392 3881.97
22.2402 3881.94
22.2412 3881.92
22.2422 3881.89
22.2432 3881.86
22.2442 3881.84
22.2452 3881.81
22.2462 3881.79
22.2472 3881.76
22.2482 3881.73
22.2492 3881.71
22.2502 3881.68
22.2512 3881.65
22.2522 3881.63
22.2532 3881.6
22.2542 3881.57
22.2552 3881.55
22.2562 3881.52
22.2572 3881.49
22.2582 3881.47
22.2592 3881.44
22.2602 3881.41
22.2612 3881.39
22.2622 3881.36
22.2632 3881.34
22.2642 3881.31
22.2652 3881.28
22.2662 3881.26
22.2672 3881.23
22.2682 3881.2
22.2692 3881.18
22.2702 3881.15
22.2712 3881.12
22.2722 3881.1
22.2732 3881.07
22.2742 3881.04
22.2752 3881.02
22.2762 3880.99
22.2772 3880.96
22.2782 3880.94
22.2792 3880.91
22.2802 3880.88
22.2812 3880.86
22.2822 3880.83
22.2832 3880.8
22.2842 3880.78
22.2852 3880.75
22.2862 3880.72
22.2872 3880.7
22.2882 3880.67
22.2892 3880.64
22.2902 3880.62
22.2912 3880.59
22.2922 3880.57
22.2932 3880.54
22.2942 3880.51
22.2952 3880.49
22.2962 3880.46
22.2972 3880.43
22.2982 3880.41
22.2992 3880.38
22.3002 3880.35
22.3012 3880.33
22.3022 3880.3
22.3032 3880.27
22.3042 3880.25
22.3052 3880.22
22.3062 3880.19
22.3072 3880.17
22.3082 3880.14
22.3092 3880.11
22.3102 3880.09
22.3112 3880.06
22.3122 3880.03
22.3132 3880.01
22.3142 3879.98
22.3152 3879.95
22.3162 3879.93
22.3172 3879.9
22.3182 3879.87
22.3192 3879.85
22.3202 3879.82
22.3212 3879.79
22.3222 3879.77
22.3232 3879.74
22.3242 3879.71
22.3252 3879.69
22.3262 3879.66
22.3272 3879.63
22.3282 3879.61
22.3292 3879.58
22.3302 3879.55
22.3312 3879.53
22.3322 3879.5
22.3332 3879.47
22.3342 3879.45
22.3352 3879.42
22.3362 3879.39
22.3372 3879.37
22.3382 3879.34
22.3392 3879.31
22.3402 3879.29
22.3412 3879.26
22.3422 3879.23
22.3432 3879.21
22.3442 3879.18
22.3452 3879.15
22.3462 3879.12
22.3472 3879.1
22.3482 3879.07
22.3492 3879.04
22.3502 3879.02
22.3512 3878.99
22.3522 3878.96
22.3532 3878.94
22.3542 3878.91
22.3552 3878.88
22.3562 3878.86
22.3572 3878.83
22.3582 3878.8
22.3592 3878.78
22.3602 3878.75
22.3612 3878.72
22.3622 3878.7
22.3632 3878.67
22.3642 3878.64
22.3652 3878.62
22.3662 3878.59
22.3672 3878.56
22.3682 3878.54
22.3692 3878.51
22.3702 3878.48
22.3712 3878.45
22.3722 3878.43
22.3732 3878.4
22.3742 3878.37
22.3752 3878.35
22.3762 3878.32
22.3772 3878.29
22.3782 3878.27
22.3792 3878.24
22.3802 3878.21
22.3812 3878.19
22.3822 3878.16
22.3832 3878.13
22.3842 3878.11
22.3852 3878.08
22.3862 3878.05
22.3872 3878.03
22.3882 3878
22.3892 3877.97
22.3902 3877.94
22.3912 3877.92
22.3922 3877.89
22.3932 3877.86
22.3942 3877.84
22.3952 3877.81
22.3962 3877.78
22.3972 3877.76
22.3982 3877.73
22.3992 3877.7
22.4002 3877.68
22.4012 3877.65
22.4022 3877.62
22.4032 3877.59
22.4042 3877.57
22.4052 3877.54
22.4062 3877.51
22.4072 3877.49
22.4082 3877.46
22.4092 3877.43
22.4102 3877.41
22.4112 3877.38
22.4122 3877.35
22.4132 3877.33
22.4142 3877.3
22.4152 3877.27
22.4162 3877.24
22.4172 3877.22
22.4182 3877.19
22.4192 3877.16
22.4202 3877.14
22.4212 3877.11
22.4222 3877.08
22.4232 3877.06
22.4242 3877.03
22.4252 3877
22.4262 3876.97
22.4272 3876.95
22.4282 3876.92
22.4292 3876.89
22.4302 3876.87
22.4312 3876.84
22.4322 3876.81
22.4332 3876.79
22.4342 3876.76
22.4352 3876.73
22.4362 3876.7
22.4372 3876.68
22.4382 3876.65
22.4392 3876.62
22.4402 3876.6
22.4412 3876.57
22.4422 3876.54
22.4432 3876.52
22.4442 3876.49
22.4452 3876.46
22.4462 3876.43
22.4472 3876.41
22.4482 3876.38
22.4492 3876.35
22.4502 3876.33
22.4512 3876.3
22.4522 3876.27
22.4532 3876.24
22.4542 3876.22
22.4552 3876.19
22.4562 3876.16
22.4572 3876.14
22.4582 3876.11
22.4592 3876.08
22.4602 3876.06
22.4612 3876.03
22.4622 3876
22.4632 3875.97
22.4642 3875.95
22.4652 3875.92
22.4662 3875.89
22.4672 3875.87
22.4682 3875.84
22.4692 3875.81
22.4702 3875.78
22.4712 3875.76
22.4722 3875.73
22.4732 3875.7
22.4742 3875.68
22.4752 3875.65
22.4762 3875.62
22.4772 3875.59
22.4782 3875.57
22.4792 3875.54
22.4802 3875.51
22.4812 3875.49
22.4822 3875.46
22.4832 3875.43
22.4842 3875.4
22.4852 3875.38
22.4862 3875.35
22.4872 3875.32
22.4882 3875.3
22.4892 3875.27
22.4902 3875.24
22.4912 3875.21
22.4922 3875.19
22.4932 3875.16
22.4942 3875.13
22.4952 3875.1
22.4962 3875.08
22.4972 3875.05
22.4982 3875.02
22.4992 3875
22.5002 3874.97
22.5012 3874.94
22.5022 3874.91
22.5032 3874.89
22.5042 3874.86
22.5052 3874.83
22.5062 3874.81
22.5072 3874.78
22.5082 3874.75
22.5092 3874.72
22.5102 3874.7
22.5112 3874.67
22.5122 3874.64
22.5132 3874.61
22.5142 3874.59
22.5152 3874.56
22.5162 3874.53
22.5172 3874.51
22.5182 3874.48
22.5192 3874.45
22.5202 3874.42
22.5212 3874.4
22.5222 3874.37
22.5232 3874.34
22.5242 3874.31
22.5252 3874.29
22.5262 3874.26
22.5272 3874.23
22.5282 3874.21
22.5292 3874.18
22.5302 3874.15
22.5312 3874.12
22.5322 3874.1
22.5332 3874.07
22.5342 3874.04
22.5352 3874.01
22.5362 3873.99
22.5372 3873.96
22.5382 3873.93
22.5392 3873.91
22.5402 3873.88
22.5412 3873.85
22.5422 3873.82
22.5432 3873.8
22.5442 3873.77
22.5452 3873.74
22.5462 3873.71
22.5472 3873.69
22.5482 3873.66
22.5492 3873.63
22.5502 3873.6
22.5512 3873.58
22.5522 3873.55
22.5532 3873.52
22.5542 3873.49
22.5552 3873.47
22.5562 3873.44
22.5572 3873.41
22.5582 3873.39
22.5592 3873.36
22.5602 3873.33
22.5612 3873.3
22.5622 3873.28
22.5632 3873.25
22.5642 3873.22
22.5652 3873.19
22.5662 3873.17
22.5672 3873.14
22.5682 3873.11
22.5692 3873.08
22.5702 3873.06
22.5712 3873.03
22.5722 3873
22.5732 3872.97
22.5742 3872.95
22.5752 3872.92
22.5762 3872.89
22.5772 3872.86
22.5782 3872.84
22.5792 3872.81
22.5802 3872.78
22.5812 3872.75
22.5822 3872.73
22.5832 3872.7
22.5842 3872.67
22.5852 3872.64
22.5862 3872.62
22.5872 3872.59
22.5882 3872.56
22.5892 3872.53
22.5902 3872.51
22.5912 3872.48
22.5922 3872.45
22.5932 3872.42
22.5942 3872.4
22.5952 3872.37
22.5962 3872.34
22.5972 3872.31
22.5982 3872.29
22.5992 3872.26
22.6002 3872.23
22.6012 3872.2
22.6022 3872.18
22.6032 3872.15
22.6042 3872.12
22.6052 3872.09
22.6062 3872.07
22.6072 3872.04
22.6082 3872.01
22.6092 3871.98
22.6102 3871.96
22.6112 3871.93
22.6122 3871.9
22.6132 3871.87
22.6142 3871.85
22.6152 3871.82
22.6162 3871.79
22.6172 3871.76
22.6182 3871.74
22.6192 3871.71
22.6202 3871.68
22.6212 3871.65
22.6222 3871.63
22.6232 3871.6
22.6242 3871.57
22.6252 3871.54
22.6262 3871.52
22.6272 3871.49
22.6282 3871.46
22.6292 3871.43
22.6302 3871.41
22.6312 3871.38
22.6322 3871.35
22.6332 3871.32
22.6342 3871.29
22.6352 3871.27
22.6362 3871.24
22.6372 3871.21
22.6382 3871.18
22.6392 3871.16
22.6402 3871.13
22.6412 3871.1
22.6422 3871.07
22.6432 3871.05
22.6442 3871.02
22.6452 3870.99
22.6462 3870.96
22.6472 3870.94
22.6482 3870.91
22.6492 3870.88
22.6502 3870.85
22.6512 3870.82
22.6522 3870.8
22.6532 3870.77
22.6542 3870.74
22.6552 3870.71
22.6562 3870.69
22.6572 3870.66
22.6582 3870.63
22.6592 3870.6
22.6602 3870.58
22.6612 3870.55
22.6622 3870.52
22.6632 3870.49
22.6642 3870.46
22.6652 3870.44
22.6662 3870.41
22.6672 3870.38
22.6682 3870.35
22.6692 3870.33
22.6702 3870.3
22.6712 3870.27
22.6722 3870.24
22.6732 3870.22
22.6742 3870.19
22.6752 3870.16
22.6762 3870.13
22.6772 3870.1
22.6782 3870.08
22.6792 3870.05
22.6802 3870.02
22.6812 3869.99
22.6822 3869.97
22.6832 3869.94
22.6842 3869.91
22.6852 3869.88
22.6862 3869.85
22.6872 3869.83
22.6882 3869.8
22.6892 3869.77
22.6902 3869.74
22.6912 3869.72
22.6922 3869.69
22.6932 3869.66
22.6942 3869.63
22.6952 3869.6
22.6962 3869.58
22.6972 3869.55
22.6982 3869.52
22.6992 3869.49
22.7002 3869.47
22.7012 3869.44
22.7022 3869.41
22.7032 3869.38
22.7042 3869.35
22.7052 3869.33
22.7062 3869.3
22.7072 3869.27
22.7082 3869.24
22.7092 3869.22
22.7102 3869.19
22.7112 3869.16
22.7122 3869.13
22.7132 3869.1
22.7142 3869.08
22.7152 3869.05
22.7162 3869.02
22.7172 3868.99
22.7182 3868.96
22.7192 3868.94
22.7202 3868.91
22.7212 3868.88
22.7222 3868.85
22.7232 3868.83
22.7242 3868.8
22.7252 3868.77
22.7262 3868.74
22.7272 3868.71
22.7282 3868.69
22.7292 3868.66
22.7302 3868.63
22.7312 3868.6
22.7322 3868.57
22.7332 3868.55
22.7342 3868.52
22.7352 3868.49
22.7362 3868.46
22.7372 3868.43
22.7382 3868.41
22.7392 3868.38
22.7402 3868.35
22.7412 3868.32
22.7422 3868.29
22.7432 3868.27
22.7442 3868.24
22.7452 3868.21
22.7462 3868.18
22.7472 3868.16
22.7482 3868.13
22.7492 3868.1
22.7502 3868.07
22.7512 3868.04
22.7522 3868.02
22.7532 3867.99
22.7542 3867.96
22.7552 3867.93
22.7562 3867.9
22.7572 3867.88
22.7582 3867.85
22.7592 3867.82
22.7602 3867.79
22.7612 3867.76
22.7622 3867.74
22.7632 3867.71
22.7642 3867.68
22.7652 3867.65
22.7662 3867.62
22.7672 3867.6
22.7682 3867.57
22.7692 3867.54
22.7702 3867.51
22.7712 3867.48
22.7722 3867.46
22.7732 3867.43
22.7742 3867.4
22.7752 3867.37
22.7762 3867.34
22.7772 3867.32
22.7782 3867.29
22.7792 3867.26
22.7802 3867.23
22.7812 3867.2
22.7822 3867.17
22.7832 3867.15
22.7842 3867.12
22.7852 3867.09
22.7862 3867.06
22.7872 3867.03
22.7882 3867.01
22.7892 3866.98
22.7902 3866.95
22.7912 3866.92
22.7922 3866.89
22.7932 3866.87
22.7942 3866.84
22.7952 3866.81
22.7962 3866.78
22.7972 3866.75
22.7982 3866.73
22.7992 3866.7
22.8002 3866.67
22.8012 3866.64
22.8022 3866.61
22.8032 3866.59
22.8042 3866.56
22.8052 3866.53
22.8062 3866.5
22.8072 3866.47
22.8082 3866.44
22.8092 3866.42
22.8102 3866.39
22.8112 3866.36
22.8122 3866.33
22.8132 3866.3
22.8142 3866.28
22.8152 3866.25
22.8162 3866.22
22.8172 3866.19
22.8182 3866.16
22.8192 3866.13
22.8202 3866.11
22.8212 3866.08
22.8222 3866.05
22.8232 3866.02
22.8242 3865.99
22.8252 3865.97
22.8262 3865.94
22.8272 3865.91
22.8282 3865.88
22.8292 3865.85
22.8302 3865.82
22.8312 3865.8
22.8322 3865.77
22.8332 3865.74
22.8342 3865.71
22.8352 3865.68
22.8362 3865.66
22.8372 3865.63
22.8382 3865.6
22.8392 3865.57
22.8402 3865.54
22.8412 3865.51
22.8422 3865.49
22.8432 3865.46
22.8442 3865.43
22.8452 3865.4
22.8462 3865.37
22.8472 3865.34
22.8482 3865.32
22.8492 3865.29
22.8502 3865.26
22.8512 3865.23
22.8522 3865.2
22.8532 3865.18
22.8542 3865.15
22.8552 3865.12
22.8562 3865.09
22.8572 3865.06
22.8582 3865.03
22.8592 3865.01
22.8602 3864.98
22.8612 3864.95
22.8622 3864.92
22.8632 3864.89
22.8642 3864.86
22.8652 3864.84
22.8662 3864.81
22.8672 3864.78
22.8682 3864.75
22.8692 3864.72
22.8702 3864.69
22.8712 3864.67
22.8722 3864.64
22.8732 3864.61
22.8742 3864.58
22.8752 3864.55
22.8762 3864.52
22.8772 3864.5
22.8782 3864.47
22.8792 3864.44
22.8802 3864.41
22.8812 3864.38
22.8822 3864.35
22.8832 3864.33
22.8842 3864.3
22.8852 3864.27
22.8862 3864.24
22.8872 3864.21
22.8882 3864.18
22.8892 3864.16
22.8902 3864.13
22.8912 3864.1
22.8922 3864.07
22.8932 3864.04
22.8942 3864.01
22.8952 3863.99
22.8962 3863.96
22.8972 3863.93
22.8982 3863.9
22.8992 3863.87
22.9002 3863.84
22.9012 3863.82
22.9022 3863.79
22.9032 3863.76
22.9042 3863.73
22.9052 3863.7
22.9062 3863.67
22.9072 3863.64
22.9082 3863.62
22.9092 3863.59
22.9102 3863.56
22.9112 3863.53
22.9122 3863.5
22.9132 3863.47
22.9142 3863.45
22.9152 3863.42
22.9162 3863.39
22.9172 3863.36
22.9182 3863.33
22.9192 3863.3
22.9202 3863.28
22.9212 3863.25
22.9222 3863.22
22.9232 3863.19
22.9242 3863.16
22.9252 3863.13
22.9262 3863.1
22.9272 3863.08
22.9282 3863.05
22.9292 3863.02
22.9302 3862.99
22.9312 3862.96
22.9322 3862.93
22.9332 3862.9
22.9342 3862.88
22.9352 3862.85
22.9362 3862.82
22.9372 3862.79
22.9382 3862.76
22.9392 3862.73
22.9402 3862.71
22.9412 3862.68
22.9422 3862.65
22.9432 3862.62
22.9442 3862.59
22.9452 3862.56
22.9462 3862.53
22.9472 3862.51
22.9482 3862.48
22.9492 3862.45
22.9502 3862.42
22.9512 3862.39
22.9522 3862.36
22.9532 3862.33
22.9542 3862.31
22.9552 3862.28
22.9562 3862.25
22.9572 3862.22
22.9582 3862.19
22.9592 3862.16
22.9602 3862.13
22.9612 3862.11
22.9622 3862.08
22.9632 3862.05
22.9642 3862.02
22.9652 3861.99
22.9662 3861.96
22.9672 3861.93
22.9682 3861.91
22.9692 3861.88
22.9702 3861.85
22.9712 3861.82
22.9722 3861.79
22.9732 3861.76
22.9742 3861.73
22.9752 3861.71
22.9762 3861.68
22.9772 3861.65
22.9782 3861.62
22.9792 3861.59
22.9802 3861.56
22.9812 3861.53
22.9822 3861.5
22.9832 3861.48
22.9842 3861.45
22.9852 3861.42
22.9862 3861.39
22.9872 3861.36
22.9882 3861.33
22.9892 3861.3
22.9902 3861.28
22.9912 3861.25
22.9922 3861.22
22.9932 3861.19
22.9942 3861.16
22.9952 3861.13
22.9962 3861.1
22.9972 3861.07
22.9982 3861.05
22.9992 3861.02
23.0002 3860.99
23.0012 3860.96
23.0022 3860.93
23.0032 3860.9
23.0042 3860.87
23.0052 3860.85
23.0062 3860.82
23.0072 3860.79
23.0082 3860.76
23.0092 3860.73
23.0102 3860.7
23.0112 3860.67
23.0122 3860.64
23.0132 3860.62
23.0142 3860.59
23.0152 3860.56
23.0162 3860.53
23.0172 3860.5
23.0182 3860.47
23.0192 3860.44
23.0202 3860.41
23.0212 3860.39
23.0222 3860.36
23.0232 3860.33
23.0242 3860.3
23.0252 3860.27
23.0262 3860.24
23.0272 3860.21
23.0282 3860.18
23.0292 3860.16
23.0302 3860.13
23.0312 3860.1
23.0322 3860.07
23.0332 3860.04
23.0342 3860.01
23.0352 3859.98
23.0362 3859.95
23.0372 3859.92
23.0382 3859.9
23.0392 3859.87
23.0402 3859.84
23.0412 3859.81
23.0422 3859.78
23.0432 3859.75
23.0442 3859.72
23.0452 3859.69
23.0462 3859.67
23.0472 3859.64
23.0482 3859.61
23.0492 3859.58
23.0502 3859.55
23.0512 3859.52
23.0522 3859.49
23.0532 3859.46
23.0542 3859.43
23.0552 3859.41
23.0562 3859.38
23.0572 3859.35
23.0582 3859.32
23.0592 3859.29
23.0602 3859.26
23.0612 3859.23
23.0622 3859.2
23.0632 3859.17
23.0642 3859.15
23.0652 3859.12
23.0662 3859.09
23.0672 3859.06
23.0682 3859.03
23.0692 3859
23.0702 3858.97
23.0712 3858.94
23.0722 3858.91
23.0732 3858.89
23.0742 3858.86
23.0752 3858.83
23.0762 3858.8
23.0772 3858.77
23.0782 3858.74
23.0792 3858.71
23.0802 3858.68
23.0812 3858.65
23.0822 3858.63
23.0832 3858.6
23.0842 3858.57
23.0852 3858.54
23.0862 3858.51
23.0872 3858.48
23.0882 3858.45
23.0892 3858.42
23.0902 3858.39
23.0912 3858.37
23.0922 3858.34
23.0932 3858.31
23.0942 3858.28
23.0952 3858.25
23.0962 3858.22
23.0972 3858.19
23.0982 3858.16
23.0992 3858.13
23.1002 3858.1
23.1012 3858.08
23.1022 3858.05
23.1032 3858.02
23.1042 3857.99
23.1052 3857.96
23.1062 3857.93
23.1072 3857.9
23.1082 3857.87
23.1092 3857.84
23.1102 3857.81
23.1112 3857.79
23.1122 3857.76
23.1132 3857.73
23.1142 3857.7
23.1152 3857.67
23.1162 3857.64
23.1172 3857.61
23.1182 3857.58
23.1192 3857.55
23.1202 3857.52
23.1212 3857.49
23.1222 3857.47
23.1232 3857.44
23.1242 3857.41
23.1252 3857.38
23.1262 3857.35
23.1272 3857.32
23.1282 3857.29
23.1292 3857.26
23.1302 3857.23
23.1312 3857.2
23.1322 3857.18
23.1332 3857.15
23.1342 3857.12
23.1352 3857.09
23.1362 3857.06
23.1372 3857.03
23.1382 3857
23.1392 3856.97
23.1402 3856.94
23.1412 3856.91
23.1422 3856.88
23.1432 3856.86
23.1442 3856.83
23.1452 3856.8
23.1462 3856.77
23.1472 3856.74
23.1482 3856.71
23.1492 3856.68
23.1502 3856.65
23.1512 3856.62
23.1522 3856.59
23.1532 3856.56
23.1542 3856.53
23.1552 3856.51
23.1562 3856.48
23.1572 3856.45
23.1582 3856.42
23.1592 3856.39
23.1602 3856.36
23.1612 3856.33
23.1622 3856.3
23.1632 3856.27
23.1642 3856.24
23.1652 3856.21
23.1662 3856.18
23.1672 3856.16
23.1682 3856.13
23.1692 3856.1
23.1702 3856.07
23.1712 3856.04
23.1722 3856.01
23.1732 3855.98
23.1742 3855.95
23.1752 3855.92
23.1762 3855.89
23.1772 3855.86
23.1782 3855.83
23.1792 3855.81
23.1802 3855.78
23.1812 3855.75
23.1822 3855.72
23.1832 3855.69
23.1842 3855.66
23.1852 3855.63
23.1862 3855.6
23.1872 3855.57
23.1882 3855.54
23.1892 3855.51
23.1902 3855.48
23.1912 3855.45
23.1922 3855.43
23.1932 3855.4
23.1942 3855.37
23.1952 3855.34
23.1962 3855.31
23.1972 3855.28
23.1982 3855.25
23.1992 3855.22
23.2002 3855.19
23.2012 3855.16
23.2022 3855.13
23.2032 3855.1
23.2042 3855.07
23.2052 3855.04
23.2062 3855.02
23.2072 3854.99
23.2082 3854.96
23.2092 3854.93
23.2102 3854.9
23.2112 3854.87
23.2122 3854.84
23.2132 3854.81
23.2142 3854.78
23.2152 3854.75
23.2162 3854.72
23.2172 3854.69
23.2182 3854.66
23.2192 3854.63
23.2202 3854.6
23.2212 3854.58
23.2222 3854.55
23.2232 3854.52
23.2242 3854.49
23.2252 3854.46
23.2262 3854.43
23.2272 3854.4
23.2282 3854.37
23.2292 3854.34
23.2302 3854.31
23.2312 3854.28
23.2322 3854.25
23.2332 3854.22
23.2342 3854.19
23.2352 3854.16
23.2362 3854.13
23.2372 3854.11
23.2382 3854.08
23.2392 3854.05
23.2402 3854.02
23.2412 3853.99
23.2422 3853.96
23.2432 3853.93
23.2442 3853.9
23.2452 3853.87
23.2462 3853.84
23.2472 3853.81
23.2482 3853.78
23.2492 3853.75
23.2502 3853.72
23.2512 3853.69
23.2522 3853.66
23.2532 3853.64
23.2542 3853.61
23.2552 3853.58
23.2562 3853.55
23.2572 3853.52
23.2582 3853.49
23.2592 3853.46
23.2602 3853.43
23.2612 3853.4
23.2622 3853.37
23.2632 3853.34
23.2642 3853.31
23.2652 3853.28
23.2662 3853.25
23.2672 3853.22
23.2682 3853.19
23.2692 3853.16
23.2702 3853.13
23.2712 3853.1
23.2722 3853.08
23.2732 3853.05
23.2742 3853.02
23.2752 3852.99
23.2762 3852.96
23.2772 3852.93
23.2782 3852.9
23.2792 3852.87
23.2802 3852.84
23.2812 3852.81
23.2822 3852.78
23.2832 3852.75
23.2842 3852.72
23.2852 3852.69
23.2862 3852.66
23.2872 3852.63
23.2882 3852.6
23.2892 3852.57
23.2902 3852.54
23.2912 3852.51
23.2922 3852.48
23.2932 3852.46
23.2942 3852.43
23.2952 3852.4
23.2962 3852.37
23.2972 3852.34
23.2982 3852.31
23.2992 3852.28
23.3002 3852.25
23.3012 3852.22
23.3022 3852.19
23.3032 3852.16
23.3042 3852.13
23.3052 3852.1
23.3062 3852.07
23.3072 3852.04
23.3082 3852.01
23.3092 3851.98
23.3102 3851.95
23.3112 3851.92
23.3122 3851.89
23.3132 3851.86
23.3142 3851.83
23.3152 3851.8
23.3162 3851.78
23.3172 3851.75
23.3182 3851.72
23.3192 3851.69
23.3202 3851.66
23.3212 3851.63
23.3222 3851.6
23.3232 3851.57
23.3242 3851.54
23.3252 3851.51
23.3262 3851.48
23.3272 3851.45
23.3282 3851.42
23.3292 3851.39
23.3302 3851.36
23.3312 3851.33
23.3322 3851.3
23.3332 3851.27
23.3342 3851.24
23.3352 3851.21
23.3362 3851.18
23.3372 3851.15
23.3382 3851.12
23.3392 3851.09
23.3402 3851.06
23.3412 3851.03
23.3422 3851
23.3432 3850.97
23.3442 3850.94
23.3452 3850.92
23.3462 3850.89
23.3472 3850.86
23.3482 3850.83
23.3492 3850.8
23.3502 3850.77
23.3512 3850.74
23.3522 3850.71
23.3532 3850.68
23.3542 3850.65
23.3552 3850.62
23.3562 3850.59
23.3572 3850.56
23.3582 3850.53
23.3592 3850.5
23.3602 3850.47
23.3612 3850.44
23.3622 3850.41
23.3632 3850.38
23.3642 3850.35
23.3652 3850.32
23.3662 3850.29
23.3672 3850.26
23.3682 3850.23
23.3692 3850.2
23.3702 3850.17
23.3712 3850.14
23.3722 3850.11
23.3732 3850.08
23.3742 3850.05
23.3752 3850.02
23.3762 3849.99
23.3772 3849.96
23.3782 3849.93
23.3792 3849.9
23.3802 3849.87
23.3812 3849.84
23.3822 3849.81
23.3832 3849.78
23.3842 3849.75
23.3852 3849.72
23.3862 3849.7
23.3872 3849.67
23.3882 3849.64
23.3892 3849.61
23.3902 3849.58
23.3912 3849.55
23.3922 3849.52
23.3932 3849.49
23.3942 3849.46
23.3952 3849.43
23.3962 3849.4
23.3972 3849.37
23.3982 3849.34
23.3992 3849.31
23.4002 3849.28
23.4012 3849.25
23.4022 3849.22
23.4032 3849.19
23.4042 3849.16
23.4052 3849.13
23.4062 3849.1
23.4072 3849.07
23.4082 3849.04
23.4092 3849.01
23.4102 3848.98
23.4112 3848.95
23.4122 3848.92
23.4132 3848.89
23.4142 3848.86
23.4152 3848.83
23.4162 3848.8
23.4172 3848.77
23.4182 3848.74
23.4192 3848.71
23.4202 3848.68
23.4212 3848.65
23.4222 3848.62
23.4232 3848.59
23.4242 3848.56
23.4252 3848.53
23.4262 3848.5
23.4272 3848.47
23.4282 3848.44
23.4292 3848.41
23.4302 3848.38
23.4312 3848.35
23.4322 3848.32
23.4332 3848.29
23.4342 3848.26
23.4352 3848.23
23.4362 3848.2
23.4372 3848.17
23.4382 3848.14
23.4392 3848.11
23.4402 3848.08
23.4412 3848.05
23.4422 3848.02
23.4432 3847.99
23.4442 3847.96
23.4452 3847.93
23.4462 3847.9
23.4472 3847.87
23.4482 3847.84
23.4492 3847.81
23.4502 3847.78
23.4512 3847.75
23.4522 3847.72
23.4532 3847.69
23.4542 3847.66
23.4552 3847.63
23.4562 3847.6
23.4572 3847.57
23.4582 3847.54
23.4592 3847.51
23.4602 3847.48
23.4612 3847.45
23.4622 3847.42
23.4632 3847.39
23.4642 3847.36
23.4652 3847.33
23.4662 3847.3
23.4672 3847.27
23.4682 3847.24
23.4692 3847.21
23.4702 3847.18
23.4712 3847.15
23.4722 3847.12
23.4732 3847.09
23.4742 3847.06
23.4752 3847.03
23.4762 3847
23.4772 3846.97
23.4782 3846.94
23.4792 3846.91
23.4802 3846.88
23.4812 3846.85
23.4822 3846.82
23.4832 3846.79
23.4842 3846.76
23.4852 3846.73
23.4862 3846.7
23.4872 3846.67
23.4882 3846.64
23.4892 3846.61
23.4902 3846.58
23.4912 3846.55
23.4922 3846.52
23.4932 3846.49
23.4942 3846.46
23.4952 3846.43
23.4962 3846.4
23.4972 3846.37
23.4982 3846.34
23.4992 3846.31
23.5002 3846.28
23.5012 3846.25
23.5022 3846.22
23.5032 3846.19
23.5042 3846.16
23.5052 3846.13
23.5062 3846.1
23.5072 3846.07
23.5082 3846.04
23.5092 3846.01
23.5102 3845.98
23.5112 3845.95
23.5122 3845.92
23.5132 3845.89
23.5142 3845.86
23.5152 3845.83
23.5162 3845.79
23.5172 3845.76
23.5182 3845.73
23.5192 3845.7
23.5202 3845.67
23.5212 3845.64
23.5222 3845.61
23.5232 3845.58
23.5242 3845.55
23.5252 3845.52
23.5262 3845.49
23.5272 3845.46
23.5282 3845.43
23.5292 3845.4
23.5302 3845.37
23.5312 3845.34
23.5322 3845.31
23.5332 3845.28
23.5342 3845.25
23.5352 3845.22
23.5362 3845.19
23.5372 3845.16
23.5382 3845.13
23.5392 3845.1
23.5402 3845.07
23.5412 3845.04
23.5422 3845.01
23.5432 3844.98
23.5442 3844.95
23.5452 3844.92
23.5462 3844.89
23.5472 3844.86
23.5482 3844.83
23.5492 3844.8
23.5502 3844.77
23.5512 3844.74
23.5522 3844.71
23.5532 3844.68
23.5542 3844.65
23.5552 3844.62
23.5562 3844.59
23.5572 3844.55
23.5582 3844.52
23.5592 3844.49
23.5602 3844.46
23.5612 3844.43
23.5622 3844.4
23.5632 3844.37
23.5642 3844.34
23.5652 3844.31
23.5662 3844.28
23.5672 3844.25
23.5682 3844.22
23.5692 3844.19
23.5702 3844.16
23.5712 3844.13
23.5722 3844.1
23.5732 3844.07
23.5742 3844.04
23.5752 3844.01
23.5762 3843.98
23.5772 3843.95
23.5782 3843.92
23.5792 3843.89
23.5802 3843.86
23.5812 3843.83
23.5822 3843.8
23.5832 3843.77
23.5842 3843.74
23.5852 3843.71
23.5862 3843.67
23.5872 3843.64
23.5882 3843.61
23.5892 3843.58
23.5902 3843.55
23.5912 3843.52
23.5922 3843.49
23.5932 3843.46
23.5942 3843.43
23.5952 3843.4
23.5962 3843.37
23.5972 3843.34
23.5982 3843.31
23.5992 3843.28
23.6002 3843.25
23.6012 3843.22
23.6022 3843.19
23.6032 3843.16
23.6042 3843.13
23.6052 3843.1
23.6062 3843.07
23.6072 3843.04
23.6082 3843.01
23.6092 3842.98
23.6102 3842.94
23.6112 3842.91
23.6122 3842.88
23.6132 3842.85
23.6142 3842.82
23.6152 3842.79
23.6162 3842.76
23.6172 3842.73
23.6182 3842.7
23.6192 3842.67
23.6202 3842.64
23.6212 3842.61
23.6222 3842.58
23.6232 3842.55
23.6242 3842.52
23.6252 3842.49
23.6262 3842.46
23.6272 3842.43
23.6282 3842.4
23.6292 3842.37
23.6302 3842.34
23.6312 3842.3
23.6322 3842.27
23.6332 3842.24
23.6342 3842.21
23.6352 3842.18
23.6362 3842.15
23.6372 3842.12
23.6382 3842.09
23.6392 3842.06
23.6402 3842.03
23.6412 3842
23.6422 3841.97
23.6432 3841.94
23.6442 3841.91
23.6452 3841.88
23.6462 3841.85
23.6472 3841.82
23.6482 3841.79
23.6492 3841.75
23.6502 3841.72
23.6512 3841.69
23.6522 3841.66
23.6532 3841.63
23.6542 3841.6
23.6552 3841.57
23.6562 3841.54
23.6572 3841.51
23.6582 3841.48
23.6592 3841.45
23.6602 3841.42
23.6612 3841.39
23.6622 3841.36
23.6632 3841.33
23.6642 3841.3
23.6652 3841.27
23.6662 3841.23
23.6672 3841.2
23.6682 3841.17
23.6692 3841.14
23.6702 3841.11
23.6712 3841.08
23.6722 3841.05
23.6732 3841.02
23.6742 3840.99
23.6752 3840.96
23.6762 3840.93
23.6772 3840.9
23.6782 3840.87
23.6792 3840.84
23.6802 3840.81
23.6812 3840.78
23.6822 3840.74
23.6832 3840.71
23.6842 3840.68
23.6852 3840.65
23.6862 3840.62
23.6872 3840.59
23.6882 3840.56
23.6892 3840.53
23.6902 3840.5
23.6912 3840.47
23.6922 3840.44
23.6932 3840.41
23.6942 3840.38
23.6952 3840.35
23.6962 3840.32
23.6972 3840.28
23.6982 3840.25
23.6992 3840.22
23.7002 3840.19
23.7012 3840.16
23.7022 3840.13
23.7032 3840.1
23.7042 3840.07
23.7052 3840.04
23.7062 3840.01
23.7072 3839.98
23.7082 3839.95
23.7092 3839.92
23.7102 3839.89
23.7112 3839.85
23.7122 3839.82
23.7132 3839.79
23.7142 3839.76
23.7152 3839.73
23.7162 3839.7
23.7172 3839.67
23.7182 3839.64
23.7192 3839.61
23.7202 3839.58
23.7212 3839.55
23.7222 3839.52
23.7232 3839.49
23.7242 3839.45
23.7252 3839.42
23.7262 3839.39
23.7272 3839.36
23.7282 3839.33
23.7292 3839.3
23.7302 3839.27
23.7312 3839.24
23.7322 3839.21
23.7332 3839.18
23.7342 3839.15
23.7352 3839.12
23.7362 3839.09
23.7372 3839.05
23.7382 3839.02
23.7392 3838.99
23.7402 3838.96
23.7412 3838.93
23.7422 3838.9
23.7432 3838.87
23.7442 3838.84
23.7452 3838.81
23.7462 3838.78
23.7472 3838.75
23.7482 3838.72
23.7492 3838.68
23.7502 3838.65
23.7512 3838.62
23.7522 3838.59
23.7532 3838.56
23.7542 3838.53
23.7552 3838.5
23.7562 3838.47
23.7572 3838.44
23.7582 3838.41
23.7592 3838.38
23.7602 3838.34
23.7612 3838.31
23.7622 3838.28
23.7632 3838.25
23.7642 3838.22
23.7652 3838.19
23.7662 3838.16
23.7672 3838.13
23.7682 3838.1
23.7692 3838.07
23.7702 3838.04
23.7712 3838
23.7722 3837.97
23.7732 3837.94
23.7742 3837.91
23.7752 3837.88
23.7762 3837.85
23.7772 3837.82
23.7782 3837.79
23.7792 3837.76
23.7802 3837.73
23.7812 3837.7
23.7822 3837.66
23.7832 3837.63
23.7842 3837.6
23.7852 3837.57
23.7862 3837.54
23.7872 3837.51
23.7882 3837.48
23.7892 3837.45
23.7902 3837.42
23.7912 3837.39
23.7922 3837.36
23.7932 3837.32
23.7942 3837.29
23.7952 3837.26
23.7962 3837.23
23.7972 3837.2
23.7982 3837.17
23.7992 3837.14
23.8002 3837.11
23.8012 3837.08
23.8022 3837.05
23.8032 3837.01
23.8042 3836.98
23.8052 3836.95
23.8062 3836.92
23.8072 3836.89
23.8082 3836.86
23.8092 3836.83
23.8102 3836.8
23.8112 3836.77
23.8122 3836.74
23.8132 3836.7
23.8142 3836.67
23.8152 3836.64
23.8162 3836.61
23.8172 3836.58
23.8182 3836.55
23.8192 3836.52
23.8202 3836.49
23.8212 3836.46
23.8222 3836.42
23.8232 3836.39
23.8242 3836.36
23.8252 3836.33
23.8262 3836.3
23.8272 3836.27
23.8282 3836.24
23.8292 3836.21
23.8302 3836.18
23.8312 3836.15
23.8322 3836.11
23.8332 3836.08
23.8342 3836.05
23.8352 3836.02
23.8362 3835.99
23.8372 3835.96
23.8382 3835.93
23.8392 3835.9
23.8402 3835.87
23.8412 3835.83
23.8422 3835.8
23.8432 3835.77
23.8442 3835.74
23.8452 3835.71
23.8462 3835.68
23.8472 3835.65
23.8482 3835.62
23.8492 3835.59
23.8502 3835.55
23.8512 3835.52
23.8522 3835.49
23.8532 3835.46
23.8542 3835.43
23.8552 3835.4
23.8562 3835.37
23.8572 3835.34
23.8582 3835.31
23.8592 3835.27
23.8602 3835.24
23.8612 3835.21
23.8622 3835.18
23.8632 3835.15
23.8642 3835.12
23.8652 3835.09
23.8662 3835.06
23.8672 3835.02
23.8682 3834.99
23.8692 3834.96
23.8702 3834.93
23.8712 3834.9
23.8722 3834.87
23.8732 3834.84
23.8742 3834.81
23.8752 3834.78
23.8762 3834.74
23.8772 3834.71
23.8782 3834.68
23.8792 3834.65
23.8802 3834.62
23.8812 3834.59
23.8822 3834.56
23.8832 3834.53
23.8842 3834.49
23.8852 3834.46
23.8862 3834.43
23.8872 3834.4
23.8882 3834.37
23.8892 3834.34
23.8902 3834.31
23.8912 3834.28
23.8922 3834.24
23.8932 3834.21
23.8942 3834.18
23.8952 3834.15
23.8962 3834.12
23.8972 3834.09
23.8982 3834.06
23.8992 3834.03
23.9002 3833.99
23.9012 3833.96
23.9022 3833.93
23.9032 3833.9
23.9042 3833.87
23.9052 3833.84
23.9062 3833.81
23.9072 3833.78
23.9082 3833.74
23.9092 3833.71
23.9102 3833.68
23.9112 3833.65
23.9122 3833.62
23.9132 3833.59
23.9142 3833.56
23.9152 3833.53
23.9162 3833.49
23.9172 3833.46
23.9182 3833.43
23.9192 3833.4
23.9202 3833.37
23.9212 3833.34
23.9222 3833.31
23.9232 3833.27
23.9242 3833.24
23.9252 3833.21
23.9262 3833.18
23.9272 3833.15
23.9282 3833.12
23.9292 3833.09
23.9302 3833.06
23.9312 3833.02
23.9322 3832.99
23.9332 3832.96
23.9342 3832.93
23.9352 3832.9
23.9362 3832.87
23.9372 3832.84
23.9382 3832.8
23.9392 3832.77
23.9402 3832.74
23.9412 3832.71
23.9422 3832.68
23.9432 3832.65
23.9442 3832.62
23.9452 3832.58
23.9462 3832.55
23.9472 3832.52
23.9482 3832.49
23.9492 3832.46
23.9502 3832.43
23.9512 3832.4
23.9522 3832.36
23.9532 3832.33
23.9542 3832.3
23.9552 3832.27
23.9562 3832.24
23.9572 3832.21
23.9582 3832.18
23.9592 3832.14
23.9602 3832.11
23.9612 3832.08
23.9622 3832.05
23.9632 3832.02
23.9642 3831.99
23.9652 3831.96
23.9662 3831.92
23.9672 3831.89
23.9682 3831.86
23.9692 3831.83
23.9702 3831.8
23.9712 3831.77
23.9722 3831.74
23.9732 3831.7
23.9742 3831.67
23.9752 3831.64
23.9762 3831.61
23.9772 3831.58
23.9782 3831.55
23.9792 3831.52
23.9802 3831.48
23.9812 3831.45
23.9822 3831.42
23.9832 3831.39
23.9842 3831.36
23.9852 3831.33
23.9862 3831.29
23.9872 3831.26
23.9882 3831.23
23.9892 3831.2
23.9902 3831.17
23.9912 3831.14
23.9922 3831.11
23.9932 3831.07
23.9942 3831.04
23.9952 3831.01
23.9962 3830.98
23.9972 3830.95
23.9982 3830.92
23.9992 3830.88
24.0002 3830.85
24.0012 3830.81
24.0022 3830.77
24.0032 3830.73
24.0042 3830.68
24.0052 3830.64
24.0062 3830.6
24.0072 3830.56
24.0082 3830.52
24.0092 3830.47
24.0102 3830.43
24.0112 3830.39
24.0122 3830.35
24.0132 3830.31
24.0142 3830.26
24.0152 3830.22
24.0162 3830.18
24.0172 3830.14
24.0182 3830.1
24.0192 3830.05
24.0202 3830.01
24.0212 3829.97
24.0222 3829.93
24.0232 3829.88
24.0242 3829.84
24.0252 3829.8
24.0262 3829.76
24.0272 3829.72
24.0282 3829.67
24.0292 3829.63
24.0302 3829.59
24.0312 3829.55
24.0322 3829.5
24.0332 3829.46
24.0342 3829.42
24.0352 3829.38
24.0362 3829.34
24.0372 3829.29
24.0382 3829.25
24.0392 3829.21
24.0402 3829.17
24.0412 3829.13
24.0422 3829.08
24.0432 3829.04
24.0442 3829
24.0452 3828.96
24.0462 3828.91
24.0472 3828.87
24.0482 3828.83
24.0492 3828.79
24.0502 3828.75
24.0512 3828.7
24.0522 3828.66
24.0532 3828.62
24.0542 3828.58
24.0552 3828.53
24.0562 3828.49
24.0572 3828.45
24.0582 3828.41
24.0592 3828.37
24.0602 3828.32
24.0612 3828.28
24.0622 3828.24
24.0632 3828.2
24.0642 3828.15
24.0652 3828.11
24.0662 3828.07
24.0672 3828.03
24.0682 3827.99
24.0692 3827.94
24.0702 3827.9
24.0712 3827.86
24.0722 3827.82
24.0732 3827.77
24.0742 3827.73
24.0752 3827.69
24.0762 3827.65
24.0772 3827.6
24.0782 3827.56
24.0792 3827.52
24.0802 3827.48
24.0812 3827.44
24.0822 3827.39
24.0832 3827.35
24.0842 3827.31
24.0852 3827.27
24.0862 3827.22
24.0872 3827.18
24.0882 3827.14
24.0892 3827.1
24.0902 3827.05
24.0912 3827.01
24.0922 3826.97
24.0932 3826.93
24.0942 3826.89
24.0952 3826.84
24.0962 3826.8
24.0972 3826.76
24.0982 3826.72
24.0992 3826.67
24.1002 3826.63
24.1012 3826.59
24.1022 3826.55
24.1032 3826.5
24.1042 3826.46
24.1052 3826.42
24.1062 3826.38
24.1072 3826.34
24.1082 3826.29
24.1092 3826.25
24.1102 3826.21
24.1112 3826.17
24.1122 3826.12
24.1132 3826.08
24.1142 3826.04
24.1152 3826
24.1162 3825.95
24.1172 3825.91
24.1182 3825.87
24.1192 3825.83
24.1202 3825.78
24.1212 3825.74
24.1222 3825.7
24.1232 3825.66
24.1242 3825.61
24.1252 3825.57
24.1262 3825.53
24.1272 3825.49
24.1282 3825.45
24.1292 3825.4
24.1302 3825.36
24.1312 3825.32
24.1322 3825.28
24.1332 3825.23
24.1342 3825.19
24.1352 3825.15
24.1362 3825.11
24.1372 3825.06
24.1382 3825.02
24.1392 3824.98
24.1402 3824.94
24.1412 3824.89
24.1422 3824.85
24.1432 3824.81
24.1442 3824.77
24.1452 3824.72
24.1462 3824.68
24.1472 3824.64
24.1482 3824.6
24.1492 3824.55
24.1502 3824.51
24.1512 3824.47
24.1522 3824.43
24.1532 3824.38
24.1542 3824.34
24.1552 3824.3
24.1562 3824.26
24.1572 3824.21
24.1582 3824.17
24.1592 3824.13
24.1602 3824.09
24.1612 3824.04
24.1622 3824
24.1632 3823.96
24.1642 3823.92
24.1652 3823.87
24.1662 3823.83
24.1672 3823.79
24.1682 3823.75
24.1692 3823.7
24.1702 3823.66
24.1712 3823.62
24.1722 3823.58
24.1732 3823.53
24.1742 3823.49
24.1752 3823.45
24.1762 3823.41
24.1772 3823.36
24.1782 3823.32
24.1792 3823.28
24.1802 3823.24
24.1812 3823.19
24.1822 3823.15
24.1832 3823.11
24.1842 3823.07
24.1852 3823.02
24.1862 3822.98
24.1872 3822.94
24.1882 3822.9
24.1892 3822.85
24.1902 3822.81
24.1912 3822.77
24.1922 3822.73
24.1932 3822.68
24.1942 3822.64
24.1952 3822.6
24.1962 3822.56
24.1972 3822.51
24.1982 3822.47
24.1992 3822.43
24.2002 3822.39
24.2012 3822.34
24.2022 3822.3
24.2032 3822.26
24.2042 3822.22
24.2052 3822.17
24.2062 3822.13
24.2072 3822.09
24.2082 3822.05
24.2092 3822
24.2102 3821.96
24.2112 3821.92
24.2122 3821.88
24.2132 3821.83
24.2142 3821.79
24.2152 3821.75
24.2162 3821.7
24.2172 3821.66
24.2182 3821.62
24.2192 3821.58
24.2202 3821.53
24.2212 3821.49
24.2222 3821.45
24.2232 3821.41
24.2242 3821.36
24.2252 3821.32
24.2262 3821.28
24.2272 3821.24
24.2282 3821.19
24.2292 3821.15
24.2302 3821.11
24.2312 3821.07
24.2322 3821.02
24.2332 3820.98
24.2342 3820.94
24.2352 3820.89
24.2362 3820.85
24.2372 3820.81
24.2382 3820.77
24.2392 3820.72
24.2402 3820.68
24.2412 3820.64
24.2422 3820.6
24.2432 3820.55
24.2442 3820.51
24.2452 3820.47
24.2462 3820.43
24.2472 3820.38
24.2482 3820.34
24.2492 3820.3
24.2502 3820.25
24.2512 3820.21
24.2522 3820.17
24.2532 3820.13
24.2542 3820.08
24.2552 3820.04
24.2562 3820
24.2572 3819.96
24.2582 3819.91
24.2592 3819.87
24.2602 3819.83
24.2612 3819.78
24.2622 3819.74
24.2632 3819.7
24.2642 3819.66
24.2652 3819.61
24.2662 3819.57
24.2672 3819.53
24.2682 3819.49
24.2692 3819.44
24.2702 3819.4
24.2712 3819.36
24.2722 3819.31
24.2732 3819.27
24.2742 3819.23
24.2752 3819.19
24.2762 3819.14
24.2772 3819.1
24.2782 3819.06
24.2792 3819.02
24.2802 3818.97
24.2812 3818.93
24.2822 3818.89
24.2832 3818.84
24.2842 3818.8
24.2852 3818.76
24.2862 3818.72
24.2872 3818.67
24.2882 3818.63
24.2892 3818.59
24.2902 3818.55
24.2912 3818.5
24.2922 3818.46
24.2932 3818.42
24.2942 3818.37
24.2952 3818.33
24.2962 3818.29
24.2972 3818.25
24.2982 3818.2
24.2992 3818.16
24.3002 3818.12
24.3012 3818.07
24.3022 3818.03
24.3032 3817.99
24.3042 3817.95
24.3052 3817.9
24.3062 3817.86
24.3072 3817.82
24.3082 3817.77
24.3092 3817.73
24.3102 3817.69
24.3112 3817.65
24.3122 3817.6
24.3132 3817.56
24.3142 3817.52
24.3152 3817.47
24.3162 3817.43
24.3172 3817.39
24.3182 3817.35
24.3192 3817.3
24.3202 3817.26
24.3212 3817.22
24.3222 3817.18
24.3232 3817.13
24.3242 3817.09
24.3252 3817.05
24.3262 3817
24.3272 3816.96
24.3282 3816.92
24.3292 3816.87
24.3302 3816.83
24.3312 3816.79
24.3322 3816.75
24.3332 3816.7
24.3342 3816.66
24.3352 3816.62
24.3362 3816.57
24.3372 3816.53
24.3382 3816.49
24.3392 3816.45
24.3402 3816.4
24.3412 3816.36
24.3422 3816.32
24.3432 3816.27
24.3442 3816.23
24.3452 3816.19
24.3462 3816.15
24.3472 3816.1
24.3482 3816.06
24.3492 3816.02
24.3502 3815.97
24.3512 3815.93
24.3522 3815.89
24.3532 3815.85
24.3542 3815.8
24.3552 3815.76
24.3562 3815.72
24.3572 3815.67
24.3582 3815.63
24.3592 3815.59
24.3602 3815.54
24.3612 3815.5
24.3622 3815.46
24.3632 3815.42
24.3642 3815.37
24.3652 3815.33
24.3662 3815.29
24.3672 3815.24
24.3682 3815.2
24.3692 3815.16
24.3702 3815.12
24.3712 3815.07
24.3722 3815.03
24.3732 3814.99
24.3742 3814.94
24.3752 3814.9
24.3762 3814.86
24.3772 3814.81
24.3782 3814.77
24.3792 3814.73
24.3802 3814.69
24.3812 3814.64
24.3822 3814.6
24.3832 3814.56
24.3842 3814.51
24.3852 3814.47
24.3862 3814.43
24.3872 3814.38
24.3882 3814.34
24.3892 3814.3
24.3902 3814.26
24.3912 3814.21
24.3922 3814.17
24.3932 3814.13
24.3942 3814.08
24.3952 3814.04
24.3962 3814
24.3972 3813.95
24.3982 3813.91
24.3992 3813.87
24.4002 3813.83
24.4012 3813.78
24.4022 3813.74
24.4032 3813.7
24.4042 3813.65
24.4052 3813.61
24.4062 3813.57
24.4072 3813.52
24.4082 3813.48
24.4092 3813.44
24.4102 3813.39
24.4112 3813.35
24.4122 3813.31
24.4132 3813.27
24.4142 3813.22
24.4152 3813.18
24.4162 3813.14
24.4172 3813.09
24.4182 3813.05
24.4192 3813.01
24.4202 3812.96
24.4212 3812.92
24.4222 3812.88
24.4232 3812.83
24.4242 3812.79
24.4252 3812.75
24.4262 3812.71
24.4272 3812.66
24.4282 3812.62
24.4292 3812.58
24.4302 3812.53
24.4312 3812.49
24.4322 3812.45
24.4332 3812.4
24.4342 3812.36
24.4352 3812.32
24.4362 3812.27
24.4372 3812.23
24.4382 3812.19
24.4392 3812.15
24.4402 3812.1
24.4412 3812.06
24.4422 3812.02
24.4432 3811.97
24.4442 3811.93
24.4452 3811.89
24.4462 3811.84
24.4472 3811.8
24.4482 3811.76
24.4492 3811.71
24.4502 3811.67
24.4512 3811.63
24.4522 3811.58
24.4532 3811.54
24.4542 3811.5
24.4552 3811.45
24.4562 3811.41
24.4572 3811.37
24.4582 3811.33
24.4592 3811.28
24.4602 3811.24
24.4612 3811.2
24.4622 3811.15
24.4632 3811.11
24.4642 3811.07
24.4652 3811.02
24.4662 3810.98
24.4672 3810.94
24.4682 3810.89
24.4692 3810.85
24.4702 3810.81
24.4712 3810.76
24.4722 3810.72
24.4732 3810.68
24.4742 3810.63
24.4752 3810.59
24.4762 3810.55
24.4772 3810.5
24.4782 3810.46
24.4792 3810.42
24.4802 3810.38
24.4812 3810.33
24.4822 3810.29
24.4832 3810.25
24.4842 3810.2
24.4852 3810.16
24.4862 3810.12
24.4872 3810.07
24.4882 3810.03
24.4892 3809.99
24.4902 3809.94
24.4912 3809.9
24.4922 3809.86
24.4932 3809.81
24.4942 3809.77
24.4952 3809.73
24.4962 3809.68
24.4972 3809.64
24.4982 3809.6
24.4992 3809.55
24.5002 3809.51
24.5012 3809.47
24.5022 3809.42
24.5032 3809.38
24.5042 3809.34
24.5052 3809.29
24.5062 3809.25
24.5072 3809.21
24.5082 3809.16
24.5092 3809.12
24.5102 3809.08
24.5112 3809.03
24.5122 3808.99
24.5132 3808.95
24.5142 3808.9
24.5152 3808.86
24.5162 3808.82
24.5172 3808.77
24.5182 3808.73
24.5192 3808.69
24.5202 3808.64
24.5212 3808.6
24.5222 3808.56
24.5232 3808.51
24.5242 3808.47
24.5252 3808.43
24.5262 3808.38
24.5272 3808.34
24.5282 3808.3
24.5292 3808.25
24.5302 3808.21
24.5312 3808.17
24.5322 3808.12
24.5332 3808.08
24.5342 3808.04
24.5352 3807.99
24.5362 3807.95
24.5372 3807.91
24.5382 3807.86
24.5392 3807.82
24.5402 3807.78
24.5412 3807.73
24.5422 3807.69
24.5432 3807.65
24.5442 3807.6
24.5452 3807.56
24.5462 3807.52
24.5472 3807.47
24.5482 3807.43
24.5492 3807.39
24.5502 3807.34
24.5512 3807.3
24.5522 3807.26
24.5532 3807.21
24.5542 3807.17
24.5552 3807.13
24.5562 3807.08
24.5572 3807.04
24.5582 3807
24.5592 3806.95
24.5602 3806.91
24.5612 3806.87
24.5622 3806.82
24.5632 3806.78
24.5642 3806.74
24.5652 3806.69
24.5662 3806.65
24.5672 3806.61
24.5682 3806.56
24.5692 3806.52
24.5702 3806.48
24.5712 3806.43
24.5722 3806.39
24.5732 3806.35
24.5742 3806.3
24.5752 3806.26
24.5762 3806.22
24.5772 3806.17
24.5782 3806.13
24.5792 3806.09
24.5802 3806.04
24.5812 3806
24.5822 3805.96
24.5832 3805.91
24.5842 3805.87
24.5852 3805.82
24.5862 3805.78
24.5872 3805.74
24.5882 3805.69
24.5892 3805.65
24.5902 3805.61
24.5912 3805.56
24.5922 3805.52
24.5932 3805.48
24.5942 3805.43
24.5952 3805.39
24.5962 3805.35
24.5972 3805.3
24.5982 3805.26
24.5992 3805.22
24.6002 3805.17
24.6012 3805.13
24.6022 3805.09
24.6032 3805.04
24.6042 3805
24.6052 3804.96
24.6062 3804.91
24.6072 3804.87
24.6082 3804.82
24.6092 3804.78
24.6102 3804.74
24.6112 3804.69
24.6122 3804.65
24.6132 3804.61
24.6142 3804.56
24.6152 3804.52
24.6162 3804.48
24.6172 3804.43
24.6182 3804.39
24.6192 3804.35
24.6202 3804.3
24.6212 3804.26
24.6222 3804.22
24.6232 3804.17
24.6242 3804.13
24.6252 3804.08
24.6262 3804.04
24.6272 3804
24.6282 3803.95
24.6292 3803.91
24.6302 3803.87
24.6312 3803.82
24.6322 3803.78
24.6332 3803.74
24.6342 3803.69
24.6352 3803.65
24.6362 3803.61
24.6372 3803.56
24.6382 3803.52
24.6392 3803.47
24.6402 3803.43
24.6412 3803.39
24.6422 3803.34
24.6432 3803.3
24.6442 3803.26
24.6452 3803.21
24.6462 3803.17
24.6472 3803.13
24.6482 3803.08
24.6492 3803.04
24.6502 3803
24.6512 3802.95
24.6522 3802.91
24.6532 3802.86
24.6542 3802.82
24.6552 3802.78
24.6562 3802.73
24.6572 3802.69
24.6582 3802.65
24.6592 3802.6
24.6602 3802.56
24.6612 3802.52
24.6622 3802.47
24.6632 3802.43
24.6642 3802.38
24.6652 3802.34
24.6662 3802.3
24.6672 3802.25
24.6682 3802.21
24.6692 3802.17
24.6702 3802.12
24.6712 3802.08
24.6722 3802.04
24.6732 3801.99
24.6742 3801.95
24.6752 3801.9
24.6762 3801.86
24.6772 3801.82
24.6782 3801.77
24.6792 3801.73
24.6802 3801.69
24.6812 3801.64
24.6822 3801.6
24.6832 3801.56
24.6842 3801.51
24.6852 3801.47
24.6862 3801.42
24.6872 3801.38
24.6882 3801.34
24.6892 3801.29
24.6902 3801.25
24.6912 3801.21
24.6922 3801.16
24.6932 3801.12
24.6942 3801.07
24.6952 3801.03
24.6962 3800.99
24.6972 3800.94
24.6982 3800.9
24.6992 3800.86
24.7002 3800.81
24.7012 3800.77
24.7022 3800.72
24.7032 3800.68
24.7042 3800.64
24.7052 3800.59
24.7062 3800.55
24.7072 3800.51
24.7082 3800.46
24.7092 3800.42
24.7102 3800.38
24.7112 3800.33
24.7122 3800.29
24.7132 3800.24
24.7142 3800.2
24.7152 3800.16
24.7162 3800.11
24.7172 3800.07
24.7182 3800.03
24.7192 3799.98
24.7202 3799.94
24.7212 3799.89
24.7222 3799.85
24.7232 3799.81
24.7242 3799.76
24.7252 3799.72
24.7262 3799.67
24.7272 3799.63
24.7282 3799.59
24.7292 3799.54
24.7302 3799.5
24.7312 3799.46
24.7322 3799.41
24.7332 3799.37
24.7342 3799.32
24.7352 3799.28
24.7362 3799.24
24.7372 3799.19
24.7382 3799.15
24.7392 3799.11
24.7402 3799.06
24.7412 3799.02
24.7422 3798.97
24.7432 3798.93
24.7442 3798.89
24.7452 3798.84
24.7462 3798.8
24.7472 3798.76
24.7482 3798.71
24.7492 3798.67
24.7502 3798.62
24.7512 3798.58
24.7522 3798.54
24.7532 3798.49
24.7542 3798.45
24.7552 3798.4
24.7562 3798.36
24.7572 3798.32
24.7582 3798.27
24.7592 3798.23
24.7602 3798.19
24.7612 3798.14
24.7622 3798.1
24.7632 3798.05
24.7642 3798.01
24.7652 3797.97
24.7662 3797.92
24.7672 3797.88
24.7682 3797.83
24.7692 3797.79
24.7702 3797.75
24.7712 3797.7
24.7722 3797.66
24.7732 3797.62
24.7742 3797.57
24.7752 3797.53
24.7762 3797.48
24.7772 3797.44
24.7782 3797.4
24.7792 3797.35
24.7802 3797.31
24.7812 3797.26
24.7822 3797.22
24.7832 3797.18
24.7842 3797.13
24.7852 3797.09
24.7862 3797.04
24.7872 3797
24.7882 3796.96
24.7892 3796.91
24.7902 3796.87
24.7912 3796.82
24.7922 3796.78
24.7932 3796.74
24.7942 3796.69
24.7952 3796.65
24.7962 3796.61
24.7972 3796.56
24.7982 3796.52
24.7992 3796.47
24.8002 3796.43
24.8012 3796.39
24.8022 3796.34
24.8032 3796.3
24.8042 3796.25
24.8052 3796.21
24.8062 3796.17
24.8072 3796.12
24.8082 3796.08
24.8092 3796.03
24.8102 3795.99
24.8112 3795.95
24.8122 3795.9
24.8132 3795.86
24.8142 3795.81
24.8152 3795.77
24.8162 3795.73
24.8172 3795.68
24.8182 3795.64
24.8192 3795.59
24.8202 3795.55
24.8212 3795.51
24.8222 3795.46
24.8232 3795.42
24.8242 3795.37
24.8252 3795.33
24.8262 3795.29
24.8272 3795.24
24.8282 3795.2
24.8292 3795.15
24.8302 3795.11
24.8312 3795.07
24.8322 3795.02
24.8332 3794.98
24.8342 3794.93
24.8352 3794.89
24.8362 3794.85
24.8372 3794.8
24.8382 3794.76
24.8392 3794.71
24.8402 3794.67
24.8412 3794.63
24.8422 3794.58
24.8432 3794.54
24.8442 3794.49
24.8452 3794.45
24.8462 3794.41
24.8472 3794.36
24.8482 3794.32
24.8492 3794.27
24.8502 3794.23
24.8512 3794.19
24.8522 3794.14
24.8532 3794.1
24.8542 3794.05
24.8552 3794.01
24.8562 3793.97
24.8572 3793.92
24.8582 3793.88
24.8592 3793.83
24.8602 3793.79
24.8612 3793.75
24.8622 3793.7
24.8632 3793.66
24.8642 3793.61
24.8652 3793.57
24.8662 3793.52
24.8672 3793.48
24.8682 3793.44
24.8692 3793.39
24.8702 3793.35
24.8712 3793.3
24.8722 3793.26
24.8732 3793.22
24.8742 3793.17
24.8752 3793.13
24.8762 3793.08
24.8772 3793.04
24.8782 3793
24.8792 3792.95
24.8802 3792.91
24.8812 3792.86
24.8822 3792.82
24.8832 3792.78
24.8842 3792.73
24.8852 3792.69
24.8862 3792.64
24.8872 3792.6
24.8882 3792.55
24.8892 3792.51
24.8902 3792.47
24.8912 3792.42
24.8922 3792.38
24.8932 3792.33
24.8942 3792.29
24.8952 3792.25
24.8962 3792.2
24.8972 3792.16
24.8982 3792.11
24.8992 3792.07
24.9002 3792.02
24.9012 3791.98
24.9022 3791.94
24.9032 3791.89
24.9042 3791.85
24.9052 3791.8
24.9062 3791.76
24.9072 3791.72
24.9082 3791.67
24.9092 3791.63
24.9102 3791.58
24.9112 3791.54
24.9122 3791.49
24.9132 3791.45
24.9142 3791.41
24.9152 3791.36
24.9162 3791.32
24.9172 3791.27
24.9182 3791.23
24.9192 3791.19
24.9202 3791.14
24.9212 3791.1
24.9222 3791.05
24.9232 3791.01
24.9242 3790.96
24.9252 3790.92
24.9262 3790.88
24.9272 3790.83
24.9282 3790.79
24.9292 3790.74
24.9302 3790.7
24.9312 3790.65
24.9322 3790.61
24.9332 3790.57
24.9342 3790.52
24.9352 3790.48
24.9362 3790.43
24.9372 3790.39
24.9382 3790.35
24.9392 3790.3
24.9402 3790.26
24.9412 3790.21
24.9422 3790.17
24.9432 3790.12
24.9442 3790.08
24.9452 3790.04
24.9462 3789.99
24.9472 3789.95
24.9482 3789.9
24.9492 3789.86
24.9502 3789.81
24.9512 3789.77
24.9522 3789.73
24.9532 3789.68
24.9542 3789.64
24.9552 3789.59
24.9562 3789.55
24.9572 3789.5
24.9582 3789.46
24.9592 3789.42
24.9602 3789.37
24.9612 3789.33
24.9622 3789.28
24.9632 3789.24
24.9642 3789.19
24.9652 3789.15
24.9662 3789.11
24.9672 3789.06
24.9682 3789.02
24.9692 3788.97
24.9702 3788.93
24.9712 3788.88
24.9722 3788.84
24.9732 3788.8
24.9742 3788.75
24.9752 3788.71
24.9762 3788.66
24.9772 3788.62
24.9782 3788.57
24.9792 3788.53
24.9802 3788.48
24.9812 3788.44
24.9822 3788.4
24.9832 3788.35
24.9842 3788.31
24.9852 3788.26
24.9862 3788.22
24.9872 3788.17
24.9882 3788.13
24.9892 3788.09
24.9902 3788.04
24.9912 3788
24.9922 3787.95
24.9932 3787.91
24.9942 3787.86
24.9952 3787.82
24.9962 3787.78
24.9972 3787.73
24.9982 3787.69
24.9992 3787.64
25.0002 3787.6
25.0012 3787.55
25.0022 3787.51
25.0032 3787.46
25.0042 3787.42
25.0052 3787.38
25.0062 3787.33
25.0072 3787.29
25.0082 3787.24
25.0092 3787.2
25.0102 3787.15
25.0112 3787.11
25.0122 3787.06
25.0132 3787.02
25.0142 3786.98
25.0152 3786.93
25.0162 3786.89
25.0172 3786.84
25.0182 3786.8
25.0192 3786.75
25.0202 3786.71
25.0212 3786.67
25.0222 3786.62
25.0232 3786.58
25.0242 3786.53
25.0252 3786.49
25.0262 3786.44
25.0272 3786.4
25.0282 3786.35
25.0292 3786.31
25.0302 3786.27
25.0312 3786.22
25.0322 3786.18
25.0332 3786.13
25.0342 3786.09
25.0352 3786.04
25.0362 3786
25.0372 3785.95
25.0382 3785.91
25.0392 3785.87
25.0402 3785.82
25.0412 3785.78
25.0422 3785.73
25.0432 3785.69
25.0442 3785.64
25.0452 3785.6
25.0462 3785.55
25.0472 3785.51
25.0482 3785.46
25.0492 3785.42
25.0502 3785.38
25.0512 3785.33
25.0522 3785.29
25.0532 3785.24
25.0542 3785.2
25.0552 3785.15
25.0562 3785.11
25.0572 3785.06
25.0582 3785.02
25.0592 3784.98
25.0602 3784.93
25.0612 3784.89
25.0622 3784.84
25.0632 3784.8
25.0642 3784.75
25.0652 3784.71
25.0662 3784.66
25.0672 3784.62
25.0682 3784.57
25.0692 3784.53
25.0702 3784.49
25.0712 3784.44
25.0722 3784.4
25.0732 3784.35
25.0742 3784.31
25.0752 3784.26
25.0762 3784.22
25.0772 3784.17
25.0782 3784.13
25.0792 3784.08
25.0802 3784.04
25.0812 3784
25.0822 3783.95
25.0832 3783.91
25.0842 3783.86
25.0852 3783.82
25.0862 3783.77
25.0872 3783.73
25.0882 3783.68
25.0892 3783.64
25.0902 3783.59
25.0912 3783.55
25.0922 3783.51
25.0932 3783.46
25.0942 3783.42
25.0952 3783.37
25.0962 3783.33
25.0972 3783.28
25.0982 3783.24
25.0992 3783.19
25.1002 3783.15
25.1012 3783.1
25.1022 3783.06
25.1032 3783.02
25.1042 3782.97
25.1052 3782.93
25.1062 3782.88
25.1072 3782.84
25.1082 3782.79
25.1092 3782.75
25.1102 3782.7
25.1112 3782.66
25.1122 3782.61
25.1132 3782.57
25.1142 3782.52
25.1152 3782.48
25.1162 3782.44
25.1172 3782.39
25.1182 3782.35
25.1192 3782.3
25.1202 3782.26
25.1212 3782.21
25.1222 3782.17
25.1232 3782.12
25.1242 3782.08
25.1252 3782.03
25.1262 3781.99
25.1272 3781.94
25.1282 3781.9
25.1292 3781.85
25.1302 3781.81
25.1312 3781.77
25.1322 3781.72
25.1332 3781.68
25.1342 3781.63
25.1352 3781.59
25.1362 3781.54
25.1372 3781.5
25.1382 3781.45
25.1392 3781.41
25.1402 3781.36
25.1412 3781.32
25.1422 3781.27
25.1432 3781.23
25.1442 3781.18
25.1452 3781.14
25.1462 3781.1
25.1472 3781.05
25.1482 3781.01
25.1492 3780.96
25.1502 3780.92
25.1512 3780.87
25.1522 3780.83
25.1532 3780.78
25.1542 3780.74
25.1552 3780.69
25.1562 3780.65
25.1572 3780.6
25.1582 3780.56
25.1592 3780.51
25.1602 3780.47
25.1612 3780.42
25.1622 3780.38
25.1632 3780.33
25.1642 3780.29
25.1652 3780.25
25.1662 3780.2
25.1672 3780.16
25.1682 3780.11
25.1692 3780.07
25.1702 3780.02
25.1712 3779.98
25.1722 3779.93
25.1732 3779.89
25.1742 3779.84
25.1752 3779.8
25.1762 3779.75
25.1772 3779.71
25.1782 3779.66
25.1792 3779.62
25.1802 3779.57
25.1812 3779.53
25.1822 3779.48
25.1832 3779.44
25.1842 3779.4
25.1852 3779.35
25.1862 3779.31
25.1872 3779.26
25.1882 3779.22
25.1892 3779.17
25.1902 3779.13
25.1912 3779.08
25.1922 3779.04
25.1932 3778.99
25.1942 3778.95
25.1952 3778.9
25.1962 3778.86
25.1972 3778.81
25.1982 3778.77
25.1992 3778.72
25.2002 3778.68
25.2012 3778.63
25.2022 3778.59
25.2032 3778.54
25.2042 3778.5
25.2052 3778.45
25.2062 3778.41
25.2072 3778.36
25.2082 3778.32
25.2092 3778.27
25.2102 3778.23
25.2112 3778.19
25.2122 3778.14
25.2132 3778.1
25.2142 3778.05
25.2152 3778.01
25.2162 3777.96
25.2172 3777.92
25.2182 3777.87
25.2192 3777.83
25.2202 3777.78
25.2212 3777.74
25.2222 3777.69
25.2232 3777.65
25.2242 3777.6
25.2252 3777.56
25.2262 3777.51
25.2272 3777.47
25.2282 3777.42
25.2292 3777.38
25.2302 3777.33
25.2312 3777.29
25.2322 3777.24
25.2332 3777.2
25.2342 3777.15
25.2352 3777.11
25.2362 3777.06
25.2372 3777.02
25.2382 3776.97
25.2392 3776.93
25.2402 3776.88
25.2412 3776.84
25.2422 3776.79
25.2432 3776.75
25.2442 3776.7
25.2452 3776.66
25.2462 3776.61
25.2472 3776.57
25.2482 3776.52
25.2492 3776.48
25.2502 3776.44
25.2512 3776.39
25.2522 3776.35
25.2532 3776.3
25.2542 3776.26
25.2552 3776.21
25.2562 3776.17
25.2572 3776.12
25.2582 3776.08
25.2592 3776.03
25.2602 3775.99
25.2612 3775.94
25.2622 3775.9
25.2632 3775.85
25.2642 3775.81
25.2652 3775.76
25.2662 3775.72
25.2672 3775.67
25.2682 3775.63
25.2692 3775.58
25.2702 3775.54
25.2712 3775.49
25.2722 3775.45
25.2732 3775.4
25.2742 3775.36
25.2752 3775.31
25.2762 3775.27
25.2772 3775.22
25.2782 3775.18
25.2792 3775.13
25.2802 3775.09
25.2812 3775.04
25.2822 3775
25.2832 3774.95
25.2842 3774.91
25.2852 3774.86
25.2862 3774.82
25.2872 3774.77
25.2882 3774.73
25.2892 3774.68
25.2902 3774.64
25.2912 3774.59
25.2922 3774.55
25.2932 3774.5
25.2942 3774.46
25.2952 3774.41
25.2962 3774.37
25.2972 3774.32
25.2982 3774.28
25.2992 3774.23
25.3002 3774.19
25.3012 3774.14
25.3022 3774.1
25.3032 3774.05
25.3042 3774.01
25.3052 3773.96
25.3062 3773.92
25.3072 3773.87
25.3082 3773.83
25.3092 3773.78
25.3102 3773.74
25.3112 3773.69
25.3122 3773.65
25.3132 3773.6
25.3142 3773.56
25.3152 3773.51
25.3162 3773.47
25.3172 3773.42
25.3182 3773.38
25.3192 3773.33
25.3202 3773.29
25.3212 3773.24
25.3222 3773.2
25.3232 3773.15
25.3242 3773.11
25.3252 3773.06
25.3262 3773.02
25.3272 3772.97
25.3282 3772.92
25.3292 3772.88
25.3302 3772.83
25.3312 3772.79
25.3322 3772.74
25.3332 3772.7
25.3342 3772.65
25.3352 3772.61
25.3362 3772.56
25.3372 3772.52
25.3382 3772.47
25.3392 3772.43
25.3402 3772.38
25.3412 3772.34
25.3422 3772.29
25.3432 3772.25
25.3442 3772.2
25.3452 3772.16
25.3462 3772.11
25.3472 3772.07
25.3482 3772.02
25.3492 3771.98
25.3502 3771.93
25.3512 3771.89
25.3522 3771.84
25.3532 3771.8
25.3542 3771.75
25.3552 3771.71
25.3562 3771.66
25.3572 3771.62
25.3582 3771.57
25.3592 3771.53
25.3602 3771.48
25.3612 3771.44
25.3622 3771.39
25.3632 3771.35
25.3642 3771.3
25.3652 3771.26
25.3662 3771.21
25.3672 3771.16
25.3682 3771.12
25.3692 3771.07
25.3702 3771.03
25.3712 3770.98
25.3722 3770.94
25.3732 3770.89
25.3742 3770.85
25.3752 3770.8
25.3762 3770.76
25.3772 3770.71
25.3782 3770.67
25.3792 3770.62
25.3802 3770.58
25.3812 3770.53
25.3822 3770.49
25.3832 3770.44
25.3842 3770.4
25.3852 3770.35
25.3862 3770.31
25.3872 3770.26
25.3882 3770.22
25.3892 3770.17
25.3902 3770.13
25.3912 3770.08
25.3922 3770.04
25.3932 3769.99
25.3942 3769.94
25.3952 3769.9
25.3962 3769.85
25.3972 3769.81
25.3982 3769.76
25.3992 3769.72
25.4002 3769.67
25.4012 3769.63
25.4022 3769.58
25.4032 3769.54
25.4042 3769.49
25.4052 3769.45
25.4062 3769.4
25.4072 3769.36
25.4082 3769.31
25.4092 3769.27
25.4102 3769.22
25.4112 3769.18
25.4122 3769.13
25.4132 3769.08
25.4142 3769.04
25.4152 3768.99
25.4162 3768.95
25.4172 3768.9
25.4182 3768.86
25.4192 3768.81
25.4202 3768.77
25.4212 3768.72
25.4222 3768.68
25.4232 3768.63
25.4242 3768.59
25.4252 3768.54
25.4262 3768.5
25.4272 3768.45
25.4282 3768.41
25.4292 3768.36
25.4302 3768.32
25.4312 3768.27
25.4322 3768.22
25.4332 3768.18
25.4342 3768.13
25.4352 3768.09
25.4362 3768.04
25.4372 3768
25.4382 3767.95
25.4392 3767.91
25.4402 3767.86
25.4412 3767.82
25.4422 3767.77
25.4432 3767.73
25.4442 3767.68
25.4452 3767.64
25.4462 3767.59
25.4472 3767.54
25.4482 3767.5
25.4492 3767.45
25.4502 3767.41
25.4512 3767.36
25.4522 3767.32
25.4532 3767.27
25.4542 3767.23
25.4552 3767.18
25.4562 3767.14
25.4572 3767.09
25.4582 3767.05
25.4592 3767
25.4602 3766.96
25.4612 3766.91
25.4622 3766.86
25.4632 3766.82
25.4642 3766.77
25.4652 3766.73
25.4662 3766.68
25.4672 3766.64
25.4682 3766.59
25.4692 3766.55
25.4702 3766.5
25.4712 3766.46
25.4722 3766.41
25.4732 3766.37
25.4742 3766.32
25.4752 3766.27
25.4762 3766.23
25.4772 3766.18
25.4782 3766.14
25.4792 3766.09
25.4802 3766.05
25.4812 3766
25.4822 3765.96
25.4832 3765.91
25.4842 3765.87
25.4852 3765.82
25.4862 3765.78
25.4872 3765.73
25.4882 3765.68
25.4892 3765.64
25.4902 3765.59
25.4912 3765.55
25.4922 3765.5
25.4932 3765.46
25.4942 3765.41
25.4952 3765.37
25.4962 3765.32
25.4972 3765.28
25.4982 3765.23
25.4992 3765.18
25.5002 3765.14
25.5012 3765.09
25.5022 3765.05
25.5032 3765
25.5042 3764.96
25.5052 3764.91
25.5062 3764.87
25.5072 3764.82
25.5082 3764.78
25.5092 3764.73
25.5102 3764.68
25.5112 3764.64
25.5122 3764.59
25.5132 3764.55
25.5142 3764.5
25.5152 3764.46
25.5162 3764.41
25.5172 3764.37
25.5182 3764.32
25.5192 3764.28
25.5202 3764.23
25.5212 3764.18
25.5222 3764.14
25.5232 3764.09
25.5242 3764.05
25.5252 3764
25.5262 3763.96
25.5272 3763.91
25.5282 3763.87
25.5292 3763.82
25.5302 3763.77
25.5312 3763.73
25.5322 3763.68
25.5332 3763.64
25.5342 3763.59
25.5352 3763.55
25.5362 3763.5
25.5372 3763.46
25.5382 3763.41
25.5392 3763.36
25.5402 3763.32
25.5412 3763.27
25.5422 3763.23
25.5432 3763.18
25.5442 3763.14
25.5452 3763.09
25.5462 3763.05
25.5472 3763
25.5482 3762.96
25.5492 3762.91
25.5502 3762.86
25.5512 3762.82
25.5522 3762.77
25.5532 3762.73
25.5542 3762.68
25.5552 3762.64
25.5562 3762.59
25.5572 3762.55
25.5582 3762.5
25.5592 3762.45
25.5602 3762.41
25.5612 3762.36
25.5622 3762.32
25.5632 3762.27
25.5642 3762.23
25.5652 3762.18
25.5662 3762.13
25.5672 3762.09
25.5682 3762.04
25.5692 3762
25.5702 3761.95
25.5712 3761.91
25.5722 3761.86
25.5732 3761.82
25.5742 3761.77
25.5752 3761.72
25.5762 3761.68
25.5772 3761.63
25.5782 3761.59
25.5792 3761.54
25.5802 3761.5
25.5812 3761.45
25.5822 3761.41
25.5832 3761.36
25.5842 3761.31
25.5852 3761.27
25.5862 3761.22
25.5872 3761.18
25.5882 3761.13
25.5892 3761.09
25.5902 3761.04
25.5912 3760.99
25.5922 3760.95
25.5932 3760.9
25.5942 3760.86
25.5952 3760.81
25.5962 3760.77
25.5972 3760.72
25.5982 3760.68
25.5992 3760.63
25.6002 3760.58
25.6012 3760.54
25.6022 3760.49
25.6032 3760.45
25.6042 3760.4
25.6052 3760.36
25.6062 3760.31
25.6072 3760.26
25.6082 3760.22
25.6092 3760.17
25.6102 3760.13
25.6112 3760.08
25.6122 3760.04
25.6132 3759.99
25.6142 3759.94
25.6152 3759.9
25.6162 3759.85
25.6172 3759.81
25.6182 3759.76
25.6192 3759.72
25.6202 3759.67
25.6212 3759.62
25.6222 3759.58
25.6232 3759.53
25.6242 3759.49
25.6252 3759.44
25.6262 3759.4
25.6272 3759.35
25.6282 3759.3
25.6292 3759.26
25.6302 3759.21
25.6312 3759.17
25.6322 3759.12
25.6332 3759.08
25.6342 3759.03
25.6352 3758.98
25.6362 3758.94
25.6372 3758.89
25.6382 3758.85
25.6392 3758.8
25.6402 3758.76
25.6412 3758.71
25.6422 3758.66
25.6432 3758.62
25.6442 3758.57
25.6452 3758.53
25.6462 3758.48
25.6472 3758.44
25.6482 3758.39
25.6492 3758.34
25.6502 3758.3
25.6512 3758.25
25.6522 3758.21
25.6532 3758.16
25.6542 3758.12
25.6552 3758.07
25.6562 3758.02
25.6572 3757.98
25.6582 3757.93
25.6592 3757.89
25.6602 3757.84
25.6612 3757.79
25.6622 3757.75
25.6632 3757.7
25.6642 3757.66
25.6652 3757.61
25.6662 3757.57
25.6672 3757.52
25.6682 3757.47
25.6692 3757.43
25.6702 3757.38
25.6712 3757.34
25.6722 3757.29
25.6732 3757.25
25.6742 3757.2
25.6752 3757.15
25.6762 3757.11
25.6772 3757.06
25.6782 3757.02
25.6792 3756.97
25.6802 3756.92
25.6812 3756.88
25.6822 3756.83
25.6832 3756.79
25.6842 3756.74
25.6852 3756.7
25.6862 3756.65
25.6872 3756.6
25.6882 3756.56
25.6892 3756.51
25.6902 3756.47
25.6912 3756.42
25.6922 3756.37
25.6932 3756.33
25.6942 3756.28
25.6952 3756.24
25.6962 3756.19
25.6972 3756.15
25.6982 3756.1
25.6992 3756.05
25.7002 3756.01
25.7012 3755.96
25.7022 3755.92
25.7032 3755.87
25.7042 3755.82
25.7052 3755.78
25.7062 3755.73
25.7072 3755.69
25.7082 3755.64
25.7092 3755.6
25.7102 3755.55
25.7112 3755.5
25.7122 3755.46
25.7132 3755.41
25.7142 3755.37
25.7152 3755.32
25.7162 3755.27
25.7172 3755.23
25.7182 3755.18
25.7192 3755.14
25.7202 3755.09
25.7212 3755.04
25.7222 3755
25.7232 3754.95
25.7242 3754.91
25.7252 3754.86
25.7262 3754.81
25.7272 3754.77
25.7282 3754.72
25.7292 3754.68
25.7302 3754.63
25.7312 3754.59
25.7322 3754.54
25.7332 3754.49
25.7342 3754.45
25.7352 3754.4
25.7362 3754.36
25.7372 3754.31
25.7382 3754.26
25.7392 3754.22
25.7402 3754.17
25.7412 3754.13
25.7422 3754.08
25.7432 3754.03
25.7442 3753.99
25.7452 3753.94
25.7462 3753.9
25.7472 3753.85
25.7482 3753.8
25.7492 3753.76
25.7502 3753.71
25.7512 3753.67
25.7522 3753.62
25.7532 3753.57
25.7542 3753.53
25.7552 3753.48
25.7562 3753.44
25.7572 3753.39
25.7582 3753.34
25.7592 3753.3
25.7602 3753.25
25.7612 3753.21
25.7622 3753.16
25.7632 3753.11
25.7642 3753.07
25.7652 3753.02
25.7662 3752.98
25.7672 3752.93
25.7682 3752.88
25.7692 3752.84
25.7702 3752.79
25.7712 3752.75
25.7722 3752.7
25.7732 3752.65
25.7742 3752.61
25.7752 3752.56
25.7762 3752.52
25.7772 3752.47
25.7782 3752.42
25.7792 3752.38
25.7802 3752.33
25.7812 3752.29
25.7822 3752.24
25.7832 3752.19
25.7842 3752.15
25.7852 3752.1
25.7862 3752.06
25.7872 3752.01
25.7882 3751.96
25.7892 3751.92
25.7902 3751.87
25.7912 3751.83
25.7922 3751.78
25.7932 3751.73
25.7942 3751.69
25.7952 3751.64
25.7962 3751.6
25.7972 3751.55
25.7982 3751.5
25.7992 3751.46
25.8002 3751.41
25.8012 3751.37
25.8022 3751.32
25.8032 3751.27
25.8042 3751.23
25.8052 3751.18
25.8062 3751.14
25.8072 3751.09
25.8082 3751.04
25.8092 3751
25.8102 3750.95
25.8112 3750.9
25.8122 3750.86
25.8132 3750.81
25.8142 3750.77
25.8152 3750.72
25.8162 3750.67
25.8172 3750.63
25.8182 3750.58
25.8192 3750.54
25.8202 3750.49
25.8212 3750.44
25.8222 3750.4
25.8232 3750.35
25.8242 3750.31
25.8252 3750.26
25.8262 3750.21
25.8272 3750.17
25.8282 3750.12
25.8292 3750.07
25.8302 3750.03
25.8312 3749.98
25.8322 3749.94
25.8332 3749.89
25.8342 3749.84
25.8352 3749.8
25.8362 3749.75
25.8372 3749.71
25.8382 3749.66
25.8392 3749.61
25.8402 3749.57
25.8412 3749.52
25.8422 3749.47
25.8432 3749.43
25.8442 3749.38
25.8452 3749.34
25.8462 3749.29
25.8472 3749.24
25.8482 3749.2
25.8492 3749.15
25.8502 3749.11
25.8512 3749.06
25.8522 3749.01
25.8532 3748.97
25.8542 3748.92
25.8552 3748.87
25.8562 3748.83
25.8572 3748.78
25.8582 3748.74
25.8592 3748.69
25.8602 3748.64
25.8612 3748.6
25.8622 3748.55
25.8632 3748.51
25.8642 3748.46
25.8652 3748.41
25.8662 3748.37
25.8672 3748.32
25.8682 3748.27
25.8692 3748.23
25.8702 3748.18
25.8712 3748.14
25.8722 3748.09
25.8732 3748.04
25.8742 3748
25.8752 3747.95
25.8762 3747.9
25.8772 3747.86
25.8782 3747.81
25.8792 3747.77
25.8802 3747.72
25.8812 3747.67
25.8822 3747.63
25.8832 3747.58
25.8842 3747.53
25.8852 3747.49
25.8862 3747.44
25.8872 3747.4
25.8882 3747.35
25.8892 3747.3
25.8902 3747.26
25.8912 3747.21
25.8922 3747.16
25.8932 3747.12
25.8942 3747.07
25.8952 3747.03
25.8962 3746.98
25.8972 3746.93
25.8982 3746.89
25.8992 3746.84
25.9002 3746.79
25.9012 3746.75
25.9022 3746.7
25.9032 3746.66
25.9042 3746.61
25.9052 3746.56
25.9062 3746.52
25.9072 3746.47
25.9082 3746.42
25.9092 3746.38
25.9102 3746.33
25.9112 3746.29
25.9122 3746.24
25.9132 3746.19
25.9142 3746.15
25.9152 3746.1
25.9162 3746.05
25.9172 3746.01
25.9182 3745.96
25.9192 3745.92
25.9202 3745.87
25.9212 3745.82
25.9222 3745.78
25.9232 3745.73
25.9242 3745.68
25.9252 3745.64
25.9262 3745.59
25.9272 3745.54
25.9282 3745.5
25.9292 3745.45
25.9302 3745.41
25.9312 3745.36
25.9322 3745.31
25.9332 3745.27
25.9342 3745.22
25.9352 3745.17
25.9362 3745.13
25.9372 3745.08
25.9382 3745.04
25.9392 3744.99
25.9402 3744.94
25.9412 3744.9
25.9422 3744.85
25.9432 3744.8
25.9442 3744.76
25.9452 3744.71
25.9462 3744.66
25.9472 3744.62
25.9482 3744.57
25.9492 3744.53
25.9502 3744.48
25.9512 3744.43
25.9522 3744.39
25.9532 3744.34
25.9542 3744.29
25.9552 3744.25
25.9562 3744.2
25.9572 3744.15
25.9582 3744.11
25.9592 3744.06
25.9602 3744.02
25.9612 3743.97
25.9622 3743.92
25.9632 3743.88
25.9642 3743.83
25.9652 3743.78
25.9662 3743.74
25.9672 3743.69
25.9682 3743.64
25.9692 3743.6
25.9702 3743.55
25.9712 3743.5
25.9722 3743.46
25.9732 3743.41
25.9742 3743.37
25.9752 3743.32
25.9762 3743.27
25.9772 3743.23
25.9782 3743.18
25.9792 3743.13
25.9802 3743.09
25.9812 3743.04
25.9822 3742.99
25.9832 3742.95
25.9842 3742.9
25.9852 3742.85
25.9862 3742.81
25.9872 3742.76
25.9882 3742.72
25.9892 3742.67
25.9902 3742.62
25.9912 3742.58
25.9922 3742.53
25.9932 3742.48
25.9942 3742.44
25.9952 3742.39
25.9962 3742.34
25.9972 3742.3
25.9982 3742.25
25.9992 3742.2
26.0002 3742.16
26.0012 3742.31
26.0022 3742.46
26.0032 3742.62
26.0042 3742.77
26.0052 3742.92
26.0062 3743.07
26.0072 3743.23
26.0082 3743.38
26.0092 3743.53
26.0102 3743.68
26.0112 3743.84
26.0122 3743.99
26.0132 3744.14
26.0142 3744.29
26.0152 3744.45
26.0162 3744.6
26.0172 3744.75
26.0182 3744.91
26.0192 3745.06
26.0202 3745.21
26.0212 3745.36
26.0222 3745.52
26.0232 3745.67
26.0242 3745.82
26.0252 3745.97
26.0262 3746.13
26.0272 3746.28
26.0282 3746.43
26.0292 3746.59
26.0302 3746.74
26.0312 3746.89
26.0322 3747.04
26.0332 3747.2
26.0342 3747.35
26.0352 3747.5
26.0362 3747.66
26.0372 3747.81
26.0382 3747.96
26.0392 3748.11
26.0402 3748.27
26.0412 3748.42
26.0422 3748.57
26.0432 3748.73
26.0442 3748.88
26.0452 3749.03
26.0462 3749.19
26.0472 3749.34
26.0482 3749.49
26.0492 3749.64
26.0502 3749.8
26.0512 3749.95
26.0522 3750.1
26.0532 3750.26
26.0542 3750.41
26.0552 3750.56
26.0562 3750.72
26.0572 3750.87
26.0582 3751.02
26.0592 3751.18
26.0602 3751.33
26.0612 3751.48
26.0622 3751.63
26.0632 3751.79
26.0642 3751.94
26.0652 3752.09
26.0662 3752.25
26.0672 3752.4
26.0682 3752.55
26.0692 3752.71
26.0702 3752.86
26.0712 3753.01
26.0722 3753.17
26.0732 3753.32
26.0742 3753.47
26.0752 3753.63
26.0762 3753.78
26.0772 3753.93
26.0782 3754.09
26.0792 3754.24
26.0802 3754.39
26.0812 3754.55
26.0822 3754.7
26.0832 3754.85
26.0842 3755.01
26.0852 3755.16
26.0862 3755.31
26.0872 3755.47
26.0882 3755.62
26.0892 3755.77
26.0902 3755.93
26.0912 3756.08
26.0922 3756.23
26.0932 3756.39
26.0942 3756.54
26.0952 3756.69
26.0962 3756.85
26.0972 3757
26.0982 3757.15
26.0992 3757.31
26.1002 3757.46
26.1012 3757.61
26.1022 3757.77
26.1032 3757.92
26.1042 3758.07
26.1052 3758.23
26.1062 3758.38
26.1072 3758.54
26.1082 3758.69
26.1092 3758.84
26.1102 3759
26.1112 3759.15
26.1122 3759.3
26.1132 3759.46
26.1142 3759.61
26.1152 3759.76
26.1162 3759.92
26.1172 3760.07
26.1182 3760.22
26.1192 3760.38
26.1202 3760.53
26.1212 3760.69
26.1222 3760.84
26.1232 3760.99
26.1242 3761.15
26.1252 3761.3
26.1262 3761.45
26.1272 3761.61
26.1282 3761.76
26.1292 3761.92
26.1302 3762.07
26.1312 3762.22
26.1322 3762.38
26.1332 3762.53
26.1342 3762.68
26.1352 3762.84
26.1362 3762.99
26.1372 3763.15
26.1382 3763.3
26.1392 3763.45
26.1402 3763.61
26.1412 3763.76
26.1422 3763.92
26.1432 3764.07
26.1442 3764.22
26.1452 3764.38
26.1462 3764.53
26.1472 3764.69
26.1482 3764.84
26.1492 3764.99
26.1502 3765.15
26.1512 3765.3
26.1522 3765.45
26.1532 3765.61
26.1542 3765.76
26.1552 3765.92
26.1562 3766.07
26.1572 3766.22
26.1582 3766.38
26.1592 3766.53
26.1602 3766.69
26.1612 3766.84
26.1622 3767
26.1632 3767.15
26.1642 3767.3
26.1652 3767.46
26.1662 3767.61
26.1672 3767.77
26.1682 3767.92
26.1692 3768.07
26.1702 3768.23
26.1712 3768.38
26.1722 3768.54
26.1732 3768.69
26.1742 3768.84
26.1752 3769
26.1762 3769.15
26.1772 3769.31
26.1782 3769.46
26.1792 3769.62
26.1802 3769.77
26.1812 3769.92
26.1822 3770.08
26.1832 3770.23
26.1842 3770.39
26.1852 3770.54
26.1862 3770.7
26.1872 3770.85
26.1882 3771
26.1892 3771.16
26.1902 3771.31
26.1912 3771.47
26.1922 3771.62
26.1932 3771.78
26.1942 3771.93
26.1952 3772.08
26.1962 3772.24
26.1972 3772.39
26.1982 3772.55
26.1992 3772.7
26.2002 3772.86
26.2012 3773.01
26.2022 3773.17
26.2032 3773.32
26.2042 3773.47
26.2052 3773.63
26.2062 3773.78
26.2072 3773.94
26.2082 3774.09
26.2092 3774.25
26.2102 3774.4
26.2112 3774.56
26.2122 3774.71
26.2132 3774.87
26.2142 3775.02
26.2152 3775.17
26.2162 3775.33
26.2172 3775.48
26.2182 3775.64
26.2192 3775.79
26.2202 3775.95
26.2212 3776.1
26.2222 3776.26
26.2232 3776.41
26.2242 3776.57
26.2252 3776.72
26.2262 3776.88
26.2272 3777.03
26.2282 3777.18
26.2292 3777.34
26.2302 3777.49
26.2312 3777.65
26.2322 3777.8
26.2332 3777.96
26.2342 3778.11
26.2352 3778.27
26.2362 3778.42
26.2372 3778.58
26.2382 3778.73
26.2392 3778.89
26.2402 3779.04
26.2412 3779.2
26.2422 3779.35
26.2432 3779.51
26.2442 3779.66
26.2452 3779.82
26.2462 3779.97
26.2472 3780.13
26.2482 3780.28
26.2492 3780.44
26.2502 3780.59
26.2512 3780.75
26.2522 3780.9
26.2532 3781.06
26.2542 3781.21
26.2552 3781.36
26.2562 3781.52
26.2572 3781.67
26.2582 3781.83
26.2592 3781.98
26.2602 3782.14
26.2612 3782.29
26.2622 3782.45
26.2632 3782.6
26.2642 3782.76
26.2652 3782.91
26.2662 3783.07
26.2672 3783.23
26.2682 3783.38
26.2692 3783.54
26.2702 3783.69
26.2712 3783.85
26.2722 3784
26.2732 3784.16
26.2742 3784.31
26.2752 3784.47
26.2762 3784.62
26.2772 3784.78
26.2782 3784.93
26.2792 3785.09
26.2802 3785.24
26.2812 3785.4
26.2822 3785.55
26.2832 3785.71
26.2842 3785.86
26.2852 3786.02
26.2862 3786.17
26.2872 3786.33
26.2882 3786.48
26.2892 3786.64
26.2902 3786.79
26.2912 3786.95
26.2922 3787.1
26.2932 3787.26
26.2942 3787.42
26.2952 3787.57
26.2962 3787.73
26.2972 3787.88
26.2982 3788.04
26.2992 3788.19
26.3002 3788.35
26.3012 3788.5
26.3022 3788.66
26.3032 3788.81
26.3042 3788.97
26.3052 3789.12
26.3062 3789.28
26.3072 3789.44
26.3082 3789.59
26.3092 3789.75
26.3102 3789.9
26.3112 3790.06
26.3122 3790.21
26.3132 3790.37
26.3142 3790.52
26.3152 3790.68
26.3162 3790.83
26.3172 3790.99
26.3182 3791.15
26.3192 3791.3
26.3202 3791.46
26.3212 3791.61
26.3222 3791.77
26.3232 3791.92
26.3242 3792.08
26.3252 3792.23
26.3262 3792.39
26.3272 3792.55
26.3282 3792.7
26.3292 3792.86
26.3302 3793.01
26.3312 3793.17
26.3322 3793.32
26.3332 3793.48
26.3342 3793.64
26.3352 3793.79
26.3362 3793.95
26.3372 3794.1
26.3382 3794.26
26.3392 3794.41
26.3402 3794.57
26.3412 3794.73
26.3422 3794.88
26.3432 3795.04
26.3442 3795.19
26.3452 3795.35
26.3462 3795.51
26.3472 3795.66
26.3482 3795.82
26.3492 3795.97
26.3502 3796.13
26.3512 3796.28
26.3522 3796.44
26.3532 3796.6
26.3542 3796.75
26.3552 3796.91
26.3562 3797.06
26.3572 3797.22
26.3582 3797.38
26.3592 3797.53
26.3602 3797.69
26.3612 3797.84
26.3622 3798
26.3632 3798.16
26.3642 3798.31
26.3652 3798.47
26.3662 3798.62
26.3672 3798.78
26.3682 3798.94
26.3692 3799.09
26.3702 3799.25
26.3712 3799.4
26.3722 3799.56
26.3732 3799.72
26.3742 3799.87
26.3752 3800.03
26.3762 3800.18
26.3772 3800.34
26.3782 3800.5
26.3792 3800.65
26.3802 3800.81
26.3812 3800.96
26.3822 3801.12
26.3832 3801.28
26.3842 3801.43
26.3852 3801.59
26.3862 3801.75
26.3872 3801.9
26.3882 3802.06
26.3892 3802.21
26.3902 3802.37
26.3912 3802.53
26.3922 3802.68
26.3932 3802.84
26.3942 3803
26.3952 3803.15
26.3962 3803.31
26.3972 3803.46
26.3982 3803.62
26.3992 3803.78
26.4002 3803.93
26.4012 3804.09
26.4022 3804.25
26.4032 3804.4
26.4042 3804.56
26.4052 3804.72
26.4062 3804.87
26.4072 3805.03
26.4082 3805.18
26.4092 3805.34
26.4102 3805.5
26.4112 3805.65
26.4122 3805.81
26.4132 3805.97
26.4142 3806.12
26.4152 3806.28
26.4162 3806.44
26.4172 3806.59
26.4182 3806.75
26.4192 3806.91
26.4202 3807.06
26.4212 3807.22
26.4222 3807.38
26.4232 3807.53
26.4242 3807.69
26.4252 3807.84
26.4262 3808
26.4272 3808.16
26.4282 3808.31
26.4292 3808.47
26.4302 3808.63
26.4312 3808.78
26.4322 3808.94
26.4332 3809.1
26.4342 3809.25
26.4352 3809.41
26.4362 3809.57
26.4372 3809.72
26.4382 3809.88
26.4392 3810.04
26.4402 3810.19
26.4412 3810.35
26.4422 3810.51
26.4432 3810.66
26.4442 3810.82
26.4452 3810.98
26.4462 3811.14
26.4472 3811.29
26.4482 3811.45
26.4492 3811.61
26.4502 3811.76
26.4512 3811.92
26.4522 3812.08
26.4532 3812.23
26.4542 3812.39
26.4552 3812.55
26.4562 3812.7
26.4572 3812.86
26.4582 3813.02
26.4592 3813.17
26.4602 3813.33
26.4612 3813.49
26.4622 3813.64
26.4632 3813.8
26.4642 3813.96
26.4652 3814.12
26.4662 3814.27
26.4672 3814.43
26.4682 3814.59
26.4692 3814.74
26.4702 3814.9
26.4712 3815.06
26.4722 3815.21
26.4732 3815.37
26.4742 3815.53
26.4752 3815.69
26.4762 3815.84
26.4772 3816
26.4782 3816.16
26.4792 3816.31
26.4802 3816.47
26.4812 3816.63
26.4822 3816.79
26.4832 3816.94
26.4842 3817.1
26.4852 3817.26
26.4862 3817.41
26.4872 3817.57
26.4882 3817.73
26.4892 3817.89
26.4902 3818.04
26.4912 3818.2
26.4922 3818.36
26.4932 3818.51
26.4942 3818.67
26.4952 3818.83
26.4962 3818.99
26.4972 3819.14
26.4982 3819.3
26.4992 3819.46
26.5002 3819.62
26.5012 3819.77
26.5022 3819.93
26.5032 3820.09
26.5042 3820.24
26.5052 3820.4
26.5062 3820.56
26.5072 3820.72
26.5082 3820.87
26.5092 3821.03
26.5102 3821.19
26.5112 3821.35
26.5122 3821.5
26.5132 3821.66
26.5142 3821.82
26.5152 3821.98
26.5162 3822.13
26.5172 3822.29
26.5182 3822.45
26.5192 3822.61
26.5202 3822.76
26.5212 3822.92
26.5222 3823.08
26.5232 3823.24
26.5242 3823.39
26.5252 3823.55
26.5262 3823.71
26.5272 3823.87
26.5282 3824.02
26.5292 3824.18
26.5302 3824.34
26.5312 3824.5
26.5322 3824.65
26.5332 3824.81
26.5342 3824.97
26.5352 3825.13
26.5362 3825.28
26.5372 3825.44
26.5382 3825.6
26.5392 3825.76
26.5402 3825.91
26.5412 3826.07
26.5422 3826.23
26.5432 3826.39
26.5442 3826.55
26.5452 3826.7
26.5462 3826.86
26.5472 3827.02
26.5482 3827.18
26.5492 3827.33
26.5502 3827.49
26.5512 3827.65
26.5522 3827.81
26.5532 3827.97
26.5542 3828.12
26.5552 3828.28
26.5562 3828.44
26.5572 3828.6
26.5582 3828.75
26.5592 3828.91
26.5602 3829.07
26.5612 3829.23
26.5622 3829.39
26.5632 3829.54
26.5642 3829.7
26.5652 3829.86
26.5662 3830.02
26.5672 3830.18
26.5682 3830.33
26.5692 3830.49
26.5702 3830.65
26.5712 3830.81
26.5722 3830.97
26.5732 3831.12
26.5742 3831.28
26.5752 3831.44
26.5762 3831.6
26.5772 3831.76
26.5782 3831.91
26.5792 3832.07
26.5802 3832.23
26.5812 3832.39
26.5822 3832.55
26.5832 3832.7
26.5842 3832.86
26.5852 3833.02
26.5862 3833.18
26.5872 3833.34
26.5882 3833.5
26.5892 3833.65
26.5902 3833.81
26.5912 3833.97
26.5922 3834.13
26.5932 3834.29
26.5942 3834.44
26.5952 3834.6
26.5962 3834.76
26.5972 3834.92
26.5982 3835.08
26.5992 3835.24
26.6002 3835.39
26.6012 3835.55
26.6022 3835.71
26.6032 3835.87
26.6042 3836.03
26.6052 3836.19
26.6062 3836.34
26.6072 3836.5
26.6082 3836.66
26.6092 3836.82
26.6102 3836.98
26.6112 3837.14
26.6122 3837.29
26.6132 3837.45
26.6142 3837.61
26.6152 3837.77
26.6162 3837.93
26.6172 3838.09
26.6182 3838.24
26.6192 3838.4
26.6202 3838.56
26.6212 3838.72
26.6222 3838.88
26.6232 3839.04
26.6242 3839.2
26.6252 3839.35
26.6262 3839.51
26.6272 3839.67
26.6282 3839.83
26.6292 3839.99
26.6302 3840.15
26.6312 3840.3
26.6322 3840.46
26.6332 3840.62
26.6342 3840.78
26.6352 3840.94
26.6362 3841.1
26.6372 3841.26
26.6382 3841.42
26.6392 3841.57
26.6402 3841.73
26.6412 3841.89
26.6422 3842.05
26.6432 3842.21
26.6442 3842.37
26.6452 3842.53
26.6462 3842.68
26.6472 3842.84
26.6482 3843
26.6492 3843.16
26.6502 3843.32
26.6512 3843.48
26.6522 3843.64
26.6532 3843.8
26.6542 3843.95
26.6552 3844.11
26.6562 3844.27
26.6572 3844.43
26.6582 3844.59
26.6592 3844.75
26.6602 3844.91
26.6612 3845.07
26.6622 3845.23
26.6632 3845.38
26.6642 3845.54
26.6652 3845.7
26.6662 3845.86
26.6672 3846.02
26.6682 3846.18
26.6692 3846.34
26.6702 3846.5
26.6712 3846.66
26.6722 3846.81
26.6732 3846.97
26.6742 3847.13
26.6752 3847.29
26.6762 3847.45
26.6772 3847.61
26.6782 3847.77
26.6792 3847.93
26.6802 3848.09
26.6812 3848.25
26.6822 3848.41
26.6832 3848.56
26.6842 3848.72
26.6852 3848.88
26.6862 3849.04
26.6872 3849.2
26.6882 3849.36
26.6892 3849.52
26.6902 3849.68
26.6912 3849.84
26.6922 3850
26.6932 3850.16
26.6942 3850.31
26.6952 3850.47
26.6962 3850.63
26.6972 3850.79
26.6982 3850.95
26.6992 3851.11
26.7002 3851.27
26.7012 3851.43
26.7022 3851.59
26.7032 3851.75
26.7042 3851.91
26.7052 3852.07
26.7062 3852.23
26.7072 3852.39
26.7082 3852.54
26.7092 3852.7
26.7102 3852.86
26.7112 3853.02
26.7122 3853.18
26.7132 3853.34
26.7142 3853.5
26.7152 3853.66
26.7162 3853.82
26.7172 3853.98
26.7182 3854.14
26.7192 3854.3
26.7202 3854.46
26.7212 3854.62
26.7222 3854.78
26.7232 3854.94
26.7242 3855.09
26.7252 3855.25
26.7262 3855.41
26.7272 3855.57
26.7282 3855.73
26.7292 3855.89
26.7302 3856.05
26.7312 3856.21
26.7322 3856.37
26.7332 3856.53
26.7342 3856.69
26.7352 3856.85
26.7362 3857.01
26.7372 3857.17
26.7382 3857.33
26.7392 3857.49
26.7402 3857.65
26.7412 3857.81
26.7422 3857.97
26.7432 3858.13
26.7442 3858.29
26.7452 3858.45
26.7462 3858.61
26.7472 3858.77
26.7482 3858.93
26.7492 3859.09
26.7502 3859.24
26.7512 3859.4
26.7522 3859.56
26.7532 3859.72
26.7542 3859.88
26.7552 3860.04
26.7562 3860.2
26.7572 3860.36
26.7582 3860.52
26.7592 3860.68
26.7602 3860.84
26.7612 3861
26.7622 3861.16
26.7632 3861.32
26.7642 3861.48
26.7652 3861.64
26.7662 3861.8
26.7672 3861.96
26.7682 3862.12
26.7692 3862.28
26.7702 3862.44
26.7712 3862.6
26.7722 3862.76
26.7732 3862.92
26.7742 3863.08
26.7752 3863.24
26.7762 3863.4
26.7772 3863.56
26.7782 3863.72
26.7792 3863.88
26.7802 3864.04
26.7812 3864.2
26.7822 3864.36
26.7832 3864.52
26.7842 3864.68
26.7852 3864.84
26.7862 3865
26.7872 3865.16
26.7882 3865.32
26.7892 3865.48
26.7902 3865.64
26.7912 3865.8
26.7922 3865.96
26.7932 3866.12
26.7942 3866.28
26.7952 3866.44
26.7962 3866.6
26.7972 3866.76
26.7982 3866.92
26.7992 3867.08
26.8002 3867.24
26.8012 3867.4
26.8022 3867.57
26.8032 3867.73
26.8042 3867.89
26.8052 3868.05
26.8062 3868.21
26.8072 3868.37
26.8082 3868.53
26.8092 3868.69
26.8102 3868.85
26.8112 3869.01
26.8122 3869.17
26.8132 3869.33
26.8142 3869.49
26.8152 3869.65
26.8162 3869.81
26.8172 3869.97
26.8182 3870.13
26.8192 3870.29
26.8202 3870.45
26.8212 3870.61
26.8222 3870.77
26.8232 3870.93
26.8242 3871.09
26.8252 3871.25
26.8262 3871.41
26.8272 3871.57
26.8282 3871.74
26.8292 3871.9
26.8302 3872.06
26.8312 3872.22
26.8322 3872.38
26.8332 3872.54
26.8342 3872.7
26.8352 3872.86
26.8362 3873.02
26.8372 3873.18
26.8382 3873.34
26.8392 3873.5
26.8402 3873.66
26.8412 3873.82
26.8422 3873.98
26.8432 3874.14
26.8442 3874.3
26.8452 3874.47
26.8462 3874.63
26.8472 3874.79
26.8482 3874.95
26.8492 3875.11
26.8502 3875.27
26.8512 3875.43
26.8522 3875.59
26.8532 3875.75
26.8542 3875.91
26.8552 3876.07
26.8562 3876.23
26.8572 3876.39
26.8582 3876.56
26.8592 3876.72
26.8602 3876.88
26.8612 3877.04
26.8622 3877.2
26.8632 3877.36
26.8642 3877.52
26.8652 3877.68
26.8662 3877.84
26.8672 3878
26.8682 3878.16
26.8692 3878.32
26.8702 3878.49
26.8712 3878.65
26.8722 3878.81
26.8732 3878.97
26.8742 3879.13
26.8752 3879.29
26.8762 3879.45
26.8772 3879.61
26.8782 3879.77
26.8792 3879.93
26.8802 3880.1
26.8812 3880.26
26.8822 3880.42
26.8832 3880.58
26.8842 3880.74
26.8852 3880.9
26.8862 3881.06
26.8872 3881.22
26.8882 3881.38
26.8892 3881.55
26.8902 3881.71
26.8912 3881.87
26.8922 3882.03
26.8932 3882.19
26.8942 3882.35
26.8952 3882.51
26.8962 3882.67
26.8972 3882.83
26.8982 3883
26.8992 3883.16
26.9002 3883.32
26.9012 3883.48
26.9022 3883.64
26.9032 3883.8
26.9042 3883.96
26.9052 3884.12
26.9062 3884.29
26.9072 3884.45
26.9082 3884.61
26.9092 3884.77
26.9102 3884.93
26.9112 3885.09
26.9122 3885.25
26.9132 3885.42
26.9142 3885.58
26.9152 3885.74
26.9162 3885.9
26.9172 3886.06
26.9182 3886.22
26.9192 3886.38
26.9202 3886.55
26.9212 3886.71
26.9222 3886.87
26.9232 3887.03
26.9242 3887.19
26.9252 3887.35
26.9262 3887.51
26.9272 3887.68
26.9282 3887.84
26.9292 3888
26.9302 3888.16
26.9312 3888.32
26.9322 3888.48
26.9332 3888.64
26.9342 3888.81
26.9352 3888.97
26.9362 3889.13
26.9372 3889.29
26.9382 3889.45
26.9392 3889.61
26.9402 3889.78
26.9412 3889.94
26.9422 3890.1
26.9432 3890.26
26.9442 3890.42
26.9452 3890.58
26.9462 3890.75
26.9472 3890.91
26.9482 3891.07
26.9492 3891.23
26.9502 3891.39
26.9512 3891.55
26.9522 3891.72
26.9532 3891.88
26.9542 3892.04
26.9552 3892.2
26.9562 3892.36
26.9572 3892.53
26.9582 3892.69
26.9592 3892.85
26.9602 3893.01
26.9612 3893.17
26.9622 3893.33
26.9632 3893.5
26.9642 3893.66
26.9652 3893.82
26.9662 3893.98
26.9672 3894.14
26.9682 3894.31
26.9692 3894.47
26.9702 3894.63
26.9712 3894.79
26.9722 3894.95
26.9732 3895.12
26.9742 3895.28
26.9752 3895.44
26.9762 3895.6
26.9772 3895.76
26.9782 3895.93
26.9792 3896.09
26.9802 3896.25
26.9812 3896.41
26.9822 3896.57
26.9832 3896.74
26.9842 3896.9
26.9852 3897.06
26.9862 3897.22
26.9872 3897.38
26.9882 3897.55
26.9892 3897.71
26.9902 3897.87
26.9912 3898.03
26.9922 3898.19
26.9932 3898.36
26.9942 3898.52
26.9952 3898.68
26.9962 3898.84
26.9972 3899.01
26.9982 3899.17
26.9992 3899.33
27.0002 3899.49
27.0012 3899.65
27.0022 3899.82
27.0032 3899.98
27.0042 3900.14
27.0052 3900.3
27.0062 3900.47
27.0072 3900.63
27.0082 3900.79
27.0092 3900.95
27.0102 3901.12
27.0112 3901.28
27.0122 3901.44
27.0132 3901.6
27.0142 3901.76
27.0152 3901.93
27.0162 3902.09
27.0172 3902.25
27.0182 3902.41
27.0192 3902.58
27.0202 3902.74
27.0212 3902.9
27.0222 3903.06
27.0232 3903.23
27.0242 3903.39
27.0252 3903.55
27.0262 3903.71
27.0272 3903.88
27.0282 3904.04
27.0292 3904.2
27.0302 3904.36
27.0312 3904.53
27.0322 3904.69
27.0332 3904.85
27.0342 3905.01
27.0352 3905.18
27.0362 3905.34
27.0372 3905.5
27.0382 3905.66
27.0392 3905.83
27.0402 3905.99
27.0412 3906.15
27.0422 3906.32
27.0432 3906.48
27.0442 3906.64
27.0452 3906.8
27.0462 3906.97
27.0472 3907.13
27.0482 3907.29
27.0492 3907.45
27.0502 3907.62
27.0512 3907.78
27.0522 3907.94
27.0532 3908.11
27.0542 3908.27
27.0552 3908.43
27.0562 3908.59
27.0572 3908.76
27.0582 3908.92
27.0592 3909.08
27.0602 3909.24
27.0612 3909.41
27.0622 3909.57
27.0632 3909.73
27.0642 3909.9
27.0652 3910.06
27.0662 3910.22
27.0672 3910.38
27.0682 3910.55
27.0692 3910.71
27.0702 3910.87
27.0712 3911.04
27.0722 3911.2
27.0732 3911.36
27.0742 3911.53
27.0752 3911.69
27.0762 3911.85
27.0772 3912.01
27.0782 3912.18
27.0792 3912.34
27.0802 3912.5
27.0812 3912.67
27.0822 3912.83
27.0832 3912.99
27.0842 3913.16
27.0852 3913.32
27.0862 3913.48
27.0872 3913.65
27.0882 3913.81
27.0892 3913.97
27.0902 3914.13
27.0912 3914.3
27.0922 3914.46
27.0932 3914.62
27.0942 3914.79
27.0952 3914.95
27.0962 3915.11
27.0972 3915.28
27.0982 3915.44
27.0992 3915.6
27.1002 3915.77
27.1012 3915.93
27.1022 3916.09
27.1032 3916.26
27.1042 3916.42
27.1052 3916.58
27.1062 3916.75
27.1072 3916.91
27.1082 3917.07
27.1092 3917.24
27.1102 3917.4
27.1112 3917.56
27.1122 3917.73
27.1132 3917.89
27.1142 3918.05
27.1152 3918.22
27.1162 3918.38
27.1172 3918.54
27.1182 3918.71
27.1192 3918.87
27.1202 3919.03
27.1212 3919.2
27.1222 3919.36
27.1232 3919.52
27.1242 3919.69
27.1252 3919.85
27.1262 3920.01
27.1272 3920.18
27.1282 3920.34
27.1292 3920.51
27.1302 3920.67
27.1312 3920.83
27.1322 3921
27.1332 3921.16
27.1342 3921.32
27.1352 3921.49
27.1362 3921.65
27.1372 3921.81
27.1382 3921.98
27.1392 3922.14
27.1402 3922.3
27.1412 3922.47
27.1422 3922.63
27.1432 3922.8
27.1442 3922.96
27.1452 3923.12
27.1462 3923.29
27.1472 3923.45
27.1482 3923.61
27.1492 3923.78
27.1502 3923.94
27.1512 3924.11
27.1522 3924.27
27.1532 3924.43
27.1542 3924.6
27.1552 3924.76
27.1562 3924.92
27.1572 3925.09
27.1582 3925.25
27.1592 3925.42
27.1602 3925.58
27.1612 3925.74
27.1622 3925.91
27.1632 3926.07
27.1642 3926.24
27.1652 3926.4
27.1662 3926.56
27.1672 3926.73
27.1682 3926.89
27.1692 3927.06
27.1702 3927.22
27.1712 3927.38
27.1722 3927.55
27.1732 3927.71
27.1742 3927.88
27.1752 3928.04
27.1762 3928.2
27.1772 3928.37
27.1782 3928.53
27.1792 3928.7
27.1802 3928.86
27.1812 3929.02
27.1822 3929.19
27.1832 3929.35
27.1842 3929.52
27.1852 3929.68
27.1862 3929.84
27.1872 3930.01
27.1882 3930.17
27.1892 3930.34
27.1902 3930.5
27.1912 3930.66
27.1922 3930.83
27.1932 3930.99
27.1942 3931.16
27.1952 3931.32
27.1962 3931.49
27.1972 3931.65
27.1982 3931.81
27.1992 3931.98
27.2002 3932.14
27.2012 3932.31
27.2022 3932.47
27.2032 3932.64
27.2042 3932.8
27.2052 3932.96
27.2062 3933.13
27.2072 3933.29
27.2082 3933.46
27.2092 3933.62
27.2102 3933.79
27.2112 3933.95
27.2122 3934.11
27.2132 3934.28
27.2142 3934.44
27.2152 3934.61
27.2162 3934.77
27.2172 3934.94
27.2182 3935.1
27.2192 3935.27
27.2202 3935.43
27.2212 3935.59
27.2222 3935.76
27.2232 3935.92
27.2242 3936.09
27.2252 3936.25
27.2262 3936.42
27.2272 3936.58
27.2282 3936.75
27.2292 3936.91
27.2302 3937.08
27.2312 3937.24
27.2322 3937.4
27.2332 3937.57
27.2342 3937.73
27.2352 3937.9
27.2362 3938.06
27.2372 3938.23
27.2382 3938.39
27.2392 3938.56
27.2402 3938.72
27.2412 3938.89
27.2422 3939.05
27.2432 3939.22
27.2442 3939.38
27.2452 3939.55
27.2462 3939.71
27.2472 3939.88
27.2482 3940.04
27.2492 3940.2
27.2502 3940.37
27.2512 3940.53
27.2522 3940.7
27.2532 3940.86
27.2542 3941.03
27.2552 3941.19
27.2562 3941.36
27.2572 3941.52
27.2582 3941.69
27.2592 3941.85
27.2602 3942.02
27.2612 3942.18
27.2622 3942.35
27.2632 3942.51
27.2642 3942.68
27.2652 3942.84
27.2662 3943.01
27.2672 3943.17
27.2682 3943.34
27.2692 3943.5
27.2702 3943.67
27.2712 3943.83
27.2722 3944
27.2732 3944.16
27.2742 3944.33
27.2752 3944.49
27.2762 3944.66
27.2772 3944.82
27.2782 3944.99
27.2792 3945.15
27.2802 3945.32
27.2812 3945.48
27.2822 3945.65
27.2832 3945.81
27.2842 3945.98
27.2852 3946.14
27.2862 3946.31
27.2872 3946.47
27.2882 3946.64
27.2892 3946.8
27.2902 3946.97
27.2912 3947.13
27.2922 3947.3
27.2932 3947.46
27.2942 3947.63
27.2952 3947.8
27.2962 3947.96
27.2972 3948.13
27.2982 3948.29
27.2992 3948.46
27.3002 3948.62
27.3012 3948.79
27.3022 3948.95
27.3032 3949.12
27.3042 3949.28
27.3052 3949.45
27.3062 3949.61
27.3072 3949.78
27.3082 3949.94
27.3092 3950.11
27.3102 3950.28
27.3112 3950.44
27.3122 3950.61
27.3132 3950.77
27.3142 3950.94
27.3152 3951.1
27.3162 3951.27
27.3172 3951.43
27.3182 3951.6
27.3192 3951.76
27.3202 3951.93
27.3212 3952.1
27.3222 3952.26
27.3232 3952.43
27.3242 3952.59
27.3252 3952.76
27.3262 3952.92
27.3272 3953.09
27.3282 3953.25
27.3292 3953.42
27.3302 3953.59
27.3312 3953.75
27.3322 3953.92
27.3332 3954.08
27.3342 3954.25
27.3352 3954.41
27.3362 3954.58
27.3372 3954.74
27.3382 3954.91
27.3392 3955.08
27.3402 3955.24
27.3412 3955.41
27.3422 3955.57
27.3432 3955.74
27.3442 3955.91
27.3452 3956.07
27.3462 3956.24
27.3472 3956.4
27.3482 3956.57
27.3492 3956.73
27.3502 3956.9
27.3512 3957.07
27.3522 3957.23
27.3532 3957.4
27.3542 3957.56
27.3552 3957.73
27.3562 3957.89
27.3572 3958.06
27.3582 3958.23
27.3592 3958.39
27.3602 3958.56
27.3612 3958.72
27.3622 3958.89
27.3632 3959.06
27.3642 3959.22
27.3652 3959.39
27.3662 3959.55
27.3672 3959.72
27.3682 3959.89
27.3692 3960.05
27.3702 3960.22
27.3712 3960.38
27.3722 3960.55
27.3732 3960.72
27.3742 3960.88
27.3752 3961.05
27.3762 3961.21
27.3772 3961.38
27.3782 3961.55
27.3792 3961.71
27.3802 3961.88
27.3812 3962.05
27.3822 3962.21
27.3832 3962.38
27.3842 3962.54
27.3852 3962.71
27.3862 3962.88
27.3872 3963.04
27.3882 3963.21
27.3892 3963.37
27.3902 3963.54
27.3912 3963.71
27.3922 3963.87
27.3932 3964.04
27.3942 3964.21
27.3952 3964.37
27.3962 3964.54
27.3972 3964.7
27.3982 3964.87
27.3992 3965.04
27.4002 3965.2
27.4012 3965.37
27.4022 3965.54
27.4032 3965.7
27.4042 3965.87
27.4052 3966.04
27.4062 3966.2
27.4072 3966.37
27.4082 3966.53
27.4092 3966.7
27.4102 3966.87
27.4112 3967.03
27.4122 3967.2
27.4132 3967.37
27.4142 3967.53
27.4152 3967.7
27.4162 3967.87
27.4172 3968.03
27.4182 3968.2
27.4192 3968.37
27.4202 3968.53
27.4212 3968.7
27.4222 3968.87
27.4232 3969.03
27.4242 3969.2
27.4252 3969.37
27.4262 3969.53
27.4272 3969.7
27.4282 3969.87
27.4292 3970.03
27.4302 3970.2
27.4312 3970.37
27.4322 3970.53
27.4332 3970.7
27.4342 3970.87
27.4352 3971.03
27.4362 3971.2
27.4372 3971.37
27.4382 3971.53
27.4392 3971.7
27.4402 3971.87
27.4412 3972.03
27.4422 3972.2
27.4432 3972.37
27.4442 3972.53
27.4452 3972.7
27.4462 3972.87
27.4472 3973.03
27.4482 3973.2
27.4492 3973.37
27.4502 3973.53
27.4512 3973.7
27.4522 3973.87
27.4532 3974.03
27.4542 3974.2
27.4552 3974.37
27.4562 3974.54
27.4572 3974.7
27.4582 3974.87
27.4592 3975.04
27.4602 3975.2
27.4612 3975.37
27.4622 3975.54
27.4632 3975.7
27.4642 3975.87
27.4652 3976.04
27.4662 3976.21
27.4672 3976.37
27.4682 3976.54
27.4692 3976.71
27.4702 3976.87
27.4712 3977.04
27.4722 3977.21
27.4732 3977.37
27.4742 3977.54
27.4752 3977.71
27.4762 3977.88
27.4772 3978.04
27.4782 3978.21
27.4792 3978.38
27.4802 3978.54
27.4812 3978.71
27.4822 3978.88
27.4832 3979.05
27.4842 3979.21
27.4852 3979.38
27.4862 3979.55
27.4872 3979.72
27.4882 3979.88
27.4892 3980.05
27.4902 3980.22
27.4912 3980.38
27.4922 3980.55
27.4932 3980.72
27.4942 3980.89
27.4952 3981.05
27.4962 3981.22
27.4972 3981.39
27.4982 3981.56
27.4992 3981.72
27.5002 3981.89
27.5012 3982.06
27.5022 3982.22
27.5032 3982.39
27.5042 3982.56
27.5052 3982.73
27.5062 3982.89
27.5072 3983.06
27.5082 3983.23
27.5092 3983.4
27.5102 3983.56
27.5112 3983.73
27.5122 3983.9
27.5132 3984.07
27.5142 3984.23
27.5152 3984.4
27.5162 3984.57
27.5172 3984.74
27.5182 3984.9
27.5192 3985.07
27.5202 3985.24
27.5212 3985.41
27.5222 3985.58
27.5232 3985.74
27.5242 3985.91
27.5252 3986.08
27.5262 3986.25
27.5272 3986.41
27.5282 3986.58
27.5292 3986.75
27.5302 3986.92
27.5312 3987.08
27.5322 3987.25
27.5332 3987.42
27.5342 3987.59
27.5352 3987.76
27.5362 3987.92
27.5372 3988.09
27.5382 3988.26
27.5392 3988.43
27.5402 3988.59
27.5412 3988.76
27.5422 3988.93
27.5432 3989.1
27.5442 3989.27
27.5452 3989.43
27.5462 3989.6
27.5472 3989.77
27.5482 3989.94
27.5492 3990.1
27.5502 3990.27
27.5512 3990.44
27.5522 3990.61
27.5532 3990.78
27.5542 3990.94
27.5552 3991.11
27.5562 3991.28
27.5572 3991.45
27.5582 3991.62
27.5592 3991.78
27.5602 3991.95
27.5612 3992.12
27.5622 3992.29
27.5632 3992.46
27.5642 3992.62
27.5652 3992.79
27.5662 3992.96
27.5672 3993.13
27.5682 3993.3
27.5692 3993.46
27.5702 3993.63
27.5712 3993.8
27.5722 3993.97
27.5732 3994.14
27.5742 3994.31
27.5752 3994.47
27.5762 3994.64
27.5772 3994.81
27.5782 3994.98
27.5792 3995.15
27.5802 3995.31
27.5812 3995.48
27.5822 3995.65
27.5832 3995.82
27.5842 3995.99
27.5852 3996.16
27.5862 3996.32
27.5872 3996.49
27.5882 3996.66
27.5892 3996.83
27.5902 3997
27.5912 3997.17
27.5922 3997.33
27.5932 3997.5
27.5942 3997.67
27.5952 3997.84
27.5962 3998.01
27.5972 3998.18
27.5982 3998.34
27.5992 3998.51
27.6002 3998.68
27.6012 3998.85
27.6022 3999.02
27.6032 3999.19
27.6042 3999.36
27.6052 3999.52
27.6062 3999.69
27.6072 3999.86
27.6082 4000.03
27.6092 4000.2
27.6102 4000.37
27.6112 4000.54
27.6122 4000.7
27.6132 4000.87
27.6142 4001.04
27.6152 4001.21
27.6162 4001.38
27.6172 4001.55
27.6182 4001.72
27.6192 4001.88
27.6202 4002.05
27.6212 4002.22
27.6222 4002.39
27.6232 4002.56
27.6242 4002.73
27.6252 4002.9
27.6262 4003.06
27.6272 4003.23
27.6282 4003.4
27.6292 4003.57
27.6302 4003.74
27.6312 4003.91
27.6322 4004.08
27.6332 4004.25
27.6342 4004.41
27.6352 4004.58
27.6362 4004.75
27.6372 4004.92
27.6382 4005.09
27.6392 4005.26
27.6402 4005.43
27.6412 4005.6
27.6422 4005.77
27.6432 4005.93
27.6442 4006.1
27.6452 4006.27
27.6462 4006.44
27.6472 4006.61
27.6482 4006.78
27.6492 4006.95
27.6502 4007.12
27.6512 4007.29
27.6522 4007.45
27.6532 4007.62
27.6542 4007.79
27.6552 4007.96
27.6562 4008.13
27.6572 4008.3
27.6582 4008.47
27.6592 4008.64
27.6602 4008.81
27.6612 4008.98
27.6622 4009.15
27.6632 4009.31
27.6642 4009.48
27.6652 4009.65
27.6662 4009.82
27.6672 4009.99
27.6682 4010.16
27.6692 4010.33
27.6702 4010.5
27.6712 4010.67
27.6722 4010.84
27.6732 4011.01
27.6742 4011.18
27.6752 4011.34
27.6762 4011.51
27.6772 4011.68
27.6782 4011.85
27.6792 4012.02
27.6802 4012.19
27.6812 4012.36
27.6822 4012.53
27.6832 4012.7
27.6842 4012.87
27.6852 4013.04
27.6862 4013.21
27.6872 4013.38
27.6882 4013.55
27.6892 4013.72
27.6902 4013.88
27.6912 4014.05
27.6922 4014.22
27.6932 4014.39
27.6942 4014.56
27.6952 4014.73
27.6962 4014.9
27.6972 4015.07
27.6982 4015.24
27.6992 4015.41
27.7002 4015.58
27.7012 4015.75
27.7022 4015.92
27.7032 4016.09
27.7042 4016.26
27.7052 4016.43
27.7062 4016.6
27.7072 4016.77
27.7082 4016.94
27.7092 4017.11
27.7102 4017.27
27.7112 4017.44
27.7122 4017.61
27.7132 4017.78
27.7142 4017.95
27.7152 4018.12
27.7162 4018.29
27.7172 4018.46
27.7182 4018.63
27.7192 4018.8
27.7202 4018.97
27.7212 4019.14
27.7222 4019.31
27.7232 4019.48
27.7242 4019.65
27.7252 4019.82
27.7262 4019.99
27.7272 4020.16
27.7282 4020.33
27.7292 4020.5
27.7302 4020.67
27.7312 4020.84
27.7322 4021.01
27.7332 4021.18
27.7342 4021.35
27.7352 4021.52
27.7362 4021.69
27.7372 4021.86
27.7382 4022.03
27.7392 4022.2
27.7402 4022.37
27.7412 4022.54
27.7422 4022.71
27.7432 4022.88
27.7442 4023.05
27.7452 4023.22
27.7462 4023.39
27.7472 4023.56
27.7482 4023.73
27.7492 4023.9
27.7502 4024.07
27.7512 4024.24
27.7522 4024.41
27.7532 4024.58
27.7542 4024.75
27.7552 4024.92
27.7562 4025.09
27.7572 4025.26
27.7582 4025.43
27.7592 4025.6
27.7602 4025.77
27.7612 4025.94
27.7622 4026.11
27.7632 4026.28
27.7642 4026.45
27.7652 4026.62
27.7662 4026.79
27.7672 4026.96
27.7682 4027.13
27.7692 4027.3
27.7702 4027.47
27.7712 4027.64
27.7722 4027.81
27.7732 4027.98
27.7742 4028.15
27.7752 4028.32
27.7762 4028.49
27.7772 4028.66
27.7782 4028.83
27.7792 4029
27.7802 4029.17
27.7812 4029.34
27.7822 4029.51
27.7832 4029.68
27.7842 4029.86
27.7852 4030.03
27.7862 4030.2
27.7872 4030.37
27.7882 4030.54
27.7892 4030.71
27.7902 4030.88
27.7912 4031.05
27.7922 4031.22
27.7932 4031.39
27.7942 4031.56
27.7952 4031.73
27.7962 4031.9
27.7972 4032.07
27.7982 4032.24
27.7992 4032.41
27.8002 4032.58
27.8012 4032.75
27.8022 4032.92
27.8032 4033.1
27.8042 4033.27
27.8052 4033.44
27.8062 4033.61
27.8072 4033.78
27.8082 4033.95
27.8092 4034.12
27.8102 4034.29
27.8112 4034.46
27.8122 4034.63
27.8132 4034.8
27.8142 4034.97
27.8152 4035.14
27.8162 4035.31
27.8172 4035.48
27.8182 4035.66
27.8192 4035.83
27.8202 4036
27.8212 4036.17
27.8222 4036.34
27.8232 4036.51
27.8242 4036.68
27.8252 4036.85
27.8262 4037.02
27.8272 4037.19
27.8282 4037.36
27.8292 4037.53
27.8302 4037.71
27.8312 4037.88
27.8322 4038.05
27.8332 4038.22
27.8342 4038.39
27.8352 4038.56
27.8362 4038.73
27.8372 4038.9
27.8382 4039.07
27.8392 4039.24
27.8402 4039.42
27.8412 4039.59
27.8422 4039.76
27.8432 4039.93
27.8442 4040.1
27.8452 4040.27
27.8462 4040.44
27.8472 4040.61
27.8482 4040.78
27.8492 4040.95
27.8502 4041.13
27.8512 4041.3
27.8522 4041.47
27.8532 4041.64
27.8542 4041.81
27.8552 4041.98
27.8562 4042.15
27.8572 4042.32
27.8582 4042.5
27.8592 4042.67
27.8602 4042.84
27.8612 4043.01
27.8622 4043.18
27.8632 4043.35
27.8642 4043.52
27.8652 4043.69
27.8662 4043.87
27.8672 4044.04
27.8682 4044.21
27.8692 4044.38
27.8702 4044.55
27.8712 4044.72
27.8722 4044.89
27.8732 4045.06
27.8742 4045.24
27.8752 4045.41
27.8762 4045.58
27.8772 4045.75
27.8782 4045.92
27.8792 4046.09
27.8802 4046.26
27.8812 4046.44
27.8822 4046.61
27.8832 4046.78
27.8842 4046.95
27.8852 4047.12
27.8862 4047.29
27.8872 4047.46
27.8882 4047.64
27.8892 4047.81
27.8902 4047.98
27.8912 4048.15
27.8922 4048.32
27.8932 4048.49
27.8942 4048.67
27.8952 4048.84
27.8962 4049.01
27.8972 4049.18
27.8982 4049.35
27.8992 4049.52
27.9002 4049.7
27.9012 4049.87
27.9022 4050.04
27.9032 4050.21
27.9042 4050.38
27.9052 4050.55
27.9062 4050.73
27.9072 4050.9
27.9082 4051.07
27.9092 4051.24
27.9102 4051.41
27.9112 4051.58
27.9122 4051.76
27.9132 4051.93
27.9142 4052.1
27.9152 4052.27
27.9162 4052.44
27.9172 4052.62
27.9182 4052.79
27.9192 4052.96
27.9202 4053.13
27.9212 4053.3
27.9222 4053.47
27.9232 4053.65
27.9242 4053.82
27.9252 4053.99
27.9262 4054.16
27.9272 4054.33
27.9282 4054.51
27.9292 4054.68
27.9302 4054.85
27.9312 4055.02
27.9322 4055.19
27.9332 4055.37
27.9342 4055.54
27.9352 4055.71
27.9362 4055.88
27.9372 4056.05
27.9382 4056.23
27.9392 4056.4
27.9402 4056.57
27.9412 4056.74
27.9422 4056.91
27.9432 4057.09
27.9442 4057.26
27.9452 4057.43
27.9462 4057.6
27.9472 4057.78
27.9482 4057.95
27.9492 4058.12
27.9502 4058.29
27.9512 4058.46
27.9522 4058.64
27.9532 4058.81
27.9542 4058.98
27.9552 4059.15
27.9562 4059.33
27.9572 4059.5
27.9582 4059.67
27.9592 4059.84
27.9602 4060.01
27.9612 4060.19
27.9622 4060.36
27.9632 4060.53
27.9642 4060.7
27.9652 4060.88
27.9662 4061.05
27.9672 4061.22
27.9682 4061.39
27.9692 4061.57
27.9702 4061.74
27.9712 4061.91
27.9722 4062.08
27.9732 4062.26
27.9742 4062.43
27.9752 4062.6
27.9762 4062.77
27.9772 4062.95
27.9782 4063.12
27.9792 4063.29
27.9802 4063.46
27.9812 4063.64
27.9822 4063.81
27.9832 4063.98
27.9842 4064.15
27.9852 4064.33
27.9862 4064.5
27.9872 4064.67
27.9882 4064.84
27.9892 4065.02
27.9902 4065.19
27.9912 4065.36
27.9922 4065.53
27.9932 4065.71
27.9942 4065.88
27.9952 4066.05
27.9962 4066.23
27.9972 4066.4
27.9982 4066.57
27.9992 4066.74
28.0002 4066.92
28.0012 4066.83
28.0022 4066.74
28.0032 4066.65
28.0042 4066.57
28.0052 4066.48
28.0062 4066.39
28.0072 4066.31
28.0082 4066.22
28.0092 4066.13
28.0102 4066.04
28.0112 4065.96
28.0122 4065.87
28.0132 4065.78
28.0142 4065.69
28.0152 4065.61
28.0162 4065.52
28.0172 4065.43
28.0182 4065.34
28.0192 4065.26
28.0202 4065.17
28.0212 4065.08
28.0222 4065
28.0232 4064.91
28.0242 4064.82
28.0252 4064.73
28.0262 4064.65
28.0272 4064.56
28.0282 4064.47
28.0292 4064.38
28.0302 4064.3
28.0312 4064.21
28.0322 4064.12
28.0332 4064.04
28.0342 4063.95
28.0352 4063.86
28.0362 4063.77
28.0372 4063.69
28.0382 4063.6
28.0392 4063.51
28.0402 4063.42
28.0412 4063.34
28.0422 4063.25
28.0432 4063.16
28.0442 4063.08
28.0452 4062.99
28.0462 4062.9
28.0472 4062.81
28.0482 4062.73
28.0492 4062.64
28.0502 4062.55
28.0512 4062.46
28.0522 4062.38
28.0532 4062.29
28.0542 4062.2
28.0552 4062.12
28.0562 4062.03
28.0572 4061.94
28.0582 4061.85
28.0592 4061.77
28.0602 4061.68
28.0612 4061.59
28.0622 4061.5
28.0632 4061.42
28.0642 4061.33
28.0652 4061.24
28.0662 4061.16
28.0672 4061.07
28.0682 4060.98
28.0692 4060.89
28.0702 4060.81
28.0712 4060.72
28.0722 4060.63
28.0732 4060.54
28.0742 4060.46
28.0752 4060.37
28.0762 4060.28
28.0772 4060.2
28.0782 4060.11
28.0792 4060.02
28.0802 4059.93
28.0812 4059.85
28.0822 4059.76
28.0832 4059.67
28.0842 4059.58
28.0852 4059.5
28.0862 4059.41
28.0872 4059.32
28.0882 4059.24
28.0892 4059.15
28.0902 4059.06
28.0912 4058.97
28.0922 4058.89
28.0932 4058.8
28.0942 4058.71
28.0952 4058.62
28.0962 4058.54
28.0972 4058.45
28.0982 4058.36
28.0992 4058.27
28.1002 4058.19
28.1012 4058.1
28.1022 4058.01
28.1032 4057.93
28.1042 4057.84
28.1052 4057.75
28.1062 4057.66
28.1072 4057.58
28.1082 4057.49
28.1092 4057.4
28.1102 4057.31
28.1112 4057.23
28.1122 4057.14
28.1132 4057.05
28.1142 4056.97
28.1152 4056.88
28.1162 4056.79
28.1172 4056.7
28.1182 4056.62
28.1192 4056.53
28.1202 4056.44
28.1212 4056.35
28.1222 4056.27
28.1232 4056.18
28.1242 4056.09
28.1252 4056.01
28.1262 4055.92
28.1272 4055.83
28.1282 4055.74
28.1292 4055.66
28.1302 4055.57
28.1312 4055.48
28.1322 4055.39
28.1332 4055.31
28.1342 4055.22
28.1352 4055.13
28.1362 4055.05
28.1372 4054.96
28.1382 4054.87
28.1392 4054.78
28.1402 4054.7
28.1412 4054.61
28.1422 4054.52
28.1432 4054.43
28.1442 4054.35
28.1452 4054.26
28.1462 4054.17
28.1472 4054.09
28.1482 4054
28.1492 4053.91
28.1502 4053.82
28.1512 4053.74
28.1522 4053.65
28.1532 4053.56
28.1542 4053.47
28.1552 4053.39
28.1562 4053.3
28.1572 4053.21
28.1582 4053.13
28.1592 4053.04
28.1602 4052.95
28.1612 4052.86
28.1622 4052.78
28.1632 4052.69
28.1642 4052.6
28.1652 4052.51
28.1662 4052.43
28.1672 4052.34
28.1682 4052.25
28.1692 4052.17
28.1702 4052.08
28.1712 4051.99
28.1722 4051.9
28.1732 4051.82
28.1742 4051.73
28.1752 4051.64
28.1762 4051.55
28.1772 4051.47
28.1782 4051.38
28.1792 4051.29
28.1802 4051.21
28.1812 4051.12
28.1822 4051.03
28.1832 4050.94
28.1842 4050.86
28.1852 4050.77
28.1862 4050.68
28.1872 4050.59
28.1882 4050.51
28.1892 4050.42
28.1902 4050.33
28.1912 4050.25
28.1922 4050.16
28.1932 4050.07
28.1942 4049.98
28.1952 4049.9
28.1962 4049.81
28.1972 4049.72
28.1982 4049.63
28.1992 4049.55
28.2002 4049.46
28.2012 4049.37
28.2022 4049.29
28.2032 4049.2
28.2042 4049.11
28.2052 4049.02
28.2062 4048.94
28.2072 4048.85
28.2082 4048.76
28.2092 4048.67
28.2102 4048.59
28.2112 4048.5
28.2122 4048.41
28.2132 4048.33
28.2142 4048.24
28.2152 4048.15
28.2162 4048.06
28.2172 4047.98
28.2182 4047.89
28.2192 4047.8
28.2202 4047.71
28.2212 4047.63
28.2222 4047.54
28.2232 4047.45
28.2242 4047.37
28.2252 4047.28
28.2262 4047.19
28.2272 4047.1
28.2282 4047.02
28.2292 4046.93
28.2302 4046.84
28.2312 4046.75
28.2322 4046.67
28.2332 4046.58
28.2342 4046.49
28.2352 4046.41
28.2362 4046.32
28.2372 4046.23
28.2382 4046.14
28.2392 4046.06
28.2402 4045.97
28.2412 4045.88
28.2422 4045.79
28.2432 4045.71
28.2442 4045.62
28.2452 4045.53
28.2462 4045.45
28.2472 4045.36
28.2482 4045.27
28.2492 4045.18
28.2502 4045.1
28.2512 4045.01
28.2522 4044.92
28.2532 4044.83
28.2542 4044.75
28.2552 4044.66
28.2562 4044.57
28.2572 4044.49
28.2582 4044.4
28.2592 4044.31
28.2602 4044.22
28.2612 4044.14
28.2622 4044.05
28.2632 4043.96
28.2642 4043.87
28.2652 4043.79
28.2662 4043.7
28.2672 4043.61
28.2682 4043.53
28.2692 4043.44
28.2702 4043.35
28.2712 4043.26
28.2722 4043.18
28.2732 4043.09
28.2742 4043
28.2752 4042.91
28.2762 4042.83
28.2772 4042.74
28.2782 4042.65
28.2792 4042.57
28.2802 4042.48
28.2812 4042.39
28.2822 4042.3
28.2832 4042.22
28.2842 4042.13
28.2852 4042.04
28.2862 4041.95
28.2872 4041.87
28.2882 4041.78
28.2892 4041.69
28.2902 4041.61
28.2912 4041.52
28.2922 4041.43
28.2932 4041.34
28.2942 4041.26
28.2952 4041.17
28.2962 4041.08
28.2972 4040.99
28.2982 4040.91
28.2992 4040.82
28.3002 4040.73
28.3012 4040.65
28.3022 4040.56
28.3032 4040.47
28.3042 4040.38
28.3052 4040.3
28.3062 4040.21
28.3072 4040.12
28.3082 4040.03
28.3092 4039.95
28.3102 4039.86
28.3112 4039.77
28.3122 4039.69
28.3132 4039.6
28.3142 4039.51
28.3152 4039.42
28.3162 4039.34
28.3172 4039.25
28.3182 4039.16
28.3192 4039.07
28.3202 4038.99
28.3212 4038.9
28.3222 4038.81
28.3232 4038.73
28.3242 4038.64
28.3252 4038.55
28.3262 4038.46
28.3272 4038.38
28.3282 4038.29
28.3292 4038.2
28.3302 4038.11
28.3312 4038.03
28.3322 4037.94
28.3332 4037.85
28.3342 4037.77
28.3352 4037.68
28.3362 4037.59
28.3372 4037.5
28.3382 4037.42
28.3392 4037.33
28.3402 4037.24
28.3412 4037.15
28.3422 4037.07
28.3432 4036.98
28.3442 4036.89
28.3452 4036.81
28.3462 4036.72
28.3472 4036.63
28.3482 4036.54
28.3492 4036.46
28.3502 4036.37
28.3512 4036.28
28.3522 4036.19
28.3532 4036.11
28.3542 4036.02
28.3552 4035.93
28.3562 4035.85
28.3572 4035.76
28.3582 4035.67
28.3592 4035.58
28.3602 4035.5
28.3612 4035.41
28.3622 4035.32
28.3632 4035.24
28.3642 4035.15
28.3652 4035.06
28.3662 4034.97
28.3672 4034.89
28.3682 4034.8
28.3692 4034.71
28.3702 4034.62
28.3712 4034.54
28.3722 4034.45
28.3732 4034.36
28.3742 4034.28
28.3752 4034.19
28.3762 4034.1
28.3772 4034.01
28.3782 4033.93
28.3792 4033.84
28.3802 4033.75
28.3812 4033.66
28.3822 4033.58
28.3832 4033.49
28.3842 4033.4
28.3852 4033.32
28.3862 4033.23
28.3872 4033.14
28.3882 4033.05
28.3892 4032.97
28.3902 4032.88
28.3912 4032.79
28.3922 4032.7
28.3932 4032.62
28.3942 4032.53
28.3952 4032.44
28.3962 4032.36
28.3972 4032.27
28.3982 4032.18
28.3992 4032.09
28.4002 4032.01
28.4012 4031.92
28.4022 4031.83
28.4032 4031.74
28.4042 4031.66
28.4052 4031.57
28.4062 4031.48
28.4072 4031.4
28.4082 4031.31
28.4092 4031.22
28.4102 4031.13
28.4112 4031.05
28.4122 4030.96
28.4132 4030.87
28.4142 4030.78
28.4152 4030.7
28.4162 4030.61
28.4172 4030.52
28.4182 4030.44
28.4192 4030.35
28.4202 4030.26
28.4212 4030.17
28.4222 4030.09
28.4232 4030
28.4242 4029.91
28.4252 4029.83
28.4262 4029.74
28.4272 4029.65
28.4282 4029.56
28.4292 4029.48
28.4302 4029.39
28.4312 4029.3
28.4322 4029.21
28.4332 4029.13
28.4342 4029.04
28.4352 4028.95
28.4362 4028.87
28.4372 4028.78
28.4382 4028.69
28.4392 4028.6
28.4402 4028.52
28.4412 4028.43
28.4422 4028.34
28.4432 4028.25
28.4442 4028.17
28.4452 4028.08
28.4462 4027.99
28.4472 4027.91
28.4482 4027.82
28.4492 4027.73
28.4502 4027.64
28.4512 4027.56
28.4522 4027.47
28.4532 4027.38
28.4542 4027.29
28.4552 4027.21
28.4562 4027.12
28.4572 4027.03
28.4582 4026.95
28.4592 4026.86
28.4602 4026.77
28.4612 4026.68
28.4622 4026.6
28.4632 4026.51
28.4642 4026.42
28.4652 4026.34
28.4662 4026.25
28.4672 4026.16
28.4682 4026.07
28.4692 4025.99
28.4702 4025.9
28.4712 4025.81
28.4722 4025.72
28.4732 4025.64
28.4742 4025.55
28.4752 4025.46
28.4762 4025.38
28.4772 4025.29
28.4782 4025.2
28.4792 4025.11
28.4802 4025.03
28.4812 4024.94
28.4822 4024.85
28.4832 4024.76
28.4842 4024.68
28.4852 4024.59
28.4862 4024.5
28.4872 4024.42
28.4882 4024.33
28.4892 4024.24
28.4902 4024.15
28.4912 4024.07
28.4922 4023.98
28.4932 4023.89
28.4942 4023.81
28.4952 4023.72
28.4962 4023.63
28.4972 4023.54
28.4982 4023.46
28.4992 4023.37
28.5002 4023.28
28.5012 4023.19
28.5022 4023.11
28.5032 4023.02
28.5042 4022.93
28.5052 4022.85
28.5062 4022.76
28.5072 4022.67
28.5082 4022.58
28.5092 4022.5
28.5102 4022.41
28.5112 4022.32
28.5122 4022.23
28.5132 4022.15
28.5142 4022.06
28.5152 4021.97
28.5162 4021.89
28.5172 4021.8
28.5182 4021.71
28.5192 4021.62
28.5202 4021.54
28.5212 4021.45
28.5222 4021.36
28.5232 4021.28
28.5242 4021.19
28.5252 4021.1
28.5262 4021.01
28.5272 4020.93
28.5282 4020.84
28.5292 4020.75
28.5302 4020.66
28.5312 4020.58
28.5322 4020.49
28.5332 4020.4
28.5342 4020.32
28.5352 4020.23
28.5362 4020.14
28.5372 4020.05
28.5382 4019.97
28.5392 4019.88
28.5402 4019.79
28.5412 4019.7
28.5422 4019.62
28.5432 4019.53
28.5442 4019.44
28.5452 4019.36
28.5462 4019.27
28.5472 4019.18
28.5482 4019.09
28.5492 4019.01
28.5502 4018.92
28.5512 4018.83
28.5522 4018.75
28.5532 4018.66
28.5542 4018.57
28.5552 4018.48
28.5562 4018.4
28.5572 4018.31
28.5582 4018.22
28.5592 4018.13
28.5602 4018.05
28.5612 4017.96
28.5622 4017.87
28.5632 4017.79
28.5642 4017.7
28.5652 4017.61
28.5662 4017.52
28.5672 4017.44
28.5682 4017.35
28.5692 4017.26
28.5702 4017.17
28.5712 4017.09
28.5722 4017
28.5732 4016.91
28.5742 4016.83
28.5752 4016.74
28.5762 4016.65
28.5772 4016.56
28.5782 4016.48
28.5792 4016.39
28.5802 4016.3
28.5812 4016.22
28.5822 4016.13
28.5832 4016.04
28.5842 4015.95
28.5852 4015.87
28.5862 4015.78
28.5872 4015.69
28.5882 4015.6
28.5892 4015.52
28.5902 4015.43
28.5912 4015.34
28.5922 4015.26
28.5932 4015.17
28.5942 4015.08
28.5952 4014.99
28.5962 4014.91
28.5972 4014.82
28.5982 4014.73
28.5992 4014.65
28.6002 4014.56
28.6012 4014.47
28.6022 4014.38
28.6032 4014.3
28.6042 4014.21
28.6052 4014.12
28.6062 4014.03
28.6072 4013.95
28.6082 4013.86
28.6092 4013.77
28.6102 4013.69
28.6112 4013.6
28.6122 4013.51
28.6132 4013.42
28.6142 4013.34
28.6152 4013.25
28.6162 4013.16
28.6172 4013.08
28.6182 4012.99
28.6192 4012.9
28.6202 4012.81
28.6212 4012.73
28.6222 4012.64
28.6232 4012.55
28.6242 4012.46
28.6252 4012.38
28.6262 4012.29
28.6272 4012.2
28.6282 4012.12
28.6292 4012.03
28.6302 4011.94
28.6312 4011.85
28.6322 4011.77
28.6332 4011.68
28.6342 4011.59
28.6352 4011.51
28.6362 4011.42
28.6372 4011.33
28.6382 4011.24
28.6392 4011.16
28.6402 4011.07
28.6412 4010.98
28.6422 4010.89
28.6432 4010.81
28.6442 4010.72
28.6452 4010.63
28.6462 4010.55
28.6472 4010.46
28.6482 4010.37
28.6492 4010.28
28.6502 4010.2
28.6512 4010.11
28.6522 4010.02
28.6532 4009.94
28.6542 4009.85
28.6552 4009.76
28.6562 4009.67
28.6572 4009.59
28.6582 4009.5
28.6592 4009.41
28.6602 4009.32
28.6612 4009.24
28.6622 4009.15
28.6632 4009.06
28.6642 4008.98
28.6652 4008.89
28.6662 4008.8
28.6672 4008.71
28.6682 4008.63
28.6692 4008.54
28.6702 4008.45
28.6712 4008.37
28.6722 4008.28
28.6732 4008.19
28.6742 4008.1
28.6752 4008.02
28.6762 4007.93
28.6772 4007.84
28.6782 4007.75
28.6792 4007.67
28.6802 4007.58
28.6812 4007.49
28.6822 4007.41
28.6832 4007.32
28.6842 4007.23
28.6852 4007.14
28.6862 4007.06
28.6872 4006.97
28.6882 4006.88
28.6892 4006.8
28.6902 4006.71
28.6912 4006.62
28.6922 4006.53
28.6932 4006.45
28.6942 4006.36
28.6952 4006.27
28.6962 4006.19
28.6972 4006.1
28.6982 4006.01
28.6992 4005.92
28.7002 4005.84
28.7012 4005.75
28.7022 4005.66
28.7032 4005.57
28.7042 4005.49
28.7052 4005.4
28.7062 4005.31
28.7072 4005.23
28.7082 4005.14
28.7092 4005.05
28.7102 4004.96
28.7112 4004.88
28.7122 4004.79
28.7132 4004.7
28.7142 4004.62
28.7152 4004.53
28.7162 4004.44
28.7172 4004.35
28.7182 4004.27
28.7192 4004.18
28.7202 4004.09
28.7212 4004.01
28.7222 4003.92
28.7232 4003.83
28.7242 4003.74
28.7252 4003.66
28.7262 4003.57
28.7272 4003.48
28.7282 4003.39
28.7292 4003.31
28.7302 4003.22
28.7312 4003.13
28.7322 4003.05
28.7332 4002.96
28.7342 4002.87
28.7352 4002.78
28.7362 4002.7
28.7372 4002.61
28.7382 4002.52
28.7392 4002.44
28.7402 4002.35
28.7412 4002.26
28.7422 4002.17
28.7432 4002.09
28.7442 4002
28.7452 4001.91
28.7462 4001.82
28.7472 4001.74
28.7482 4001.65
28.7492 4001.56
28.7502 4001.48
28.7512 4001.39
28.7522 4001.3
28.7532 4001.21
28.7542 4001.13
28.7552 4001.04
28.7562 4000.95
28.7572 4000.87
28.7582 4000.78
28.7592 4000.69
28.7602 4000.6
28.7612 4000.52
28.7622 4000.43
28.7632 4000.34
28.7642 4000.26
28.7652 4000.17
28.7662 4000.08
28.7672 3999.99
28.7682 3999.91
28.7692 3999.82
28.7702 3999.73
28.7712 3999.65
28.7722 3999.56
28.7732 3999.47
28.7742 3999.38
28.7752 3999.3
28.7762 3999.21
28.7772 3999.12
28.7782 3999.03
28.7792 3998.95
28.7802 3998.86
28.7812 3998.77
28.7822 3998.69
28.7832 3998.6
28.7842 3998.51
28.7852 3998.42
28.7862 3998.34
28.7872 3998.25
28.7882 3998.16
28.7892 3998.08
28.7902 3997.99
28.7912 3997.9
28.7922 3997.81
28.7932 3997.73
28.7942 3997.64
28.7952 3997.55
28.7962 3997.47
28.7972 3997.38
28.7982 3997.29
28.7992 3997.2
28.8002 3997.12
28.8012 3997.03
28.8022 3996.94
28.8032 3996.85
28.8042 3996.77
28.8052 3996.68
28.8062 3996.59
28.8072 3996.51
28.8082 3996.42
28.8092 3996.33
28.8102 3996.24
28.8112 3996.16
28.8122 3996.07
28.8132 3995.98
28.8142 3995.9
28.8152 3995.81
28.8162 3995.72
28.8172 3995.63
28.8182 3995.55
28.8192 3995.46
28.8202 3995.37
28.8212 3995.29
28.8222 3995.2
28.8232 3995.11
28.8242 3995.02
28.8252 3994.94
28.8262 3994.85
28.8272 3994.76
28.8282 3994.68
28.8292 3994.59
28.8302 3994.5
28.8312 3994.41
28.8322 3994.33
28.8332 3994.24
28.8342 3994.15
28.8352 3994.07
28.8362 3993.98
28.8372 3993.89
28.8382 3993.8
28.8392 3993.72
28.8402 3993.63
28.8412 3993.54
28.8422 3993.45
28.8432 3993.37
28.8442 3993.28
28.8452 3993.19
28.8462 3993.11
28.8472 3993.02
28.8482 3992.93
28.8492 3992.84
28.8502 3992.76
28.8512 3992.67
28.8522 3992.58
28.8532 3992.5
28.8542 3992.41
28.8552 3992.32
28.8562 3992.23
28.8572 3992.15
28.8582 3992.06
28.8592 3991.97
28.8602 3991.89
28.8612 3991.8
28.8622 3991.71
28.8632 3991.62
28.8642 3991.54
28.8652 3991.45
28.8662 3991.36
28.8672 3991.28
28.8682 3991.19
28.8692 3991.1
28.8702 3991.01
28.8712 3990.93
28.8722 3990.84
28.8732 3990.75
28.8742 3990.67
28.8752 3990.58
28.8762 3990.49
28.8772 3990.4
28.8782 3990.32
28.8792 3990.23
28.8802 3990.14
28.8812 3990.05
28.8822 3989.97
28.8832 3989.88
28.8842 3989.79
28.8852 3989.71
28.8862 3989.62
28.8872 3989.53
28.8882 3989.44
28.8892 3989.36
28.8902 3989.27
28.8912 3989.18
28.8922 3989.1
28.8932 3989.01
28.8942 3988.92
28.8952 3988.83
28.8962 3988.75
28.8972 3988.66
28.8982 3988.57
28.8992 3988.49
28.9002 3988.4
28.9012 3988.31
28.9022 3988.22
28.9032 3988.14
28.9042 3988.05
28.9052 3987.96
28.9062 3987.88
28.9072 3987.79
28.9082 3987.7
28.9092 3987.61
28.9102 3987.53
28.9112 3987.44
28.9122 3987.35
28.9132 3987.27
28.9142 3987.18
28.9152 3987.09
28.9162 3987
28.9172 3986.92
28.9182 3986.83
28.9192 3986.74
28.9202 3986.66
28.9212 3986.57
28.9222 3986.48
28.9232 3986.39
28.9242 3986.31
28.9252 3986.22
28.9262 3986.13
28.9272 3986.05
28.9282 3985.96
28.9292 3985.87
28.9302 3985.78
28.9312 3985.7
28.9322 3985.61
28.9332 3985.52
28.9342 3985.44
28.9352 3985.35
28.9362 3985.26
28.9372 3985.17
28.9382 3985.09
28.9392 3985
28.9402 3984.91
28.9412 3984.83
28.9422 3984.74
28.9432 3984.65
28.9442 3984.56
28.9452 3984.48
28.9462 3984.39
28.9472 3984.3
28.9482 3984.22
28.9492 3984.13
28.9502 3984.04
28.9512 3983.95
28.9522 3983.87
28.9532 3983.78
28.9542 3983.69
28.9552 3983.61
28.9562 3983.52
28.9572 3983.43
28.9582 3983.34
28.9592 3983.26
28.9602 3983.17
28.9612 3983.08
28.9622 3982.99
28.9632 3982.91
28.9642 3982.82
28.9652 3982.73
28.9662 3982.65
28.9672 3982.56
28.9682 3982.47
28.9692 3982.38
28.9702 3982.3
28.9712 3982.21
28.9722 3982.12
28.9732 3982.04
28.9742 3981.95
28.9752 3981.86
28.9762 3981.77
28.9772 3981.69
28.9782 3981.6
28.9792 3981.51
28.9802 3981.43
28.9812 3981.34
28.9822 3981.25
28.9832 3981.16
28.9842 3981.08
28.9852 3980.99
28.9862 3980.9
28.9872 3980.82
28.9882 3980.73
28.9892 3980.64
28.9902 3980.55
28.9912 3980.47
28.9922 3980.38
28.9932 3980.29
28.9942 3980.21
28.9952 3980.12
28.9962 3980.03
28.9972 3979.94
28.9982 3979.86
28.9992 3979.77
29.0002 3979.68
29.0012 3979.6
29.0022 3979.51
29.0032 3979.42
29.0042 3979.33
29.0052 3979.25
29.0062 3979.16
29.0072 3979.07
29.0082 3978.99
29.0092 3978.9
29.0102 3978.81
29.0112 3978.72
29.0122 3978.64
29.0132 3978.55
29.0142 3978.46
29.0152 3978.38
29.0162 3978.29
29.0172 3978.2
29.0182 3978.11
29.0192 3978.03
29.0202 3977.94
29.0212 3977.85
29.0222 3977.77
29.0232 3977.68
29.0242 3977.59
29.0252 3977.5
29.0262 3977.42
29.0272 3977.33
29.0282 3977.24
29.0292 3977.16
29.0302 3977.07
29.0312 3976.98
29.0322 3976.9
29.0332 3976.81
29.0342 3976.72
29.0352 3976.63
29.0362 3976.55
29.0372 3976.46
29.0382 3976.37
29.0392 3976.29
29.0402 3976.2
29.0412 3976.11
29.0422 3976.02
29.0432 3975.94
29.0442 3975.85
29.0452 3975.76
29.0462 3975.68
29.0472 3975.59
29.0482 3975.5
29.0492 3975.41
29.0502 3975.33
29.0512 3975.24
29.0522 3975.15
29.0532 3975.07
29.0542 3974.98
29.0552 3974.89
29.0562 3974.8
29.0572 3974.72
29.0582 3974.63
29.0592 3974.54
29.0602 3974.46
29.0612 3974.37
29.0622 3974.28
29.0632 3974.19
29.0642 3974.11
29.0652 3974.02
29.0662 3973.93
29.0672 3973.85
29.0682 3973.76
29.0692 3973.67
29.0702 3973.58
29.0712 3973.5
29.0722 3973.41
29.0732 3973.32
29.0742 3973.24
29.0752 3973.15
29.0762 3973.06
29.0772 3972.97
29.0782 3972.89
29.0792 3972.8
29.0802 3972.71
29.0812 3972.63
29.0822 3972.54
29.0832 3972.45
29.0842 3972.36
29.0852 3972.28
29.0862 3972.19
29.0872 3972.1
29.0882 3972.02
29.0892 3971.93
29.0902 3971.84
29.0912 3971.75
29.0922 3971.67
29.0932 3971.58
29.0942 3971.49
29.0952 3971.41
29.0962 3971.32
29.0972 3971.23
29.0982 3971.14
29.0992 3971.06
29.1002 3970.97
29.1012 3970.88
29.1022 3970.8
29.1032 3970.71
29.1042 3970.62
29.1052 3970.54
29.1062 3970.45
29.1072 3970.36
29.1082 3970.27
29.1092 3970.19
29.1102 3970.1
29.1112 3970.01
29.1122 3969.93
29.1132 3969.84
29.1142 3969.75
29.1152 3969.66
29.1162 3969.58
29.1172 3969.49
29.1182 3969.4
29.1192 3969.32
29.1202 3969.23
29.1212 3969.14
29.1222 3969.05
29.1232 3968.97
29.1242 3968.88
29.1252 3968.79
29.1262 3968.71
29.1272 3968.62
29.1282 3968.53
29.1292 3968.44
29.1302 3968.36
29.1312 3968.27
29.1322 3968.18
29.1332 3968.1
29.1342 3968.01
29.1352 3967.92
29.1362 3967.83
29.1372 3967.75
29.1382 3967.66
29.1392 3967.57
29.1402 3967.49
29.1412 3967.4
29.1422 3967.31
29.1432 3967.22
29.1442 3967.14
29.1452 3967.05
29.1462 3966.96
29.1472 3966.88
29.1482 3966.79
29.1492 3966.7
29.1502 3966.62
29.1512 3966.53
29.1522 3966.44
29.1532 3966.35
29.1542 3966.27
29.1552 3966.18
29.1562 3966.09
29.1572 3966.01
29.1582 3965.92
29.1592 3965.83
29.1602 3965.74
29.1612 3965.66
29.1622 3965.57
29.1632 3965.48
29.1642 3965.4
29.1652 3965.31
29.1662 3965.22
29.1672 3965.13
29.1682 3965.05
29.1692 3964.96
29.1702 3964.87
29.1712 3964.79
29.1722 3964.7
29.1732 3964.61
29.1742 3964.52
29.1752 3964.44
29.1762 3964.35
29.1772 3964.26
29.1782 3964.18
29.1792 3964.09
29.1802 3964
29.1812 3963.92
29.1822 3963.83
29.1832 3963.74
29.1842 3963.65
29.1852 3963.57
29.1862 3963.48
29.1872 3963.39
29.1882 3963.31
29.1892 3963.22
29.1902 3963.13
29.1912 3963.04
29.1922 3962.96
29.1932 3962.87
29.1942 3962.78
29.1952 3962.7
29.1962 3962.61
29.1972 3962.52
29.1982 3962.43
29.1992 3962.35
29.2002 3962.26
29.2012 3962.17
29.2022 3962.09
29.2032 3962
29.2042 3961.91
29.2052 3961.83
29.2062 3961.74
29.2072 3961.65
29.2082 3961.56
29.2092 3961.48
29.2102 3961.39
29.2112 3961.3
29.2122 3961.22
29.2132 3961.13
29.2142 3961.04
29.2152 3960.95
29.2162 3960.87
29.2172 3960.78
29.2182 3960.69
29.2192 3960.61
29.2202 3960.52
29.2212 3960.43
29.2222 3960.34
29.2232 3960.26
29.2242 3960.17
29.2252 3960.08
29.2262 3960
29.2272 3959.91
29.2282 3959.82
29.2292 3959.74
29.2302 3959.65
29.2312 3959.56
29.2322 3959.47
29.2332 3959.39
29.2342 3959.3
29.2352 3959.21
29.2362 3959.13
29.2372 3959.04
29.2382 3958.95
29.2392 3958.86
29.2402 3958.78
29.2412 3958.69
29.2422 3958.6
29.2432 3958.52
29.2442 3958.43
29.2452 3958.34
29.2462 3958.25
29.2472 3958.17
29.2482 3958.08
29.2492 3957.99
29.2502 3957.91
29.2512 3957.82
29.2522 3957.73
29.2532 3957.65
29.2542 3957.56
29.2552 3957.47
29.2562 3957.38
29.2572 3957.3
29.2582 3957.21
29.2592 3957.12
29.2602 3957.04
29.2612 3956.95
29.2622 3956.86
29.2632 3956.77
29.2642 3956.69
29.2652 3956.6
29.2662 3956.51
29.2672 3956.43
29.2682 3956.34
29.2692 3956.25
29.2702 3956.17
29.2712 3956.08
29.2722 3955.99
29.2732 3955.9
29.2742 3955.82
29.2752 3955.73
29.2762 3955.64
29.2772 3955.56
29.2782 3955.47
29.2792 3955.38
29.2802 3955.29
29.2812 3955.21
29.2822 3955.12
29.2832 3955.03
29.2842 3954.95
29.2852 3954.86
29.2862 3954.77
29.2872 3954.69
29.2882 3954.6
29.2892 3954.51
29.2902 3954.42
29.2912 3954.34
29.2922 3954.25
29.2932 3954.16
29.2942 3954.08
29.2952 3953.99
29.2962 3953.9
29.2972 3953.81
29.2982 3953.73
29.2992 3953.64
29.3002 3953.55
29.3012 3953.47
29.3022 3953.38
29.3032 3953.29
29.3042 3953.21
29.3052 3953.12
29.3062 3953.03
29.3072 3952.94
29.3082 3952.86
29.3092 3952.77
29.3102 3952.68
29.3112 3952.6
29.3122 3952.51
29.3132 3952.42
29.3142 3952.33
29.3152 3952.25
29.3162 3952.16
29.3172 3952.07
29.3182 3951.99
29.3192 3951.9
29.3202 3951.81
29.3212 3951.73
29.3222 3951.64
29.3232 3951.55
29.3242 3951.46
29.3252 3951.38
29.3262 3951.29
29.3272 3951.2
29.3282 3951.12
29.3292 3951.03
29.3302 3950.94
29.3312 3950.85
29.3322 3950.77
29.3332 3950.68
29.3342 3950.59
29.3352 3950.51
29.3362 3950.42
29.3372 3950.33
29.3382 3950.25
29.3392 3950.16
29.3402 3950.07
29.3412 3949.98
29.3422 3949.9
29.3432 3949.81
29.3442 3949.72
29.3452 3949.64
29.3462 3949.55
29.3472 3949.46
29.3482 3949.38
29.3492 3949.29
29.3502 3949.2
29.3512 3949.11
29.3522 3949.03
29.3532 3948.94
29.3542 3948.85
29.3552 3948.77
29.3562 3948.68
29.3572 3948.59
29.3582 3948.5
29.3592 3948.42
29.3602 3948.33
29.3612 3948.24
29.3622 3948.16
29.3632 3948.07
29.3642 3947.98
29.3652 3947.9
29.3662 3947.81
29.3672 3947.72
29.3682 3947.63
29.3692 3947.55
29.3702 3947.46
29.3712 3947.37
29.3722 3947.29
29.3732 3947.2
29.3742 3947.11
29.3752 3947.03
29.3762 3946.94
29.3772 3946.85
29.3782 3946.76
29.3792 3946.68
29.3802 3946.59
29.3812 3946.5
29.3822 3946.42
29.3832 3946.33
29.3842 3946.24
29.3852 3946.16
29.3862 3946.07
29.3872 3945.98
29.3882 3945.89
29.3892 3945.81
29.3902 3945.72
29.3912 3945.63
29.3922 3945.55
29.3932 3945.46
29.3942 3945.37
29.3952 3945.28
29.3962 3945.2
29.3972 3945.11
29.3982 3945.02
29.3992 3944.94
29.4002 3944.85
29.4012 3944.76
29.4022 3944.68
29.4032 3944.59
29.4042 3944.5
29.4052 3944.41
29.4062 3944.33
29.4072 3944.24
29.4082 3944.15
29.4092 3944.07
29.4102 3943.98
29.4112 3943.89
29.4122 3943.81
29.4132 3943.72
29.4142 3943.63
29.4152 3943.54
29.4162 3943.46
29.4172 3943.37
29.4182 3943.28
29.4192 3943.2
29.4202 3943.11
29.4212 3943.02
29.4222 3942.94
29.4232 3942.85
29.4242 3942.76
29.4252 3942.67
29.4262 3942.59
29.4272 3942.5
29.4282 3942.41
29.4292 3942.33
29.4302 3942.24
29.4312 3942.15
29.4322 3942.07
29.4332 3941.98
29.4342 3941.89
29.4352 3941.8
29.4362 3941.72
29.4372 3941.63
29.4382 3941.54
29.4392 3941.46
29.4402 3941.37
29.4412 3941.28
29.4422 3941.2
29.4432 3941.11
29.4442 3941.02
29.4452 3940.93
29.4462 3940.85
29.4472 3940.76
29.4482 3940.67
29.4492 3940.59
29.4502 3940.5
29.4512 3940.41
29.4522 3940.33
29.4532 3940.24
29.4542 3940.15
29.4552 3940.06
29.4562 3939.98
29.4572 3939.89
29.4582 3939.8
29.4592 3939.72
29.4602 3939.63
29.4612 3939.54
29.4622 3939.46
29.4632 3939.37
29.4642 3939.28
29.4652 3939.19
29.4662 3939.11
29.4672 3939.02
29.4682 3938.93
29.4692 3938.85
29.4702 3938.76
29.4712 3938.67
29.4722 3938.59
29.4732 3938.5
29.4742 3938.41
29.4752 3938.32
29.4762 3938.24
29.4772 3938.15
29.4782 3938.06
29.4792 3937.98
29.4802 3937.89
29.4812 3937.8
29.4822 3937.72
29.4832 3937.63
29.4842 3937.54
29.4852 3937.45
29.4862 3937.37
29.4872 3937.28
29.4882 3937.19
29.4892 3937.11
29.4902 3937.02
29.4912 3936.93
29.4922 3936.85
29.4932 3936.76
29.4942 3936.67
29.4952 3936.58
29.4962 3936.5
29.4972 3936.41
29.4982 3936.32
29.4992 3936.24
29.5002 3936.15
29.5012 3936.06
29.5022 3935.98
29.5032 3935.89
29.5042 3935.8
29.5052 3935.71
29.5062 3935.63
29.5072 3935.54
29.5082 3935.45
29.5092 3935.37
29.5102 3935.28
29.5112 3935.19
29.5122 3935.11
29.5132 3935.02
29.5142 3934.93
29.5152 3934.84
29.5162 3934.76
29.5172 3934.67
29.5182 3934.58
29.5192 3934.5
29.5202 3934.41
29.5212 3934.32
29.5222 3934.24
29.5232 3934.15
29.5242 3934.06
29.5252 3933.97
29.5262 3933.89
29.5272 3933.8
29.5282 3933.71
29.5292 3933.63
29.5302 3933.54
29.5312 3933.45
29.5322 3933.37
29.5332 3933.28
29.5342 3933.19
29.5352 3933.1
29.5362 3933.02
29.5372 3932.93
29.5382 3932.84
29.5392 3932.76
29.5402 3932.67
29.5412 3932.58
29.5422 3932.5
29.5432 3932.41
29.5442 3932.32
29.5452 3932.24
29.5462 3932.15
29.5472 3932.06
29.5482 3931.97
29.5492 3931.89
29.5502 3931.8
29.5512 3931.71
29.5522 3931.63
29.5532 3931.54
29.5542 3931.45
29.5552 3931.37
29.5562 3931.28
29.5572 3931.19
29.5582 3931.1
29.5592 3931.02
29.5602 3930.93
29.5612 3930.84
29.5622 3930.76
29.5632 3930.67
29.5642 3930.58
29.5652 3930.5
29.5662 3930.41
29.5672 3930.32
29.5682 3930.24
29.5692 3930.15
29.5702 3930.06
29.5712 3929.97
29.5722 3929.89
29.5732 3929.8
29.5742 3929.71
29.5752 3929.63
29.5762 3929.54
29.5772 3929.45
29.5782 3929.37
29.5792 3929.28
29.5802 3929.19
29.5812 3929.1
29.5822 3929.02
29.5832 3928.93
29.5842 3928.84
29.5852 3928.76
29.5862 3928.67
29.5872 3928.58
29.5882 3928.5
29.5892 3928.41
29.5902 3928.32
29.5912 3928.24
29.5922 3928.15
29.5932 3928.06
29.5942 3927.97
29.5952 3927.89
29.5962 3927.8
29.5972 3927.71
29.5982 3927.63
29.5992 3927.54
29.6002 3927.45
29.6012 3927.37
29.6022 3927.28
29.6032 3927.19
29.6042 3927.1
29.6052 3927.02
29.6062 3926.93
29.6072 3926.84
29.6082 3926.76
29.6092 3926.67
29.6102 3926.58
29.6112 3926.5
29.6122 3926.41
29.6132 3926.32
29.6142 3926.24
29.6152 3926.15
29.6162 3926.06
29.6172 3925.97
29.6182 3925.89
29.6192 3925.8
29.6202 3925.71
29.6212 3925.63
29.6222 3925.54
29.6232 3925.45
29.6242 3925.37
29.6252 3925.28
29.6262 3925.19
29.6272 3925.11
29.6282 3925.02
29.6292 3924.93
29.6302 3924.84
29.6312 3924.76
29.6322 3924.67
29.6332 3924.58
29.6342 3924.5
29.6352 3924.41
29.6362 3924.32
29.6372 3924.24
29.6382 3924.15
29.6392 3924.06
29.6402 3923.97
29.6412 3923.89
29.6422 3923.8
29.6432 3923.71
29.6442 3923.63
29.6452 3923.54
29.6462 3923.45
29.6472 3923.37
29.6482 3923.28
29.6492 3923.19
29.6502 3923.11
29.6512 3923.02
29.6522 3922.93
29.6532 3922.84
29.6542 3922.76
29.6552 3922.67
29.6562 3922.58
29.6572 3922.5
29.6582 3922.41
29.6592 3922.32
29.6602 3922.24
29.6612 3922.15
29.6622 3922.06
29.6632 3921.98
29.6642 3921.89
29.6652 3921.8
29.6662 3921.71
29.6672 3921.63
29.6682 3921.54
29.6692 3921.45
29.6702 3921.37
29.6712 3921.28
29.6722 3921.19
29.6732 3921.11
29.6742 3921.02
29.6752 3920.93
29.6762 3920.85
29.6772 3920.76
29.6782 3920.67
29.6792 3920.58
29.6802 3920.5
29.6812 3920.41
29.6822 3920.32
29.6832 3920.24
29.6842 3920.15
29.6852 3920.06
29.6862 3919.98
29.6872 3919.89
29.6882 3919.8
29.6892 3919.72
29.6902 3919.63
29.6912 3919.54
29.6922 3919.45
29.6932 3919.37
29.6942 3919.28
29.6952 3919.19
29.6962 3919.11
29.6972 3919.02
29.6982 3918.93
29.6992 3918.85
29.7002 3918.76
29.7012 3918.67
29.7022 3918.59
29.7032 3918.5
29.7042 3918.41
29.7052 3918.33
29.7062 3918.24
29.7072 3918.15
29.7082 3918.06
29.7092 3917.98
29.7102 3917.89
29.7112 3917.8
29.7122 3917.72
29.7132 3917.63
29.7142 3917.54
29.7152 3917.46
29.7162 3917.37
29.7172 3917.28
29.7182 3917.2
29.7192 3917.11
29.7202 3917.02
29.7212 3916.93
29.7222 3916.85
29.7232 3916.76
29.7242 3916.67
29.7252 3916.59
29.7262 3916.5
29.7272 3916.41
29.7282 3916.33
29.7292 3916.24
29.7302 3916.15
29.7312 3916.07
29.7322 3915.98
29.7332 3915.89
29.7342 3915.8
29.7352 3915.72
29.7362 3915.63
29.7372 3915.54
29.7382 3915.46
29.7392 3915.37
29.7402 3915.28
29.7412 3915.2
29.7422 3915.11
29.7432 3915.02
29.7442 3914.94
29.7452 3914.85
29.7462 3914.76
29.7472 3914.68
29.7482 3914.59
29.7492 3914.5
29.7502 3914.41
29.7512 3914.33
29.7522 3914.24
29.7532 3914.15
29.7542 3914.07
29.7552 3913.98
29.7562 3913.89
29.7572 3913.81
29.7582 3913.72
29.7592 3913.63
29.7602 3913.55
29.7612 3913.46
29.7622 3913.37
29.7632 3913.29
29.7642 3913.2
29.7652 3913.11
29.7662 3913.02
29.7672 3912.94
29.7682 3912.85
29.7692 3912.76
29.7702 3912.68
29.7712 3912.59
29.7722 3912.5
29.7732 3912.42
29.7742 3912.33
29.7752 3912.24
29.7762 3912.16
29.7772 3912.07
29.7782 3911.98
29.7792 3911.89
29.7802 3911.81
29.7812 3911.72
29.7822 3911.63
29.7832 3911.55
29.7842 3911.46
29.7852 3911.37
29.7862 3911.29
29.7872 3911.2
29.7882 3911.11
29.7892 3911.03
29.7902 3910.94
29.7912 3910.85
29.7922 3910.77
29.7932 3910.68
29.7942 3910.59
29.7952 3910.5
29.7962 3910.42
29.7972 3910.33
29.7982 3910.24
29.7992 3910.16
29.8002 3910.07
29.8012 3909.98
29.8022 3909.9
29.8032 3909.81
29.8042 3909.72
29.8052 3909.64
29.8062 3909.55
29.8072 3909.46
29.8082 3909.38
29.8092 3909.29
29.8102 3909.2
29.8112 3909.12
29.8122 3909.03
29.8132 3908.94
29.8142 3908.85
29.8152 3908.77
29.8162 3908.68
29.8172 3908.59
29.8182 3908.51
29.8192 3908.42
29.8202 3908.33
29.8212 3908.25
29.8222 3908.16
29.8232 3908.07
29.8242 3907.99
29.8252 3907.9
29.8262 3907.81
29.8272 3907.73
29.8282 3907.64
29.8292 3907.55
29.8302 3907.46
29.8312 3907.38
29.8322 3907.29
29.8332 3907.2
29.8342 3907.12
29.8352 3907.03
29.8362 3906.94
29.8372 3906.86
29.8382 3906.77
29.8392 3906.68
29.8402 3906.6
29.8412 3906.51
29.8422 3906.42
29.8432 3906.34
29.8442 3906.25
29.8452 3906.16
29.8462 3906.08
29.8472 3905.99
29.8482 3905.9
29.8492 3905.81
29.8502 3905.73
29.8512 3905.64
29.8522 3905.55
29.8532 3905.47
29.8542 3905.38
29.8552 3905.29
29.8562 3905.21
29.8572 3905.12
29.8582 3905.03
29.8592 3904.95
29.8602 3904.86
29.8612 3904.77
29.8622 3904.69
29.8632 3904.6
29.8642 3904.51
29.8652 3904.43
29.8662 3904.34
29.8672 3904.25
29.8682 3904.16
29.8692 3904.08
29.8702 3903.99
29.8712 3903.9
29.8722 3903.82
29.8732 3903.73
29.8742 3903.64
29.8752 3903.56
29.8762 3903.47
29.8772 3903.38
29.8782 3903.3
29.8792 3903.21
29.8802 3903.12
29.8812 3903.04
29.8822 3902.95
29.8832 3902.86
29.8842 3902.78
29.8852 3902.69
29.8862 3902.6
29.8872 3902.51
29.8882 3902.43
29.8892 3902.34
29.8902 3902.25
29.8912 3902.17
29.8922 3902.08
29.8932 3901.99
29.8942 3901.91
29.8952 3901.82
29.8962 3901.73
29.8972 3901.65
29.8982 3901.56
29.8992 3901.47
29.9002 3901.39
29.9012 3901.3
29.9022 3901.21
29.9032 3901.13
29.9042 3901.04
29.9052 3900.95
29.9062 3900.87
29.9072 3900.78
29.9082 3900.69
29.9092 3900.6
29.9102 3900.52
29.9112 3900.43
29.9122 3900.34
29.9132 3900.26
29.9142 3900.17
29.9152 3900.08
29.9162 3900
29.9172 3899.91
29.9182 3899.82
29.9192 3899.74
29.9202 3899.65
29.9212 3899.56
29.9222 3899.48
29.9232 3899.39
29.9242 3899.3
29.9252 3899.22
29.9262 3899.13
29.9272 3899.04
29.9282 3898.96
29.9292 3898.87
29.9302 3898.78
29.9312 3898.69
29.9322 3898.61
29.9332 3898.52
29.9342 3898.43
29.9352 3898.35
29.9362 3898.26
29.9372 3898.17
29.9382 3898.09
29.9392 3898
29.9402 3897.91
29.9412 3897.83
29.9422 3897.74
29.9432 3897.65
29.9442 3897.57
29.9452 3897.48
29.9462 3897.39
29.9472 3897.31
29.9482 3897.22
29.9492 3897.13
29.9502 3897.05
29.9512 3896.96
29.9522 3896.87
29.9532 3896.78
29.9542 3896.7
29.9552 3896.61
29.9562 3896.52
29.9572 3896.44
29.9582 3896.35
29.9592 3896.26
29.9602 3896.18
29.9612 3896.09
29.9622 3896
29.9632 3895.92
29.9642 3895.83
29.9652 3895.74
29.9662 3895.66
29.9672 3895.57
29.9682 3895.48
29.9692 3895.4
29.9702 3895.31
29.9712 3895.22
29.9722 3895.14
29.9732 3895.05
29.9742 3894.96
29.9752 3894.88
29.9762 3894.79
29.9772 3894.7
29.9782 3894.61
29.9792 3894.53
29.9802 3894.44
29.9812 3894.35
29.9822 3894.27
29.9832 3894.18
29.9842 3894.09
29.9852 3894.01
29.9862 3893.92
29.9872 3893.83
29.9882 3893.75
29.9892 3893.66
29.9902 3893.57
29.9912 3893.49
29.9922 3893.4
29.9932 3893.31
29.9942 3893.23
29.9952 3893.14
29.9962 3893.05
29.9972 3892.97
29.9982 3892.88
29.9992 3892.79
